time,altitude,velocity,mass,fuel_mass,thrust,thrust_command,filtered_altitude,filtered_velocity,measured_altitude,measured_velocity
0.0,1000.0,-30.0,1200.0,200.0,0.0,0.0,1000.0248357076506,-30.004147929035135,1000.2483570765056,-30.041479290351354
0.01,999.699919,-30.0162,1200.0,200.0,0.0,1958.5310781124467,1000.0247284637906,-29.959662240439382,1000.0237632690504,-29.559291043077593
0.02,999.399676,-30.032400000000003,1200.0,200.0,0.0,1958.4488235531978,999.9505155486753,-29.973960125103922,999.2825993126384,-30.102641087084756
0.03,999.0992709999999,-30.048600000000004,1200.0,200.0,0.0,1958.6025136021758,999.9443517345832,-29.958401070718942,999.8888774077536,-29.81836958125413
0.04,998.7987039999999,-30.064800000000005,1200.0,200.0,0.0,1958.563978597955,999.8063132418281,-29.95276416233947,998.5639668070324,-29.902031986924214
0.05,998.4979749999999,-30.081000000000007,1200.0,200.0,0.0,1958.6099571999387,999.6523085330047,-29.979559638712633,998.2662661535936,-30.220718926071083
0.060000000000000005,998.1970839999999,-30.097200000000008,1200.0,200.0,0.0,1958.7171992672693,999.5188841932825,-30.048722082181104,998.318065135783,-30.67118407339735
0.07,997.8960309999999,-30.11340000000001,1200.0,200.0,0.0,1958.8655631452762,999.2703529823285,-30.072058499840224,997.0335720837434,-30.282086258772303
0.08,997.5948159999998,-30.12960000000001,1200.0,200.0,0.0,1958.814651360987,999.052157728079,-30.068385229878345,997.0884004398326,-30.03532580022143
0.09,997.2934389999998,-30.145800000000012,1200.0,200.0,0.0,1958.7878637359938,998.8308846514951,-30.118495817930572,996.8394269622393,-30.569491110400598
0.09999999999999999,996.9918999999998,-30.162000000000013,1200.0,200.0,0.0,1958.949605241866,998.7202686247916,-30.129619525152112,997.7247243844605,-30.229732890145975
0.10999999999999999,996.6901989999998,-30.178200000000015,1200.0,200.0,0.0,1958.9063229533408,998.5206380725468,-30.177220018223306,996.7239631023438,-30.605624455864053
0.11999999999999998,996.3883359999998,-30.194400000000016,1200.0,200.0,0.0,1959.0322539915937,998.2801887290659,-30.17561033870968,996.1161446377372,-30.161123223087056
0.12999999999999998,996.0863109999997,-30.210600000000017,1200.0,200.0,0.0,1958.962204417006,998.0032512772882,-30.167838364288343,995.5108142112886,-30.097890594496317
0.13999999999999999,995.7841239999997,-30.22680000000002,1200.0,200.0,0.0,1958.9751616783442,997.7513066150634,-30.18248534035331,995.4838046550403,-30.314308124938
0.15,995.4817749999996,-30.24300000000002,1200.0,200.0,0.0,1959.0565055526897,997.4942681229456,-30.132968460782713,995.1809216938849,-29.687316544647338
0.16,995.1792639999996,-30.25920000000002,1200.0,200.0,0.0,1958.932552370094,997.2620928494141,-30.177322942573124,995.1725153876307,-30.576513278686793
0.17,994.8765909999996,-30.275400000000023,1200.0,200.0,0.0,1959.171649656654,997.0646699100778,-30.223755957814944,995.2878634560512,-30.64165309499133
0.18000000000000002,994.5737559999995,-30.291600000000024,1200.0,200.0,0.0,1959.2282469871354,996.8260216988201,-30.289330465749845,994.6781877975019,-30.879501037163955
0.19000000000000003,994.2707589999995,-30.307800000000025,1200.0,200.0,0.0,1959.3286065569548,996.5040861264931,-30.28527158209879,993.6066659755503,-30.248741629239287
0.20000000000000004,993.9675999999995,-30.324000000000026,1200.0,200.0,0.0,1959.2165956035394,996.2873608428436,-30.284003375453214,994.3368332899972,-30.272589515643034
0.21000000000000005,993.6642873333328,-30.33853333333336,1199.9993204213388,199.99932042133878,200.0,1959.250826857603,996.019271077773,-30.298489482108906,993.6064631921387,-30.428864442010145
0.22000000000000006,993.3608376666756,-30.351399998112306,1199.9979612640163,199.99796126401634,400.0,1959.3177761095842,995.6795016371449,-30.32537585996109,992.6215766714919,-30.567353260630718
0.23000000000000007,993.057267666737,-30.362599989617557,1199.9959225280327,199.99592252803268,600.0,1959.383143381901,995.3942463015561,-30.297384606140167,992.826948281257,-30.045463321751882
0.24000000000000007,992.7535940002873,-30.37213330029819,1199.9932042133878,199.9932042133878,800.0,1959.2853871239568,995.1473619859077,-30.357750680216853,992.9254031450715,-30.90104534690701
0.25000000000000006,992.449833334187,-30.379999919771628,1199.9898063200817,199.9898063200817,1000.0,1959.517238897746,994.8938133192054,-30.37152807258482,992.6118753188845,-30.495524603896524
0.26000000000000006,992.146002335414,-30.38619983482357,1199.9857288481144,199.98572884811438,1200.0,1959.4548171714293,994.5851861208109,-30.354644960143467,991.807541335261,-30.20269694817131
0.2700000000000001,991.8421176710929,-30.390733029407944,1199.9809717974858,199.98097179748584,1400.0,1959.4078037459628,994.3624292519639,-30.33031536349643,992.3576174323408,-30.111348993673083
0.2800000000000001,991.5381960085225,-30.393599484646785,1199.975535168196,199.97553516819607,1600.0,1959.4023698725734,994.0380450514588,-30.345920146887003,991.1185872469111,-30.48636319740215
0.2900000000000001,991.2342540152051,-30.39479917883015,1199.969418960245,199.9694189602451,1800.0,1959.5105796050414,993.7742291194036,-30.32154169626765,991.3998857309069,-30.102135640693444
0.3000000000000001,990.9303066483972,-30.394674182757008,1199.9627626584943,199.96276265849428,1958.949605241866,1959.4378371965277,993.4658781604107,-30.334424714216503,990.6907195294746,-30.450371875756154
0.3100000000000001,990.6263605301993,-30.394549456824567,1199.9561065038122,199.95610650381218,1958.9063229533408,1959.5373528585164,993.1266096486893,-30.37632338719973,990.0731930431963,-30.75341144404877
0.3200000000000001,990.3224156649609,-30.394423590875192,1199.9494499212299,199.94944992122987,1959.0322539915937,1959.6349268578788,992.8868165414362,-30.33744620671015,990.728678576158,-29.987551582303944
0.3300000000000001,990.0184720559159,-30.394298218130984,1199.9427935766685,199.94279357666846,1958.962204417006,1959.4724903431118,992.5963815868053,-30.313025420915473,989.9824669951257,-30.09323834876338
0.34000000000000014,989.7145297015911,-30.394172646844048,1199.9361371880798,199.93613718807978,1958.9751616783442,1959.5077224868357,992.3262781995362,-30.340493736146485,989.8953477141149,-30.587708573225584
0.35000000000000014,989.4105886068214,-30.394046307092804,1199.9294805230932,199.92948052309316,1959.0565055526897,1959.6437919907248,992.0527790205402,-30.29970789624714,989.5912864095757,-29.932635337153013
0.36000000000000015,989.106648770737,-30.39392090977432,1199.9228242792863,199.92282427928626,1958.932552370094,1959.5054066711325,991.7563746936044,-30.262189887925437,989.0887357511821,-29.924527813030117
0.37000000000000016,988.8027101990417,-30.39379342928962,1199.9161672230523,199.9161672230523,1959.171649656654,1959.5116624050477,991.3300209889437,-30.2506931669306,987.4928376469968,-30.14722267797705
0.38000000000000017,988.4987729049626,-30.393665386543756,1199.9095099745066,199.9095099745066,1959.2282469871354,1959.576422881272,991.0512485339575,-30.27396060940589,988.5422964390817,-30.483367591683518
0.3900000000000002,988.1948368959459,-30.393536416815042,1199.9028523849497,199.9028523849497,1959.3286065569548,1959.6760741474152,990.7701954089831,-30.34554525758483,988.2407172842136,-30.98980709119531
0.4000000000000002,987.8909021724119,-30.393408289986198,1199.8961951759943,199.8961951759943,1959.2165956035394,1959.8270611330872,990.4712824909342,-30.339618183679615,987.7810662284932,-30.286274518532675
0.4100000000000002,987.5869687320255,-30.39327978728126,1199.8895378507248,199.88953785072476,1959.250826857603,1959.6876290916425,990.2567458172805,-30.36053245058799,988.3259157543963,-30.54876085276335
0.4200000000000002,987.2830365799091,-30.393150636019392,1199.8828802979688,199.88288029796877,1959.3177761095842,1959.7703445722377,989.9189502133987,-30.378846980438666,986.8787897784625,-30.543677749094755
0.4300000000000002,986.9791057224821,-30.393020849374754,1199.8762225231017,199.87622252310166,1959.383143381901,1959.7928959745634,989.6707358701922,-30.370401834042486,987.4368067813332,-30.294395516476847
0.4400000000000002,986.675176159301,-30.392891786840252,1199.8695650804,199.86956508039998,1959.2853871239568,1959.7537388554208,989.3446918889148,-30.357252806328862,986.4102960574176,-30.238911556906245
0.45000000000000023,986.3712478968599,-30.392760701396256,1199.8629068498906,199.86290684989058,1959.517238897746,1959.7563287745588,989.0522013671766,-30.331744246119616,986.419786671534,-30.102167204236387
0.46000000000000024,986.0673209431251,-30.39263004556895,1199.8562488314835,199.85624883148353,1959.4548171714293,1959.737400840284,988.7186106700776,-30.347662690462485,985.7162943961864,-30.49092868954828
0.47000000000000025,985.7633952944425,-30.3924996909481,1199.849590972823,199.84959097282308,1959.4078037459628,1959.8467757444307,988.4034837248576,-30.39605183895501,985.5673412178764,-30.831554175387737
0.48000000000000026,985.4594709495327,-30.392369290999522,1199.8429331326265,199.8429331326265,1959.4023698725734,1959.954522047785,988.1238884611782,-30.387851925994067,985.607531088065,-30.314052709345557
0.49000000000000027,985.1555479135849,-30.39223789856894,1199.8362749247447,199.83627492474466,1959.5105796050414,1959.8558461192054,987.8273100792511,-30.39532813725281,985.1581046419061,-30.462614038581485
0.5000000000000002,984.8516261889831,-30.39210702178061,1199.829616964034,199.8296169640339,1959.4378371965277,1959.9095455046427,987.4589731531217,-30.407625385388553,984.1439408179579,-30.51830061861022
0.5100000000000002,984.5477057777495,-30.39197522495585,1199.8229586651794,199.82295866517939,1959.5373528585164,1959.9439579314985,987.1507106897582,-30.430128687421934,984.3763485194861,-30.632658405722335
0.5200000000000002,984.2437866890033,-30.391842524262756,1199.8163000347788,199.8163000347788,1959.6349268578788,1959.9942653748537,986.8519540040994,-30.414178545401583,984.1631438331702,-30.270627267218394
0.5300000000000002,983.9398689209481,-30.391711086772816,1199.8096419563203,199.80964195632032,1959.4724903431118,1959.9280106130323,986.6550547908448,-30.406694465153752,984.8829618715534,-30.339337742923263
0.5400000000000003,983.6359524691893,-30.39157926500739,1199.8029837581466,199.80298375814664,1959.5077224868357,1959.959821303816,986.3660220782155,-30.407416322612104,983.7647276645507,-30.413913039737242
0.5500000000000003,983.3320373417718,-30.39144621851127,1199.7963250976234,199.79632509762337,1959.6437919907248,1959.9952152432388,985.9666850438061,-30.4066147284655,982.3726517341222,-30.399400381146034
0.5600000000000003,983.0281235395053,-30.39131423477635,1199.7896669073186,199.78966690731863,1959.5054066711325,1960.0103871276362,985.6758404038732,-30.331187415722027,983.0582386444758,-29.652341601030763
0.5700000000000003,982.7242110577901,-30.391182108267408,1199.7830086957576,199.78300869575764,1959.5116624050477,1959.841966953193,985.3710594210258,-30.328140464706557,982.6280305753995,-30.300717905567325
0.5800000000000003,982.420299900492,-30.391049351354877,1199.7763502641474,199.77635026414737,1959.576422881272,1960.0037460388771,985.0742478804872,-30.369491694499978,982.4029440156394,-30.741652762640737
0.5900000000000003,982.1163900753692,-30.390915673217982,1199.769691493933,199.7696914939329,1959.6760741474152,1960.1318008478772,984.8356032407011,-30.349076101391177,982.6878014826267,-30.16533576341195
0.6000000000000003,981.8124815937733,-30.390780645962103,1199.7630322106806,199.76303221068065,1959.8270611330872,1960.0166212738725,984.5728426733604,-30.38052817949211,982.2079975672948,-30.663596882400526
0.6100000000000003,981.5085744570925,-30.390646690201848,1199.7563734012035,199.75637340120352,1959.6876290916425,1960.1546751446533,984.3365555672804,-30.423595562446852,982.2099716125606,-30.811202009039533
0.6200000000000003,981.2046686638697,-30.3905119543503,1199.7497143106682,199.7497143106682,1959.7703445722377,1960.2180757700478,984.0527097316293,-30.3545735328629,981.4980972107699,-29.733375266607304
0.6300000000000003,980.9007642193986,-30.390376939866876,1199.7430551435054,199.74305514350544,1959.7928959745634,1959.977952777044,983.6879883641498,-30.375142805451382,980.4054960568333,-30.560266258747706
0.6400000000000003,980.5968611238939,-30.39024216109526,1199.7363961093945,199.7363961093945,1959.7537388554208,1960.1860073096848,983.3838582083786,-30.391757010639257,980.6466868064376,-30.54128485733012
0.6500000000000004,980.292959376738,-30.39010727007145,1199.7297370664833,199.72973706648327,1959.7563287745588,1960.2050083992285,982.9972351536612,-30.389535147338297,979.517627661205,-30.36953837762964
0.6600000000000004,979.989058978157,-30.389972446149923,1199.7230780878872,199.7230780878872,1959.737400840284,1960.1848272162315,982.6433023504246,-30.375371104300402,979.4579071212939,-30.24789471695937
0.6700000000000004,979.6851599328268,-30.389836619895185,1199.7164187376468,199.7164187376468,1959.8467757444307,1960.1724486610176,982.3015168969532,-30.330319623709354,979.2254478157099,-29.924856298389923
0.6800000000000004,979.381262250703,-30.38969980486593,1199.709759021296,199.7097590212959,1959.954522047785,1960.1066902178497,981.9703287677114,-30.345919487311182,978.9896356045349,-30.486318259727632
0.6900000000000004,979.0773659330704,-30.38956372164762,1199.7030996402355,199.70309964023545,1959.8558461192054,1960.2543500170354,981.7217083451158,-30.387209840237844,979.4841245417552,-30.758823016577807
0.7000000000000004,978.7734709789614,-30.389427100144413,1199.6964400767101,199.69644007671013,1959.9095455046427,1960.3449751846708,981.4382576052305,-30.34821728360003,978.8872009462635,-29.997284273859684
0.7100000000000004,978.4695773929551,-30.389290101113172,1199.689780396255,199.68978039625495,1959.9439579314985,1960.1834728115953,981.061015422275,-30.346785549595374,977.6658357756745,-30.33389994355348
0.7200000000000004,978.1656851794892,-30.389152592055392,1199.6831205448605,199.68312054486046,1959.9942653748537,1960.2764366930717,980.7844765377088,-30.327567567688057,978.2956265766134,-30.1546057305222
0.7300000000000004,977.861794338806,-30.38901554457136,1199.6764609185927,199.67646091859274,1959.9280106130323,1960.2497938146212,980.4303607822746,-30.373326063768918,977.243318983367,-30.785152528496646
0.7400000000000004,977.557904870377,-30.388878141236773,1199.6698011842357,199.66980118423567,1959.959821303816,1960.421210750148,980.1692122693657,-30.36597173131871,977.8188756531855,-30.299782739266817
0.7500000000000004,977.2540167779099,-30.38874035217758,1199.6631413296136,199.6631413296136,1959.9952152432388,1960.3298851289337,979.8902173627374,-30.357855147119686,977.3792632030828,-30.28480588932849
0.7600000000000005,976.9501300644192,-30.388602345952307,1199.6564814234391,199.65648142343912,1960.0103871276362,1960.3428712239959,979.5622073968267,-30.353962256088117,976.61011770363,-30.318926236804007
0.7700000000000005,976.6462447244248,-30.388465652929753,1199.6498220895385,199.64982208953847,1959.841966953193,1960.3679370790685,979.2852647532515,-30.378843138313073,976.7927809610742,-30.602771078337664
0.7800000000000005,976.3423607585569,-30.388327520668582,1199.6431622059297,199.64316220592968,1960.0037460388771,1960.4565157889133,979.0842630793393,-30.36557658892127,977.2752480141293,-30.246177644395047
0.7900000000000005,976.0384781798023,-30.388188230264564,1199.6365018872043,199.6365018872043,1960.1318008478772,1960.3921642161265,978.7201194145255,-30.34814114479659,975.442826431201,-30.191222147674416
0.8000000000000005,975.7345969896046,-30.38804980926628,1199.629841959847,199.629841959847,1960.0166212738725,1960.3936671294082,978.372833088522,-30.328519473131287,975.247256154491,-30.151924428143545
0.8100000000000005,975.4307171898245,-30.387910146758866,1199.6231815633973,199.62318156339734,1960.1546751446533,1960.3980232756485,978.1365512776026,-30.3590790100446,976.0100149793282,-30.634114842264378
0.8200000000000005,975.1268387897655,-30.387769865027938,1199.616520951519,199.61652095151908,1960.2180757700478,1960.532234698024,977.8837488352812,-30.34956466773484,975.6085268543877,-30.26393558694699
0.8300000000000005,974.8229617829693,-30.387631494235723,1199.609861155553,199.60986115555306,1959.977952777044,1960.465889141848,977.6187731380496,-30.29646756090531,975.2339918629665,-29.818593599439538
0.8400000000000005,974.5190861690062,-30.387491298387204,1199.60320065264,199.60320065264,1960.1860073096848,1960.3706826574896,977.2965350353452,-30.328182019584222,974.3963921110047,-30.61361214769445
0.8500000000000005,974.2152119582471,-30.387350853418962,1199.5965400851633,199.59654008516327,1960.2050083992285,1960.5747011851463,976.9439270061541,-30.35857321151666,973.7704547434344,-30.632093938908593
0.8600000000000005,973.9113391515502,-30.387210485956107,1199.5898795862602,199.58987958626017,1960.1848272162315,1960.6058187015187,976.6368131352231,-30.351202379716106,973.8727882968432,-30.284864893511113
0.8700000000000006,973.6074677484656,-30.387070130956303,1199.583219129418,199.583219129418,1960.1724486610176,1960.5451704323093,976.3477131365139,-30.329973657369045,973.7458131481307,-30.138915156245496
0.8800000000000006,973.3035977466438,-30.386930233407217,1199.576558896016,199.57655889601597,1960.1066902178497,1960.525380323616,976.0439516921208,-30.292063292658142,973.3100986925828,-29.950870010260022
0.8900000000000006,972.9997291504058,-30.386789014203824,1199.5698981608816,199.56989816088162,1960.2543500170354,1960.4915643417141,975.7262965962875,-30.21993078981502,972.8674007337868,-29.57073826422694
0.9000000000000006,972.6958619705908,-30.386646948783625,1199.5632371178126,199.5632371178126,1960.3449751846708,1960.4054833539,975.4545365011061,-30.26231713240437,973.0086956444734,-30.64379421570851
0.9100000000000006,972.391996205152,-30.386506138960865,1199.5565766235115,199.55657662351155,1960.1834728115953,1960.6741856434203,975.0947378466076,-30.260261860602725,971.8565499561215,-30.24176441438791
0.9200000000000006,972.0881318521401,-30.386364463420968,1199.549915813329,199.5499158133291,1960.2764366930717,1960.6027450398303,974.7829041078946,-30.251452106061787,971.9764004594772,-30.17216431519334
0.9300000000000006,971.7842689152268,-30.386222919246997,1199.5432550936764,199.5432550936764,1960.2497938146212,1960.6032921366918,974.5067024698566,-30.267114054760015,972.0208877275136,-30.40807159304406
0.9400000000000006,971.480407401354,-30.38607985531474,1199.5365937915672,199.53659379156716,1960.421210750148,1960.6785432657368,974.1617332771029,-30.324456051556066,971.0570105423197,-30.8405340227205
0.9500000000000006,971.1765473147676,-30.385937461966552,1199.5299327997727,199.52993279977272,1960.3298851289337,1960.8091075069651,973.8408889332661,-30.304912228767414,970.9532898387341,-30.12901782366951
0.9600000000000006,970.8726886531097,-30.385794869609157,1199.5232717638528,199.5232717638528,1960.3428712239959,1960.664078061923,973.554773592457,-30.350372656212947,970.9797355251748,-30.759516503222752
0.9700000000000006,970.568831418874,-30.385651977535073,1199.5166106427619,199.51661064276186,1960.3679370790685,1960.8353762705801,973.2648384213912,-30.342341066953296,970.6554218817996,-30.27005676361642
0.9800000000000006,970.2649756177051,-30.385508256252727,1199.5099492206898,199.5099492206898,1960.4565157889133,1960.7429277674396,972.9206592692126,-30.34204603270487,969.8230468996045,-30.33939072446907
0.9900000000000007,969.9611212515204,-30.385364980688486,1199.5032880172776,199.50328801727755,1960.3921642161265,1960.776803902614,972.6276159033656,-30.380667036438155,969.9902256107433,-30.728256070037673
1.0000000000000007,969.6572683186077,-30.385221601835646,1199.4966268087585,199.4966268087585,1960.3936671294082,1960.8925359979523,972.3484705129072,-30.364298957186858,969.8361619987819,-30.216986243925174
1.0100000000000007,969.353416820119,-30.385078095906067,1199.4899655854379,199.48996558543786,1960.3980232756485,1960.7929469335138,972.1031177057872,-30.334762809497732,969.8949424417067,-30.068937480295595
1.0200000000000007,969.049566762738,-30.38493338031071,1199.4833039060811,199.48330390608112,1960.532234698024,1960.770386303824,971.7288791430844,-30.367914617776485,968.3607320787594,-30.666280892285247
1.0300000000000007,968.7457181502011,-30.384789127058017,1199.4766424521595,199.47664245215947,1960.465889141848,1960.9309141139588,971.4563148071566,-30.354188490177275,969.0032357838055,-30.230653341784354
1.0400000000000007,968.4418709766819,-30.384645576768868,1199.4699813217394,199.4699813217394,1960.3706826574896,1960.8488578115405,971.1806228084243,-30.241652254116794,968.699394819835,-29.22882612957245
1.0500000000000007,968.138025247624,-30.384500234811874,1199.463319498086,199.4633194980861,1960.5747011851463,1960.6134200975612,970.9049075778789,-30.221870082980885,968.4234705029705,-30.043830542757693
1.0600000000000007,967.8341809737367,-30.384354542644132,1199.4566575686988,199.4566575686988,1960.6058187015187,1960.8074668576069,970.6455350056394,-30.21857679140804,968.3111818554833,-30.188937167252394
1.0700000000000007,967.5303381546969,-30.384209265321594,1199.4499958453878,199.44999584538778,1960.5451704323093,1960.8572242221308,970.3182518583133,-30.212370962184597,967.3727035323767,-30.156518499173615
1.0800000000000007,967.2264967880592,-30.384064062210882,1199.4433341893214,199.44333418932138,1960.525380323616,1960.8667166114162,969.9704350905611,-30.236644830389427,966.8400841807904,-30.455109644232884
1.0900000000000007,966.9226568724969,-30.383919050250256,1199.436672648158,199.43667264815804,1960.4915643417141,1960.958257702378,969.6413890913632,-30.24891602819392,966.6799750985823,-30.35935680843436
1.1000000000000008,966.6188184039197,-30.38377466518968,1199.4300113994889,199.43001139948888,1960.4054833539,1960.958845179823,969.4548649509525,-30.31841984767125,967.7761476872564,-30.943954222967204
1.1100000000000008,966.3149813908483,-30.3836279491078,1199.423349237798,199.423349237798,1960.6741856434203,1961.126589529911,969.1751896044608,-30.373322133950598,966.6581114860355,-30.867442710464697
1.1200000000000008,966.0111458424135,-30.383481737853153,1199.4166873188547,199.41668731885466,1960.6027450398303,1961.1434182268495,968.8351886349667,-30.341669576431833,965.7751799095188,-30.056796558762944
1.1300000000000008,965.7073117565681,-30.383335431245403,1199.4100253980523,199.4100253980523,1960.6032921366918,1960.973031621382,968.5256149480816,-30.378168505251068,965.7394517661157,-30.706658864624195
1.1400000000000008,965.4034791373796,-30.383188406443647,1199.4033632215546,199.40336322155463,1960.6785432657368,1961.146169915273,968.1776361815485,-30.358282562902286,965.0458272827495,-30.179309081763243
1.1500000000000008,965.0996479943361,-30.383040202264528,1199.3967006014136,199.3967006014136,1960.8091075069651,1961.0420227583993,967.8333190312414,-30.354264569151052,964.7344646784776,-30.318102625389937
1.1600000000000008,964.7958183277425,-30.38289311645815,1199.390038474067,199.39003847406707,1960.664078061923,1961.0903104786596,967.5318475528868,-30.376675434309938,964.8186042476945,-30.578373220739895
1.1700000000000008,964.491990139602,-30.382744511639277,1199.3833757646676,199.38337576466756,1960.8353762705801,1961.1729576581922,967.3350590160246,-30.358264771373335,965.5639621842646,-30.192568804943875
1.1800000000000008,964.1881634341097,-30.38259658680234,1199.3767133693982,199.3767133693982,1960.7429277674396,1961.100673946077,966.9191123285002,-30.355104323473153,963.1755921407809,-30.32666029237151
1.1900000000000008,963.8843382097322,-30.382448288706787,1199.3700508590214,199.37005085902138,1960.776803902614,1961.1481561761868,966.582545593385,-30.33226571995263,963.553444977348,-30.12671828826792
1.2000000000000008,963.5805144736144,-30.382298934855626,1199.3633879553993,199.36338795539928,1960.8925359979523,1961.1159195620953,966.2427164444863,-30.34071113468694,963.184254104398,-30.416719867295697
1.2100000000000009,963.2766922273374,-30.382150320527185,1199.3567253901701,199.35672539017014,1960.7929469335138,1961.201257113239,965.9713633867204,-30.31888239744586,963.5291858668277,-30.12242376227615
1.2200000000000009,962.9728714667174,-30.382001803486386,1199.3500629015996,199.35006290159959,1960.770386303824,1961.148319967394,965.6114993743673,-30.335229375125145,962.3727232631895,-30.48235217423867
1.2300000000000009,962.6690521984141,-30.381851857171547,1199.3433998675728,199.34339986757277,1960.9309141139588,1961.2513868839653,965.2935073912139,-30.359491500306994,962.4315795428336,-30.57785062694366
1.2400000000000009,962.3652344266072,-30.381702504200344,1199.3367371123645,199.33673711236452,1960.8488578115405,1961.297913617938,965.0889528067673,-30.3495631493675,963.2479615467478,-30.260207990912058
1.2500000000000009,962.0614181389689,-30.38155502346847,1199.3300751571485,199.33007515714849,1960.6134200975612,1961.2431243899377,964.7231551422708,-30.325226478365956,961.4309761618014,-30.106196439352036
1.260000000000001,961.7576033346816,-30.38140583397115,1199.3234125425822,199.32341254258222,1960.8074668576069,1961.220672273341,964.5327077713625,-30.299870456109943,962.8186814331879,-30.071666255805805
1.270000000000001,961.4537900248179,-30.38125613877038,1199.3167497589457,199.31674975894566,1960.8572242221308,1961.2244619945632,964.1488474984104,-30.322536046561975,960.6941050418409,-30.526526360630253
1.280000000000001,961.149978212756,-30.381106273590845,1199.310086943055,199.310086943055,1960.8667166114162,1961.3503668417604,963.9123061273043,-30.349623153233424,961.7834337873493,-30.59340711327648
1.290000000000001,960.8461679036166,-30.380955554297717,1199.3034238161176,199.30342381611763,1960.958257702378,1961.3913092889454,963.6278832763429,-30.329517371736976,961.0680776176897,-30.148565338268916
1.300000000000001,960.5423591021487,-30.38080473926427,1199.296760687184,199.2967606871839,1960.958845179823,1961.3054058735947,963.2729843353446,-30.336431869171562,960.0788938663596,-30.398662346082812
1.310000000000001,960.2385518162789,-30.380652434698668,1199.2900969882728,199.2900969882728,1961.126589529911,1961.3814458431705,962.8074777164346,-30.3715855549643,958.6179181462444,-30.687968727098955
1.320000000000001,959.9347460546106,-30.380499898951463,1199.2834332321795,199.2834332321795,1961.1434182268495,1961.4740774561021,962.5075761426826,-30.409910484821964,959.808461978914,-30.754834853540917
1.330000000000001,959.6309418116505,-30.380348693079,1199.2767700550419,199.27677005504188,1960.973031621382,1961.5181970347744,962.301533274776,-30.44985854698649,960.4471474636163,-30.80939110646719
1.340000000000001,959.3271390884217,-30.380195952670086,1199.2701062895987,199.27010628959874,1961.146169915273,1961.5600728420545,961.9820916318057,-30.43897007023627,959.1071168450733,-30.34097377948426
1.350000000000001,959.0233378887093,-30.380043989818066,1199.2634428780366,199.26344287803659,1961.0420227583993,1961.4715991959022,961.7582799219495,-30.476153326729833,959.7439745332424,-30.8108026351719
1.360000000000001,958.7195382110929,-30.37989153346559,1199.256779302398,199.25677930239794,1961.0903104786596,1961.6050157172326,961.5125639384715,-30.46622015557282,959.3011200871704,-30.376821615159713
1.370000000000001,958.41574006194,-30.379738297098655,1199.2501154459328,199.2501154459328,1961.1729576581922,1961.5244875039741,961.1538061182661,-30.443708865497506,957.924985736416,-30.241107254819674
1.380000000000001,958.1119434425915,-30.379585572602842,1199.2434518350801,199.24345183508012,1961.100673946077,1961.5067238824918,960.8595728354773,-30.455303042522804,958.2114732903782,-30.55965063575048
1.390000000000001,957.808148352922,-30.379432361308044,1199.2367880628879,199.23678806288785,1961.1481561761868,1961.599392158667,960.5579204914712,-30.45927538230718,957.843049395417,-30.495026440366573
1.400000000000001,957.5043547944757,-30.37927932795314,1199.2301244002322,199.23012440023217,1961.1159195620953,1961.6047986185079,960.2582397890342,-30.431411856636146,957.5611134671013,-30.180640125596824
1.410000000000001,957.2005627703753,-30.37912549212789,1199.2234604476087,199.22346044760866,1961.201257113239,1961.5458314031162,960.0317729279756,-30.463317685150127,957.993571178448,-30.750470141775946
1.420000000000001,956.8967722828804,-30.378972006854717,1199.2167966748598,199.21679667485978,1961.148319967394,1961.6999907401782,959.8249245321989,-30.51344575130626,957.9632889702085,-30.96459834671147
1.430000000000001,956.5929833349899,-30.378817571257066,1199.2101325519006,199.21013255190064,1961.2513868839653,1961.7802173824384,959.4941411577263,-30.482333417106805,956.5170907874721,-30.202322409311694
1.440000000000001,956.2891959338496,-30.378662656798127,1199.2034682708486,199.2034682708486,1961.297913617938,1961.620866868851,959.1876962287254,-30.490647326670555,956.4296918677171,-30.565472512744304
1.450000000000001,955.9854100800238,-30.3785081083309,1199.1968041759644,199.19680417596442,1961.2431243899377,1961.7225708231815,958.8570615013373,-30.494223432876353,955.8813489548452,-30.52640838872855
1.460000000000001,955.6816257712011,-30.37835365620558,1199.1901401573703,199.19014015737025,1961.220672273341,1961.733581659289,958.5100496904764,-30.457148392298645,955.386943392729,-30.123473027099273
1.470000000000001,955.3778430075121,-30.37819908159461,1199.183476125899,199.183476125899,1961.2244619945632,1961.652403283703,958.2146797964783,-30.470040749086063,955.5563507504946,-30.586071960172806
1.480000000000001,955.0740617952731,-30.378043366177497,1199.1768116666165,199.17681166661646,1961.3503668417604,1961.7774585665927,957.9455979901295,-30.45162202516891,955.5238617329898,-30.285853509914514
1.490000000000001,954.77028214235,-30.37788721844176,1199.1701470682158,199.17014706821578,1961.3913092889454,1961.7242822412124,957.6687095112935,-30.425359679238486,955.1767132017694,-30.188998565864676
1.500000000000001,954.4665040477769,-30.37773169616105,1199.1634827617058,199.16348276170584,1961.3054058735947,1961.7140925344909,957.3070392143958,-30.437402312136655,954.0520065423159,-30.54578600822014
1.5100000000000011,954.1627275120517,-30.377575448876684,1199.1568181968203,199.15681819682027,1961.3814458431705,1961.8153650343631,957.0299727244176,-30.413108517847654,954.5363743146133,-30.194464369246646
1.5200000000000011,953.8589525431162,-30.377418338216163,1199.1501533171822,199.15015331718223,1961.4740774561021,1961.7491617962476,956.7118256265892,-30.406019678385242,953.848501746134,-30.34222012322353
1.5300000000000011,953.5551791475815,-30.37726076871906,1199.1434882876306,199.1434882876306,1961.5181970347744,1961.7986362008342,956.4600442234778,-30.4208909290837,954.1940115954757,-30.55473218536981
1.5400000000000011,953.2514073299425,-30.377102759089677,1199.1368231157894,199.1368231157894,1961.5600728420545,1961.8686155495607,956.1665354031827,-30.422577891657316,953.5249560205275,-30.437760554819846
1.5500000000000012,952.9476370891654,-30.37694539634854,1199.1301582445724,199.13015824457239,1961.4715991959022,1961.8617154541066,955.8337615116196,-30.38505133656682,952.8387964875518,-30.04731234075238
1.5600000000000012,952.6438684280332,-30.376786830080896,1199.1234929200202,199.12349292002023,1961.6050157172326,1961.7831131011983,955.5560430207104,-30.35981959683821,953.0565766025272,-30.132733939280705
1.5700000000000012,952.3401013496606,-30.376628844443175,1199.1168278690943,199.11682786909432,1961.5244875039741,1961.81364885588,955.2997227939632,-30.360870406349726,952.9928407532377,-30.370327691953346
1.5800000000000012,952.0363358508582,-30.376470916022072,1199.1101628785273,199.11016287852726,1961.5067238824918,1961.8853028470223,955.0074817482175,-30.371738460014765,952.3773123365057,-30.469550943000108
1.5900000000000012,951.7325719356588,-30.376312123870317,1199.1034975730834,199.10349757308336,1961.599392158667,1961.9289458159033,954.696199084586,-30.376100118031353,951.894655111903,-30.41535504018062
1.6000000000000012,951.428809609061,-30.37615319569949,1199.0968322492688,199.0968322492688,1961.6047986185079,1961.9366921589135,954.3743099352831,-30.35825071503506,951.4773075915573,-30.197606088068415
1.6100000000000012,951.1250488697407,-30.37599466835918,1199.0901671258187,199.09016712581865,1961.5458314031162,1961.9019057615253,954.0084727945672,-30.297253492096907,950.715938528124,-29.748278485653543
1.6200000000000012,950.8212897225766,-30.375834764454353,1199.0835014785514,199.0835014785514,1961.6999907401782,1961.803611263675,953.6394536182931,-30.341537277716284,950.3182810318267,-30.740091348290672
1.6300000000000012,950.5175321782516,-30.37567410053926,1199.0768355586827,199.07683555868266,1961.7802173824384,1962.0548583623047,953.385167017964,-30.321201079179694,951.0965876150017,-30.13817529235038
1.6400000000000012,950.2137762343758,-30.375514674615108,1199.07017018027,199.07017018027,1961.620866868851,1961.9339727056165,953.0992339304578,-30.30778207344531,950.5258361429019,-30.187011021835822
1.6500000000000012,949.9100218894549,-30.375354309562173,1199.063504456278,199.063504456278,1961.7225708231815,1961.9596074573983,952.7797003877151,-30.341456928201573,949.9038985030314,-30.644530621007924
1.6600000000000013,949.6062691490985,-30.375193761731566,1199.0568386948723,199.05683869487234,1961.733581659289,1962.089175589819,952.4661474917632,-30.365145462899935,949.6441714281954,-30.5783422751852
1.6700000000000013,949.30251801129,-30.375033799968463,1199.0501732093023,199.05017320930233,1961.652403283703,1962.0996138290382,952.1985405303868,-30.370546018051854,949.7900778779989,-30.419151014419104
1.6800000000000013,948.9987684787686,-30.374872704307922,1199.0435072988078,199.04350729880775,1961.7774585665927,1962.0843106069158,951.8372884653853,-30.380620261927053,948.5860198803724,-30.47128845680382
1.6900000000000013,948.6950205554413,-30.374711961179756,1199.0368415690007,199.03684156900067,1961.7242822412124,1962.1172769515608,951.5437082471046,-30.39694116843644,948.9014862825791,-30.543829327020948
1.7000000000000013,948.391274239575,-30.374551212080775,1199.0301758738171,199.03017587381714,1961.7140925344909,1962.1565291889647,951.1873538265734,-30.387391556456116,947.9801640417918,-30.3014450486332
1.7100000000000013,948.0875295358775,-30.374389527408372,1199.0235098345204,199.02350983452038,1961.8153650343631,1962.1186023113544,950.8896197260592,-30.401299648812476,948.2100128214319,-30.52647248001971
1.7200000000000013,947.7837864467208,-30.374228303915206,1199.016844020175,199.01684402017509,1961.7491617962476,1962.1910740821938,950.5554844828445,-30.391631016202023,947.5482672939116,-30.304613322707915
1.7300000000000013,947.480044972317,-30.374066576838686,1199.010178037721,199.01017803772106,1961.7986362008342,1962.157679327732,950.1755363147169,-30.432098485496986,946.7560028015683,-30.796305709151653
1.7400000000000013,947.1763051185571,-30.37390417515532,1199.0035118174847,199.00351181748465,1961.8686155495607,1962.2968184731,949.8396909840383,-30.432682469014175,946.8170830079309,-30.437938320668874
1.7500000000000013,946.8725668889812,-30.373741740048853,1198.996845620694,198.9968456206941,1961.8617154541066,1962.2359768989893,949.5585239528125,-30.382527709609157,947.0280206717802,-29.931134874963988
1.7600000000000013,946.5688302809332,-30.373579869537963,1198.990179690986,198.990179690986,1961.7831131011983,1962.128005322351,949.3024375667846,-30.38643108150094,946.9976600925341,-30.421561428526992
1.7700000000000014,946.2650952933186,-30.37341765338235,1198.9835136575207,198.9835136575207,1961.81364885588,1962.2566608958452,948.9977525290429,-30.415205619628217,946.2555871893672,-30.674176462773694
1.7800000000000014,945.9613619313086,-30.37325474863429,1198.9768473805827,198.97684738058274,1961.8853028470223,1962.3394067287854,948.6931878124699,-30.41967029169643,945.9521053633124,-30.459852340310334
1.7900000000000014,945.6576302006209,-30.373091388907188,1198.9701809553505,198.97018095535054,1961.9289458159033,1962.3116396343537,948.4057679793019,-30.439829329724077,945.8189894807899,-30.621260671972884
1.8000000000000014,945.3539001043084,-30.372927873589436,1198.9635145037971,198.96351450379711,1961.9366921589135,1962.37174810574,948.1265485175146,-30.387157016720536,945.613573361429,-29.913106199688663
1.8100000000000014,945.0501716421534,-30.372764557424862,1198.9568481704441,198.95684817044412,1961.9019057615253,1962.2183367526761,947.8134728225557,-30.373666419128,944.9957915679249,-30.25225104079518
1.8200000000000014,944.7464448095158,-30.372601970111923,1198.9501821710853,198.95018217108532,1961.803611263675,1962.3085290910892,947.5412772208373,-30.385596588382967,945.0915168053713,-30.492968111677673
1.8300000000000014,944.4427196136838,-30.372437196266112,1198.943515318016,198.9435153180159,1962.0548583623047,1962.3839223870389,947.2426260842125,-30.38390287714783,944.554765854589,-30.368659476031574
1.8400000000000014,944.138996061004,-30.37227333969039,1198.936848875703,198.93684887570294,1961.9339727056165,1962.3744113713456,946.9371468868192,-30.40593021691775,944.1878341102785,-30.60417627484703
1.8500000000000014,943.8352741484141,-30.372109178314442,1198.9301823462858,198.93018234628585,1961.9596074573983,1962.4514734369106,946.6281851216917,-30.387608164320056,943.8475292355436,-30.222709690940807
1.8600000000000014,943.5315538832963,-30.37194384524934,1198.92351537661,198.9235153766101,1962.089175589819,1962.3802014563853,946.391079178242,-30.35726360763043,944.2571256871938,-30.084162597423777
1.8700000000000014,943.2278352723995,-30.371778334116524,1198.9168483714664,198.91684837146636,1962.0996138290382,1962.3595409425893,946.1824139105333,-30.38173550716568,944.3044265011553,-30.60198260298294
1.8800000000000014,942.9241183164307,-30.371612859619503,1198.9101814183211,198.91018141832114,1962.0843106069158,1962.4999909919811,945.9002003829592,-30.37522298223891,943.360278634791,-30.316610257898
1.8900000000000015,942.6204030170369,-30.371447019147364,1198.9035143531598,198.90351435315984,1962.1172769515608,1962.4533406394805,945.6817107930278,-30.39909433449041,943.7153044836457,-30.61393650475391
1.9000000000000015,942.3166893781398,-30.37128076026416,1198.8968471546236,198.89684715462363,1962.1565291889647,1962.5446425187363,945.3032225594301,-30.414294756431108,941.8968284570494,-30.551098553897365
1.9100000000000015,942.0129774007049,-30.3711147267145,1198.890180084959,198.89018008495896,1962.1186023113544,1962.5535143022128,944.868003257342,-30.425749404109872,940.9510295385501,-30.528841233218728
1.9200000000000015,941.709267087083,-30.370947997662274,1198.883512769043,198.8835127690429,1962.1910740821938,1962.5703751740757,944.5141730072385,-30.415757449870828,941.3297007563062,-30.325829861719413
1.9300000000000015,941.4055584398141,-30.37078145613902,1198.8768455665986,198.8768455665986,1962.157679327732,1962.5411006987863,944.2203993492849,-30.35497472532117,941.5764364277027,-29.807930204374255
1.9400000000000015,941.1018514642183,-30.370613663018904,1198.8701778913744,198.8701778913744,1962.2968184731,1962.4276819026556,943.9560657526877,-30.373845728760816,941.5770633833113,-30.543684759717625
1.9500000000000015,940.7981461644713,-30.37044628635807,1198.8635104228833,198.86351042288334,1962.2359768989893,1962.6149970722197,943.5953530602986,-30.358748209375346,940.3489388287971,-30.222870534906118
1.9600000000000015,940.494442534443,-30.37027971928631,1198.8568433212683,198.85684332126834,1962.128005322351,1962.5580687161305,943.219250347362,-30.304957597390814,939.8343259309327,-29.820842089530004
1.9700000000000015,940.1907405759064,-30.37011198804444,1198.8501757824954,198.8501757824954,1962.2566608958452,1962.4722914779213,942.9753713762526,-30.325548306019318,940.780460636267,-30.51086468367585
1.9800000000000015,939.8870402985883,-30.36994347556165,1198.8435079625608,198.8435079625608,1962.3394067287854,1962.6498736089557,942.5808815420316,-30.28937165174859,939.0304730340429,-29.963781763312028
1.9900000000000015,939.5833417056923,-30.369775103654884,1198.8368402369758,198.83684023697583,1962.3116396343537,1962.5367380593796,942.2754005661351,-30.260277507580014,939.526071783066,-29.998430210062846
2.0000000000000013,939.2796447994774,-30.369606139320105,1198.8301723071488,198.8301723071488,1962.37174810574,1962.5548145695593,941.8961036065296,-30.289191621442637,938.4824309700803,-30.549418646206238
2.010000000000001,938.9759495769626,-30.36943836361609,1198.823504898597,198.8235048985971,1962.2183367526761,1962.7037752878548,941.6043503885587,-30.295806877847042,938.9785714268218,-30.35534418548667
2.020000000000001,938.6722560364218,-30.369269744540198,1198.8168371835816,198.81683718358158,1962.3085290910892,1962.6809798061645,941.288637679771,-30.284467666545932,938.4472233006821,-30.182414764835947
2.0300000000000007,938.3685641856715,-30.36910040552593,1198.8101692123876,198.81016921238756,1962.3839223870389,1962.6578840344444,940.943249308892,-30.297202324994572,937.8347539709803,-30.411814251032318
2.0400000000000005,938.0648740283699,-30.368931054799948,1198.803501273511,198.80350127351107,1962.3744113713456,1962.730894192159,940.6614265624253,-30.288942032953347,938.1250218442259,-30.214599404582323
2.0500000000000003,937.761185568245,-30.36876097020016,1198.7968330727858,198.79683307278583,1962.4514734369106,1962.7032610262115,940.4069832069117,-30.330663189433167,938.1169930072895,-30.70615359775152
2.06,937.4574988064486,-30.368591389072503,1198.7901651142352,198.79016511423515,1962.3802014563853,1962.842612679508,940.0353290583287,-30.296125704740145,936.6904417210808,-29.98528834250295
2.07,937.1538137400571,-30.36842188923801,1198.7834972258868,198.78349722588678,1962.3595409425893,1962.6913206876686,939.7637932271006,-30.325809919286627,937.3199707460469,-30.592967850204978
2.0799999999999996,936.8501303749772,-30.368251126748092,1198.776828860304,198.77682886030402,1962.4999909919811,1962.8531300242157,939.5499845406644,-30.326583801003988,937.6257063627385,-30.333548736460234
2.0899999999999994,936.5464487160318,-30.368080662343093,1198.7701606532341,198.77016065323414,1962.4533406394805,1962.8142201309731,939.3085958174044,-30.328707932695597,937.1360973080638,-30.34782511792006
2.099999999999999,936.2427687659939,-30.367909345247167,1198.7634921359304,198.7634921359304,1962.5446425187363,1962.836508909247,939.1050505085075,-30.279967848677458,937.2731427284349,-29.841307092514207
2.109999999999999,935.9390905299523,-30.367737863072602,1198.7568235884812,198.7568235884812,1962.5535143022128,1962.728887405635,938.7760063032281,-30.259597721588342,935.8146084557128,-30.076266577786296
2.1199999999999988,935.6354140098911,-30.36756614917237,1198.7501549837405,198.75015498374046,1962.5703751740757,1962.7938988068024,938.4942158713736,-30.229335617620773,935.9581019846836,-29.956976681912664
2.1299999999999986,935.3317392062031,-30.367394588405183,1198.7434864784714,198.74348647847137,1962.5411006987863,1962.7774099969993,938.1297220318276,-30.222559970899262,934.849277475913,-30.16157915040565
2.1399999999999983,935.0280661138476,-30.367223882711777,1198.7368183585872,198.73681835858724,1962.4276819026556,1962.8394146695655,937.872477664372,-30.289788546673208,935.5572783572724,-30.89484572863871
2.149999999999998,934.7243947368173,-30.367051523349698,1198.7301496022262,198.73014960222622,1962.6149970722197,1963.039524836778,937.4985064459833,-30.35869180967366,934.1327654804844,-30.978821176677727
2.159999999999998,934.4207250814615,-30.366879547810687,1198.7234810393015,198.72348103930153,1962.5580687161305,1963.095881149236,937.1772579678089,-30.337984315813486,934.2860216642392,-30.151616871071898
2.1699999999999977,934.1170571427386,-30.366708196765018,1198.7168127678387,198.71681276783875,1962.4722914779213,1962.9248408009626,936.9463557379067,-30.338633860496046,934.8682356687866,-30.344479762639086
2.1799999999999975,933.8133909253887,-30.366535273212897,1198.7101438929708,198.7101438929708,1962.6498736089557,1962.98641568448,936.7144900339335,-30.38282704551418,934.6276986981744,-30.780565710677365
2.1899999999999973,933.5097264330108,-30.366363202382782,1198.7034754025256,198.70347540252556,1962.5367380593796,1963.1141788074196,936.3088445518734,-30.38284709216794,932.6580352133332,-30.38302751205177
2.199999999999997,933.2060636625505,-30.366190889672914,1198.6968068506583,198.69680685065828,1962.5548145695593,1963.0444224465884,936.0177697353881,-30.38216231436126,933.3980963870201,-30.375999314101144
2.209999999999997,932.9024026218862,-30.366017243192246,1198.6901377926383,198.69013779263832,1962.7037752878548,1963.0612495170537,935.602860919036,-30.383221408429744,931.8686815718662,-30.39275325504608
2.2199999999999966,932.5987433171913,-30.365843695784736,1198.683468812075,198.68346881207503,1962.6809798061645,1963.0838461552544,935.2372256838263,-30.36139346070034,931.9465085669389,-30.164941931135726
2.2299999999999964,932.2950857474625,-30.365670249957713,1198.6767999099886,198.67679990998863,1962.6578840344444,1963.0457157427422,934.9613416024948,-30.3900175332159,932.4783848705109,-30.64763418585592
2.239999999999996,931.9914299156931,-30.365496103946548,1198.6701307598214,198.6701307598214,1962.730894192159,1963.179518215643,934.6386570879479,-30.419341795945634,931.7344964570248,-30.683260160513232
2.249999999999996,931.6877758246865,-30.36532209736492,1198.6634617035488,198.66346170354882,1962.7032610262115,1963.2141960459614,934.3404350067581,-30.385285556472525,931.6564362760499,-30.07877940121455
2.259999999999996,931.3841234800141,-30.365146837123902,1198.6567921737742,198.6567921737742,1962.842612679508,1963.088988336214,933.995517551767,-30.36815028907213,930.8912604568463,-30.213932882468548
2.2699999999999956,931.0804728820888,-30.364972747947565,1198.6501231580735,198.65012315807348,1962.6913206876686,1963.1328261587132,933.6775002038805,-30.391618719927543,930.8153440729026,-30.60283459762627
2.2799999999999954,930.7768240322603,-30.364797217739863,1198.643453592562,198.64345359256208,1962.8531300242157,1963.2443555839372,933.3820810687208,-30.419993839381355,930.723308852283,-30.675369914465676
2.289999999999995,930.4731769365665,-30.364621921030505,1198.6367841592623,198.63678415926233,1962.8142201309731,1963.286971818572,933.063508190238,-30.450392984323937,930.1963522838929,-30.72398528880716
2.299999999999995,930.169531595225,-30.36444634725495,1198.6301146502276,198.6301146502276,1962.836508909247,1963.3248653530595,932.8723467873825,-30.44074041405789,931.1518941616831,-30.353867281663433
2.3099999999999947,929.8658880055875,-30.364271580232028,1198.6234455068793,198.6234455068793,1962.728887405635,1963.2585717732873,932.5367146338034,-30.426674133353274,929.5160252515913,-30.30007760701176
2.3199999999999945,929.5622461667878,-30.364096179716007,1198.6167761426293,198.6167761426293,1962.7938988068024,1963.2613338739668,932.2336513846174,-30.427045425975543,929.5060821419423,-30.430387059575974
2.3299999999999943,929.2586060817608,-30.363920825649018,1198.6101068344065,198.61010683440645,1962.7774099969993,1963.3090173422727,931.9668551893338,-30.39800773464147,929.5656894317825,-30.136668512634827
2.339999999999994,928.9549677533167,-30.363744863161486,1198.6034373154982,198.60343731549824,1962.8394146695655,1963.2542742571065,931.6391413883516,-30.411855994712813,928.6897171795115,-30.53649033535489
2.349999999999994,928.6513311933007,-30.363567140023687,1198.596767116637,198.596767116637,1963.039524836778,1963.3655775253167,931.326607783989,-30.476084744185968,928.5138053447249,-31.05414348944436
2.3599999999999937,928.3476964133229,-30.363388855557996,1198.590096726283,198.59009672628304,1963.095881149236,1963.5171232414457,930.9529570938124,-30.423808927299838,927.5901008822236,-29.95332657532464
2.3699999999999934,928.0440634095103,-30.363211906956785,1198.583426917106,198.58342691710595,1962.9248408009626,1963.2765939768378,930.7443161110573,-30.425220306452225,928.8665472662609,-30.4379227188237
2.3799999999999932,927.740432178208,-30.363034353491578,1198.576756898704,198.57675689870393,1962.98641568448,1963.4032941879307,930.4727555659251,-30.409664206519853,928.0287106597359,-30.269659307128517
2.389999999999993,927.436802728226,-30.36285564292917,1198.5700864461764,198.57008644617645,1963.1141788074196,1963.3801854141905,930.323104322578,-30.371396102817748,928.9762431324536,-30.026983169498795
2.399999999999993,927.1331750628952,-30.362677423210144,1198.5634162306737,198.56341623067374,1963.0444224465884,1963.3341926178082,929.9977155170358,-30.399190448075004,927.0692162671548,-30.64933955539027
2.4099999999999926,926.8295491809193,-30.362498971949798,1198.5567459579945,198.5567459579945,1963.0612495170537,1963.498808129689,929.6005765674113,-30.389417391386466,926.0263260207905,-30.30145988118963
2.4199999999999924,926.5259250848545,-30.36232024100714,1198.5500756085341,198.55007560853414,1963.0838461552544,1963.4373703731044,929.2552938818914,-30.429375287636464,926.1477497122123,-30.788996353886443
2.429999999999992,926.2223027749642,-30.36214173704896,1198.543405388637,198.54340538863698,1963.0457157427422,1963.5754346362683,928.9196661269865,-30.455098372686148,925.899016332843,-30.68660613813328
2.439999999999992,925.9186822561512,-30.36196202556426,1198.5367347140932,198.5367347140932,1963.179518215643,1963.5784758985317,928.7039248216566,-30.419335545265476,926.7622530736875,-30.097470098479427
2.4499999999999917,925.6150635363555,-30.36178193358056,1198.530063921718,198.530063921718,1963.2141960459614,1963.4562355026649,928.3946400610607,-30.369181859930283,925.6110772156972,-29.91779869191355
2.4599999999999915,925.311446612712,-30.36160279510561,1198.5233935547851,198.52339355478512,1963.088988336214,1963.4209394423804,928.0901891316083,-30.394262479487665,925.3501307665358,-30.61998805550409
2.4699999999999913,925.0078314827379,-30.36142319970751,1198.516723038896,198.5167230388961,1963.1328261587132,1963.6025366299925,927.8581095705848,-30.374811250199112,925.7693935213726,-30.199750186602113
2.479999999999991,924.7042181538263,-30.36124258258432,1198.510052144042,198.510052144042,1963.2443555839372,1963.5223158931663,927.4908581211926,-30.379164543780142,924.185595076663,-30.418344186009403
2.489999999999991,924.4006066333199,-30.361061518710002,1198.5033811043825,198.50338110438247,1963.286971818572,1963.5906739005761,927.1380520597361,-30.41883823320206,923.9627975066275,-30.775901437999302
2.4999999999999907,924.0969969254888,-30.360880047482578,1198.4967099359646,198.49670993596465,1963.3248653530595,1963.6997632909536,926.8802554236879,-30.35575991541601,924.5600856992546,-29.788055055341538
2.5099999999999905,923.7933890300603,-30.360699038210736,1198.4900389928055,198.49003899280547,1963.2585717732873,1963.4812685847232,926.5016404056342,-30.33936475059477,923.0941052431508,-30.191808267203566
2.5199999999999902,923.4897829452957,-30.360517914713675,1198.483368040261,198.48336804026098,1963.2613338739668,1963.584969745075,926.1679225311443,-30.3560938285196,923.1644616607348,-30.506655529843083
2.52999999999999,923.1861786742113,-30.360336302171547,1198.476696925693,198.47669692569298,1963.3090173422727,1963.678131920236,925.840128449239,-30.38243779897519,922.8899817120919,-30.61953353307549
2.53999999999999,922.8825762174243,-30.360155055216197,1198.4700259971362,198.4700259971362,1963.2542742571065,1963.729108922724,925.5467993074549,-30.405138028091624,922.9068370313968,-30.609440090139508
2.5499999999999896,922.5789755782065,-30.359972788368164,1198.4633546903829,198.46335469038286,1963.3655775253167,1963.75176978837,925.263539775819,-30.402128647402755,922.7142039910964,-30.375044221202906
2.5599999999999894,922.2753767684355,-30.35978916582721,1198.4566828686932,198.45668286869318,1963.5171232414457,1963.717440490122,924.9527760727374,-30.425121609106448,922.1559027450023,-30.63205826443969
2.569999999999989,921.9717797853111,-30.35960745907017,1198.4500118642964,198.45001186429636,1963.2765939768378,1963.799558426231,924.6258378774664,-30.395908457328048,921.683394120027,-30.13299009132244
2.579999999999989,921.6681846249961,-30.35942460392602,1198.4433404293857,198.44334042938567,1963.4032941879307,1963.6991285047118,924.3551184116006,-30.421586729331803,921.9186432188083,-30.652691177365586
2.5899999999999888,921.3645912927245,-30.35924185040585,1198.4366690729962,198.4366690729962,1963.3801854141905,1963.840364350452,924.0610323149845,-30.392810627738054,921.4142574454391,-30.133825713394316
2.5999999999999885,921.0609997865251,-30.359059389460825,1198.4299978728855,198.42999787288545,1963.3341926178082,1963.735652765737,923.6775587980826,-30.373134698138934,920.2262971459645,-30.196051331746844
2.6099999999999883,920.7574101122592,-30.35887546372787,1198.4233261134286,198.42332611342863,1963.498808129689,1963.7625809354456,923.352412741553,-30.354590814640034,920.4260982327863,-30.187695863149923
2.619999999999988,920.4538222751434,-30.35869195943861,1198.4166545627309,198.41665456273086,1963.4373703731044,1963.774119426391,923.024390737085,-30.40914739213983,920.0721926968721,-30.900156589637966
2.629999999999988,920.1502362792867,-30.358507211887243,1198.4099825429055,198.40998254290548,1963.5754346362683,1963.9661998724,922.6555981694111,-30.40264082571473,919.3364650603451,-30.344081727888828
2.6399999999999877,919.8466521314886,-30.358322347738063,1198.4033105127462,198.4033105127462,1963.5784758985317,1963.8594142700465,922.387689690705,-30.4253384766702,919.9765133823493,-30.629617335269387
2.6499999999999875,919.5430698276879,-30.35813841239444,1198.3966388979466,198.39663889794656,1963.4562355026649,1963.947788179904,922.1351573273421,-30.46846407211069,919.8623660570765,-30.856594431075127
2.6599999999999873,919.239489362224,-30.357954680366888,1198.3899674030793,198.38996740307925,1963.4209394423804,1964.0288673146908,921.8422865408979,-30.493743618929187,919.2064494629004,-30.721259540295623
2.669999999999987,918.9359107421133,-30.357769341787282,1198.3832952911641,198.38329529116413,1963.6025366299925,1964.02450091279,921.5190571556293,-30.478724231075503,918.6099926882122,-30.34354974039236
2.679999999999987,918.6323339724973,-30.357584581388764,1198.3766234518305,198.37662345183048,1963.5223158931663,1963.9550632524474,921.187364169052,-30.478146932433724,918.2021272898554,-30.47295124465771
2.6899999999999866,918.3287590537938,-30.35739915934803,1198.3699513802237,198.3699513802237,1963.5906739005761,1964.0023285487623,920.9518182979868,-30.48337891121085,918.831905458401,-30.530466720204977
2.6999999999999864,918.0251859943182,-30.35721273576465,1198.3632789379428,198.36327893794282,1963.6997632909536,1964.035237715897,920.7009396732233,-30.50465349930596,918.4430320503508,-30.696124792161935
2.709999999999986,917.7216147904184,-30.35702804421832,1198.3566072380836,198.3566072380836,1963.4812685847232,1964.0966555255845,920.4294973938386,-30.44664389517746,917.986516879376,-29.92455745802095
2.719999999999986,917.4180454382168,-30.356842396090837,1198.3499351858588,198.34993518585884,1963.584969745075,1963.9277208291965,920.0047699732701,-30.461570602932913,916.1822231881532,-30.59591097273198
2.7299999999999858,917.1144779468399,-30.356655879312534,1198.343262817079,198.343262817079,1963.678131920236,1964.0997096528408,919.744594376986,-30.457170492152166,917.4030140104302,-30.41756949512543
2.7399999999999856,916.8109123232139,-30.356468845898533,1198.3365902750847,198.33659027508475,1963.729108922724,1964.0775038934469,919.4697834652774,-30.465219883128277,916.9964852598995,-30.53766440191328
2.7499999999999853,916.5073485713236,-30.356281532136066,1198.3299176560913,198.3299176560913,1963.75176978837,1964.1250832943012,919.1778694652556,-30.45899636509082,916.55064346506,-30.402984702753688
2.759999999999985,916.2037866915949,-30.35609441360087,1198.3232451537451,198.32324515374512,1963.717440490122,1964.1120750708508,918.9388502909726,-30.44107354464279,916.7876777224249,-30.27976816061051
2.769999999999985,915.9002266869342,-30.355906518545275,1198.316572372371,198.31657237237096,1963.799558426231,1964.0983466755497,918.6518680636726,-30.444913151016713,916.0690280179717,-30.479469608382015
2.7799999999999847,915.5966685574898,-30.355719370326028,1198.309899932247,198.30989993224694,1963.6991285047118,1964.1624263397055,918.3219678018507,-30.448970518582236,915.3528654454535,-30.485486826671913
2.7899999999999845,915.293112305877,-30.355530952234336,1198.3032270122185,198.30322701221849,1963.840364350452,1964.183530163389,918.0388048593722,-30.452256096372057,915.4903383770661,-30.481826296480413
2.7999999999999843,914.9895579345322,-30.35534331671355,1198.296554447989,198.2965544479889,1963.735652765737,1964.2022714983827,917.7483689097331,-30.38030279444684,915.1344453629804,-29.732723077119918
2.809999999999984,914.6860054411225,-30.355155365219858,1198.2898817922603,198.2898817922603,1963.7625809354456,1964.0343878367325,917.4856887980436,-30.387568757489177,915.1215677928383,-30.45296242487021
2.819999999999984,914.3824548281655,-30.354967226178832,1198.2832090973252,198.2832090973252,1963.774119426391,1964.215037214666,917.235426097164,-30.39655086554879,914.9830617892475,-30.477389838085298
2.8299999999999836,914.07890610507,-30.354777392916027,1198.2765357497212,198.27653574972123,1963.9661998724,1964.2415473438011,916.8178678711959,-30.422616107613038,913.0598438374811,-30.657203286191248
2.8399999999999834,913.7753592763078,-30.35458835953617,1198.2698627649634,198.26986276496336,1963.8594142700465,1964.3073580258317,916.4200774156558,-30.42635873732659,912.8399633157949,-30.460042404748563
2.849999999999983,913.4718143420232,-30.35439849737567,1198.2631894799204,198.26318947992036,1963.947788179904,1964.2832002394166,916.1261720272521,-30.36886959396324,913.481023531618,-29.851467303693084
2.859999999999983,913.1682713101998,-30.354207867299092,1198.2565159193791,198.25651591937913,1964.0288673146908,1964.1505502694054,915.8467283242351,-30.37397643716109,913.3317349970819,-30.41993802594175
2.869999999999983,912.8647301849514,-30.35401718237629,1198.2498423736743,198.24984237367426,1964.02450091279,1964.2968584724872,915.5899987893658,-30.438314570952848,913.2794329755432,-31.017357775078654
2.8799999999999826,912.5611909641112,-30.353826985659367,1198.2431690639112,198.24316906391118,1963.9550632524474,1964.4661172910999,915.2988987347459,-30.40673985660689,912.6789982431656,-30.122567427493276
2.8899999999999824,912.2576536476669,-30.353636303206464,1198.2364955935457,198.23649559354567,1964.0023285487623,1964.277100215692,914.9208449137491,-30.367116879970638,911.518360524777,-30.010510090244384
2.899999999999982,911.9541182398767,-30.353445254820453,1198.2298220113585,198.22982201135846,1964.035237715897,1964.259748297681,914.6410970667366,-30.378208354872644,912.1233664436239,-30.478031628990692
2.909999999999982,911.6505847455898,-30.353253602572735,1198.22314822048,198.22314822047997,1964.0966555255845,1964.38528994342,914.3736849279273,-30.30759209390852,911.9669756786429,-29.672045745231415
2.9199999999999817,911.3470531612323,-30.35306326890454,1198.2164750036236,198.2164750036236,1963.9277208291965,1964.2050623920766,914.0801150640108,-30.304692593819112,911.4379862887616,-30.278597093014437
2.9299999999999815,911.0435234878449,-30.352871408580242,1198.2098012023675,198.20980120236754,1964.0997096528408,1964.3575402450679,913.7534878614172,-30.335005806379172,910.8138430380748,-30.60782471941968
2.9399999999999813,910.7399957325906,-30.35267964228086,1198.2031274765643,198.2031274765643,1964.0775038934469,1964.4576457244182,913.4936554393618,-30.36245570474661,911.1551636408627,-30.60950479005352
2.949999999999981,910.4364698974413,-30.35248738759337,1198.1964535890913,198.19645358909133,1964.1250832943012,1964.4841950651203,913.1915151970306,-30.37578859643424,910.472253016051,-30.495784621622906
2.959999999999981,910.1329459847524,-30.352295150166967,1198.189779745819,198.1897797458189,1964.1120750708508,1964.4811915884948,912.9096072670902,-30.363429388648903,910.3724358976256,-30.25219651858088
2.9699999999999807,909.8294239943215,-30.352102936012944,1198.1831059491942,198.1831059491942,1964.0983466755497,1964.4421795889434,912.6534659370262,-30.377597235350947,910.3481939664504,-30.50510785566937
2.9799999999999804,909.5259039291627,-30.351910095748487,1198.1764319348335,198.17643193483354,1964.1624263397055,1964.5208836679726,912.3272159894752,-30.404391432864173,909.3909664615161,-30.64553921048318
2.9899999999999802,909.2223857937438,-30.351716988040703,1198.1697578487644,198.16975784876445,1964.183530163389,1964.5781259565201,911.9945183068983,-30.38780497359048,909.0002391637057,-30.238526840127246
2.99999999999998,908.9188695906406,-30.351523632603115,1198.1630836990141,198.16308369901412,1964.2022714983827,1964.501647198851,911.7248028661048,-30.411841799217072,909.2973638989633,-30.6281732298564
3.00999999999998,908.6153553145425,-30.351331587024703,1198.1564101197146,198.15641011971456,1964.0343878367325,1964.6135119006685,911.4573384069539,-30.36512164223369,909.0501582745953,-29.944640229383218
3.0199999999999796,908.3118429668954,-30.35113794241683,1198.1497359265877,198.1497359265877,1964.215037214666,1964.467191780134,911.1634606081093,-30.307419397875265,908.5185604185073,-29.788099198649412
3.0299999999999794,908.0083325572571,-30.35094398523063,1198.1430616433822,198.14306164338223,1964.2415473438011,1964.434871709737,910.8092583430689,-30.349111497710144,907.6214379577053,-30.724340396224054
3.039999999999979,907.7048240903937,-30.350749387449195,1198.1363871365593,198.13638713655928,1964.3073580258317,1964.673043220746,910.4098789053562,-30.304393957339375,906.8154639659415,-29.90193609400244
3.049999999999979,907.4013175689566,-30.35055489996573,1198.1297127118219,198.12971271182187,1964.2832002394166,1964.4963568630533,910.141741054534,-30.310677591729327,907.7285003971336,-30.367230301238866
3.0599999999999787,907.0978129873154,-30.35036142829542,1198.1230387378148,198.1230387378148,1964.1505502694054,1964.6199991392868,909.8513466791281,-30.34841064680489,907.2377973004752,-30.688008142484936
3.0699999999999785,906.7943103469531,-30.350166644162552,1198.1163642666681,198.11636426666814,1964.2968584724872,1964.7203010809512,909.6679306448915,-30.3447096110814,908.0171863367615,-30.311400289569985
3.0799999999999783,906.4908096619523,-30.34997035598988,1198.109689220398,198.10968922039797,1964.4661172910999,1964.6541144478451,909.3556882863279,-30.323462686855287,906.5455070592548,-30.13224036882027
3.089999999999978,906.1873109324019,-30.34977555409579,1198.1030148163877,198.1030148163877,1964.277100215692,1964.6269090964558,909.0629010125222,-30.31937745285096,906.4278155482702,-30.28261034681205
3.099999999999978,905.8838141506029,-30.34958080569764,1198.0963404713375,198.0963404713375,1964.259748297681,1964.6776967028534,908.705468603558,-30.308253737421552,905.4885769228803,-30.20814029855684
3.1099999999999777,905.5803193219839,-30.349384918125107,1198.0896656997102,198.08966569971017,1964.38528994342,1964.6765536970447,908.4870549002243,-30.27200425410726,906.5213315702214,-29.945758904278613
3.1199999999999775,905.2768264451759,-30.34919044349916,1198.0829915404768,198.08299154047677,1964.2050623920766,1964.6266362938356,908.2456913860514,-30.295059343339386,906.0734197584956,-30.502555146428517
3.1299999999999772,904.973335519934,-30.348994604862646,1198.07631686314,198.07631686313994,1964.3575402450679,1964.7752559049297,907.8689755584267,-30.3042264770947,904.4785331098047,-30.38673068089254
3.139999999999977,904.6698465577131,-30.348797839330484,1198.0696418456553,198.06964184565527,1964.4576457244182,1964.7705548100453,907.5518489039698,-30.275857867764152,904.6977090138574,-30.0205403837892
3.149999999999977,904.3663595647123,-30.348600760843137,1198.0629667379587,198.06296673795873,1964.4841950651203,1964.6997613487506,907.1486767385583,-30.237245647488233,903.5201272498549,-29.889735665004952
3.1599999999999766,904.0628745428278,-30.34840361606754,1198.0562916404679,198.05629164046786,1964.4811915884948,1964.6783915879014,906.8321961240563,-30.26116787644459,903.9838705935383,-30.476467937051765
3.1699999999999764,903.7593914912197,-30.348206705560948,1198.0496166755356,198.04961667553562,1964.4421795889434,1964.8338691107851,906.4743104420096,-30.3195174595122,903.2533393035897,-30.844663707120677
3.179999999999976,903.4559104124581,-30.348009046763483,1198.0429414431753,198.04294144317532,1964.5208836679726,1964.9504046848106,906.2136289682526,-30.320167079221676,903.8674957044391,-30.32601365660696
3.189999999999976,903.1524313131304,-30.347810818803556,1198.0362660163116,198.03626601631163,1964.5781259565201,1964.8538358586047,905.8430111577534,-30.361783816341774,902.5074508632598,-30.73633445042264
3.1999999999999758,902.8489541933471,-30.347613137840764,1198.0295908493147,198.02959084931467,1964.501647198851,1964.975126054283,905.5268162263483,-30.31029610273299,902.6810618437021,-29.846906680253944
3.2099999999999755,902.5454790554991,-30.347414431774514,1198.0229153022135,198.0229153022135,1964.6135119006685,1964.7816698215888,905.2157029416951,-30.35910222423069,902.4156833798173,-30.798357317709947
3.2199999999999753,902.2420058990618,-30.34721685567903,1198.0162402522924,198.0162402522924,1964.467191780134,1965.0252052684707,904.9060460842276,-30.366095394467955,902.1191343670189,-30.42903392660333
3.229999999999975,901.9385347174934,-30.34701945800021,1198.0095653121914,198.0095653121914,1964.434871709737,1964.963628465591,904.4744506154071,-30.365816646816718,900.5900913960227,-30.363307917955556
3.239999999999975,901.635065520299,-30.34681998089997,1198.002889562809,198.00288956280906,1964.673043220746,1964.9674976696713,904.1789653793859,-30.343030789280643,901.5195982551946,-30.137958071455945
3.2499999999999747,901.3315983109583,-30.346621887256138,1197.996214413788,197.99621441378804,1964.4963568630533,1964.9296188379237,903.9866764772904,-30.30959294819176,902.256076358431,-30.00865237839181
3.2599999999999745,901.0281330881711,-30.34642267016762,1197.989538844644,197.9895388446439,1964.6199991392868,1964.9100918018078,903.6773777038508,-30.346471697651594,900.8936887428937,-30.67838044279012
3.2699999999999743,900.7246698621981,-30.34622252444535,1197.9828629346844,197.98286293468436,1964.7203010809512,1965.0876964073193,903.510774909848,-30.344670227310537,902.011349763823,-30.328456994241
3.279999999999974,900.4212086353768,-30.346022839815177,1197.97618724962,197.9761872496199,1964.6541144478451,1965.02796492864,903.2025147469965,-30.3455292411743,900.4281732813333,-30.353260365948177
3.289999999999974,900.1177494047232,-30.345823290892532,1197.9695116569965,197.96951165699647,1964.6269090964558,1965.052246323418,902.9039424508076,-30.349889458503842,900.2167917851071,-30.389131414469716
3.2999999999999736,899.8142921721355,-30.34562322663726,1197.9628358918021,197.96283589180211,1964.6776967028534,1965.0799642684228,902.5662943225964,-30.365868603554397,899.5274611686954,-30.50968090900938
3.3099999999999734,899.5108369405997,-30.345423080532274,1197.9561601304915,197.95616013049153,1964.6765536970447,1965.129742825379,902.259110920886,-30.3801267943862,899.4944603054917,-30.508450511872404
3.319999999999973,899.2073837088984,-30.345223259723475,1197.9494845387949,197.94948453879488,1964.6266362938356,1965.1519954058285,901.9182959105533,-30.373443534089173,898.8509608175598,-30.313294191415906
3.329999999999973,898.9039324820652,-30.345022106909745,1197.9428084421047,197.9428084421047,1964.7752559049297,1965.125329858408,901.6041107068335,-30.32548160171375,898.7764438733548,-29.893824210334937
3.3399999999999728,898.600483267021,-30.344820901935986,1197.9361323613884,197.93613236138845,1964.7705548100453,1965.0373017530271,901.1711994724326,-30.294670326178302,897.2749983628245,-30.017368846359247
3.3499999999999726,898.2970360615287,-30.34462019652045,1197.9294565212208,197.9294565212208,1964.6997613487506,1965.074676848505,900.946087390967,-30.36186702018476,898.9200786577776,-30.966637266242895
3.3599999999999723,897.9935908626557,-30.344419578095945,1197.9227807536654,197.9227807536654,1964.6783915879014,1965.3228381405406,900.633703358432,-30.371265501955754,897.8222470656154,-30.45585183789468
3.369999999999972,897.6901476769133,-30.344217570381602,1197.9161044578138,197.91610445781384,1964.8338691107851,1965.2304974790175,900.2689722055443,-30.391895209426067,896.9863918295543,-30.577562576658863
3.379999999999972,897.3867065165692,-30.344014498435474,1197.909427765987,197.90942776598695,1964.9504046848106,1965.2818510800812,899.9252168443736,-30.3345390250243,896.8314185938364,-29.818333365408385
3.3899999999999717,897.083267383371,-30.343812141209494,1197.9027514022905,197.9027514022905,1964.8538358586047,1965.1157195024016,899.6878058179308,-30.297319683792992,897.5511065799448,-29.962345612711246
3.3999999999999715,896.7798302792647,-30.343608680045772,1197.896074626463,197.8960746264629,1964.975126054283,1965.1558651286225,899.4330918672663,-30.335820136554787,897.1406663112864,-30.68232421141094
3.4099999999999713,896.4763952021524,-30.34340674241997,1197.889398507979,197.88939850797897,1964.7816698215888,1965.336551868671,899.1111961874409,-30.321897560304468,896.2141350690125,-30.196594374051593
3.419999999999971,896.1729621550386,-30.34320268034449,1197.8827215619876,197.88272156198764,1965.0252052684707,1965.2139292105776,898.756266393756,-30.302638119403298,895.5618982505927,-30.129303151292774
3.429999999999971,895.8695311464325,-30.342999040880493,1197.8760448252276,197.8760448252276,1964.963628465591,1965.1828091083194,898.4555765991158,-30.317918835777505,895.7493684473534,-30.455445283145373
3.4399999999999706,895.5661021748396,-30.34279527768514,1197.8693680753204,197.86936807532038,1964.9674976696713,1965.248713467506,898.2021771550983,-30.30707858062369,895.9215821589413,-30.209516284239328
3.4499999999999704,895.2626752397548,-30.34259173927598,1197.8626914541214,197.86269145412143,1964.9296188379237,1965.1802350620233,897.8901786552731,-30.27585000238799,895.0821921568453,-29.994792798266708
3.45999999999997,894.9592503396962,-30.34238827245278,1197.8560148992733,197.8560148992733,1964.9100918018078,1965.1130280003995,897.5430326573354,-30.264025761186144,894.4187186758962,-30.1576075903695
3.46999999999997,894.6558274821764,-30.34218323151326,1197.8493377409436,197.8493377409436,1965.0876964073193,1965.1351085350123,897.283967202718,-30.28112790139828,894.9523781111606,-30.43504716330746
3.47999999999997,894.3524066730299,-30.341978597783324,1197.8426607855752,197.84266078557516,1965.02796492864,1965.1906953714522,897.0071178008614,-30.324746378328346,894.515473184151,-30.717312670698917
3.4899999999999696,894.0489879116916,-30.341773669902107,1197.8359837477012,197.83598374770122,1965.052246323418,1965.2547206156562,896.7575061629047,-30.33199617157901,894.5110014212951,-30.397244310835003
3.4999999999999694,893.7455712012462,-30.34156841917554,1197.8293066156446,197.82930661564455,1965.0799642684228,1965.174791343567,896.430176515713,-30.301483119563557,893.4842096909866,-30.026865651424473
3.509999999999969,893.4421565458431,-30.341362661427155,1197.8226293144457,197.82262931444575,1965.129742825379,1965.073192173095,896.0961573341989,-30.34772491264082,893.0899847005717,-30.763901050336223
3.519999999999969,893.1387439494036,-30.341156626449084,1197.815951937635,197.81595193763496,1965.1519954058285,1965.2390055318772,895.7225845370432,-30.328887785481278,892.3604293626416,-30.159353641045392
3.5299999999999687,892.8353334126583,-30.34095072263156,1197.809274651431,197.809274651431,1965.125329858408,1965.0886117773903,895.36983795698,-30.277450253736777,892.1951187364102,-29.814512468036252
3.5399999999999685,892.5319249317338,-30.340745462267176,1197.802597664337,197.8025976643371,1965.0373017530271,1964.9868749986979,894.9819501840611,-30.232886083541118,891.4909602277919,-29.831808551780163
3.5499999999999683,892.2285185054304,-30.340539798423396,1197.7959205502466,197.7959205502466,1965.074676848505,1964.9675229176055,894.7171578895582,-30.24655284838546,892.3340272390317,-30.369553731984514
3.559999999999968,891.9251141465818,-30.340331971310096,1197.7892425929303,197.78924259293035,1965.3228381405406,1965.080001245281,894.4107075609202,-30.24395667724736,891.6526546031773,-30.220591137004476
3.569999999999968,891.6217118626071,-30.34012482364508,1197.782564949378,197.78256494937796,1965.2304974790175,1965.0353589968947,894.1299262559676,-30.220474435426638,891.6028945113947,-30.009134259040124
3.5799999999999677,891.31831165271,-30.33991715577121,1197.7758871313315,197.7758871313315,1965.2818510800812,1964.9710279520643,893.854476178075,-30.22790965461724,891.3754254770411,-30.294826627332647
3.5899999999999674,891.0149135130141,-30.339710783422134,1197.7692098777825,197.7692098777825,1965.1157195024016,1965.025762418447,893.5523393009582,-30.24079813620936,890.8331074069072,-30.356794470538453
3.5999999999999672,890.7115174391747,-30.339503984441812,1197.762532487823,197.7625324878229,1965.1558651286225,1965.0322960332967,893.2836472032245,-30.301973772812303,890.8654183236207,-30.8525545022388
3.609999999999967,890.4081234413252,-30.339295585459865,1197.755854483909,197.75585448390893,1965.336551868671,1965.1486407898851,892.9286855559294,-30.28340803125638,889.7340307302724,-30.11631635725305
3.619999999999967,890.1047315228041,-30.339088118764096,1197.7491768966538,197.7491768966538,1965.2139292105776,1964.969056796449,892.6548334245233,-30.29449554009773,890.190164241868,-30.3942831196699
3.6299999999999666,889.8013416781082,-30.33888082041637,1197.7424994151413,197.7424994151413,1965.1828091083194,1965.0230893603107,892.3704059465351,-30.288506616968746,889.8105586446409,-30.23460630880787
3.6399999999999664,889.4979539096042,-30.33867288035891,1197.7358217096928,197.7358217096928,1965.248713467506,1964.9751245147554,892.0561727588265,-30.316872385069832,889.2280740694496,-30.572164297979604
3.649999999999966,889.1945682180997,-30.33846542055482,1197.7291442369267,197.7291442369267,1965.1802350620233,1965.0471988984395,891.7798045675087,-30.348382871946782,889.2924908456486,-30.631977253839327
3.659999999999966,888.8911845988449,-30.33825843039802,1197.722466992523,197.7224669925231,1965.1130280003995,1965.0584260735486,891.511355208428,-30.39844793591904,889.0953109767022,-30.849033511669372
3.6699999999999657,888.5878030508708,-30.338051164418705,1197.715789673092,197.7157896730921,1965.1351085350123,1965.1097506237916,891.2704577745385,-30.378230334296617,889.1023808695336,-30.19627191969479
3.6799999999999655,888.2844235783344,-30.337843342861074,1197.709112164783,197.70911216478294,1965.1906953714522,1964.948259234313,890.9846558416338,-30.3447109056347,888.4124384454914,-30.04303604767742
3.6899999999999653,887.9810461871438,-30.337634895261775,1197.7024344389229,197.70243443892286,1965.2547206156562,1964.894078302442,890.7675685984079,-30.313572202646867,888.8137834093751,-30.033323875756338
3.699999999999965,887.6776708775498,-30.337427023533067,1197.695756984654,197.69575698465405,1965.174791343567,1964.8724524864028,890.3665351147556,-30.35434499373756,886.757233761884,-30.721300113553777
3.709999999999965,887.374297642889,-30.337219908614998,1197.6890798756083,197.6890798756083,1965.073192173095,1965.0258443941898,890.0360704386842,-30.351849753718977,887.0618883540412,-30.32939259355175
3.7199999999999647,887.070926486757,-30.33701131778326,1197.6824022031465,197.68240220314647,1965.2390055318772,1964.927243795308,889.7654389945149,-30.372138224520008,887.3297559969916,-30.5547344617293
3.7299999999999645,886.7675574107122,-30.33680389117198,1197.6757250417065,197.67572504170653,1965.0886117773903,1964.9721376229595,889.4749891743585,-30.391266279155808,886.8609407929508,-30.563418770877977
3.7399999999999642,886.4641904051438,-30.336597222539446,1197.6690482259573,197.66904822595734,1964.9868749986979,1964.9685638164142,889.1433334072874,-30.42799920639962,886.1584315036478,-30.758595551593913
3.749999999999964,886.160825465911,-30.336390624023537,1197.6623714759644,197.6623714759644,1964.9675229176055,1965.0113235837384,888.7989209508443,-30.4593888863305,885.6992088428556,-30.741896005708437
3.759999999999964,885.8574625978165,-30.33618299489494,1197.6556943437822,197.65569434378222,1965.080001245281,1965.0055155940895,888.4559814528926,-30.41545904328871,885.3695259713278,-30.020090455912587
3.7699999999999636,885.5541018046068,-30.33597564703798,1197.6490173632894,197.64901736328943,1965.0353589968947,1964.8220946724882,888.1183235436224,-30.328539241718516,885.0794023601909,-29.546261027586763
3.7799999999999634,885.2507430826473,-30.335768744853247,1197.6423406013869,197.64234060138688,1964.9710279520643,1964.6818381462479,887.856231392569,-30.323717108321144,885.4974020330877,-30.280317907744784
3.789999999999963,884.9473864324522,-30.33556129418286,1197.6356636535024,197.63566365350243,1965.025762418447,1964.8328060616127,887.5224290075482,-30.303892230525047,884.5182075423616,-30.125468330360164
3.799999999999963,884.6440318574938,-30.33535369748489,1197.6289866834175,197.62898668341745,1965.0322960332967,1964.7820714783445,887.2058074012309,-30.30337808278167,884.3562129443749,-30.298750753091284
3.8099999999999627,884.3406793638171,-30.335145037852897,1197.6223093180054,197.62230931800536,1965.1486407898851,1964.8096191730406,887.047298824403,-30.309436575280532,885.6207216329515,-30.36396300777029
3.8199999999999625,884.0373289496966,-30.334937786238527,1197.6156325628006,197.61563256280056,1964.969056796449,1964.8149763678068,886.8037655032467,-30.333081989130108,884.6119656128395,-30.54589071377629
3.8299999999999623,883.7339806108056,-30.334729991985245,1197.6089556239988,197.60895562399878,1965.0230893603107,1964.8511565740012,886.4950375894778,-30.28012277034656,883.7164863655571,-29.803489801294592
3.839999999999962,883.4306343483119,-30.334522506759896,1197.6022788481764,197.6022788481764,1964.9751245147554,1964.6606510584843,886.1572489124718,-30.231189287247986,883.1171508194179,-29.79078793936082
3.849999999999962,883.1272901641369,-30.334314328238488,1197.595601827453,197.59560182745304,1965.0471988984395,1964.6334194114727,885.8896406344111,-30.258375794623866,883.4811661318646,-30.503054361006768
3.8599999999999617,882.8239480626733,-30.334105964488028,1197.588924768581,197.5889247685809,1965.0584260735486,1964.7884358725378,885.6146917641902,-30.23677217812148,883.140151932201,-30.042339629600008
3.8699999999999615,882.5206080474474,-30.33389708068841,1197.5822475353134,197.5822475353134,1965.1097506237916,1964.6692369811572,885.3363738906268,-30.293591409974887,882.831513028556,-30.804964496655547
3.8799999999999613,882.2172701147746,-30.33368945387799,1197.5755708507763,197.57557085077633,1964.948259234313,1964.843675175902,884.9881066542504,-30.30502677343174,881.8537015268621,-30.407945044543442
3.889999999999961,881.9139342565651,-30.33348218801412,1197.5688943503403,197.56889435034032,1964.894078302442,1964.7478088918874,884.6769677430268,-30.28925215196346,881.8767175420151,-30.147280558748918
3.899999999999961,881.6106004705687,-30.333275011259982,1197.5622179233865,197.56221792338647,1964.8724524864028,1964.6746856805967,884.3792160658277,-30.333714768654417,881.6994509710353,-30.73387831887301
3.9099999999999606,881.3072687632015,-30.33306646216763,1197.5555409752235,197.5555409752235,1965.0258443941898,1964.8065756535955,884.0910312281153,-30.315332365647226,881.4973676887045,-30.14989073858248
3.9199999999999604,881.003939137666,-30.332858644938582,1197.5488643620947,197.54886436209472,1964.927243795308,1964.6608777566712,883.810311541467,-30.28466157180972,881.2838343616314,-30.008624427272196
3.92999999999996,880.7006115926345,-30.332650361351178,1197.5421875964216,197.54218759642163,1964.9721376229595,1964.6101494648235,883.5410376543113,-30.275685048387015,881.1175726699089,-30.194896337582648
3.93999999999996,880.397286130747,-30.332442016124023,1197.5355108428919,197.53551084289188,1964.9685638164142,1964.6382333835513,883.223154216382,-30.331189573166196,880.3622032750177,-30.83073029617882
3.9499999999999598,880.0939627545546,-30.332233222348876,1197.528833944069,197.528833944069,1965.0113235837384,1964.7841314016264,882.9317159811559,-30.32506330746957,880.3087718641209,-30.269926916199942
3.9599999999999596,879.7906414665149,-30.332024385585235,1197.522157064981,197.522157064981,1965.0055155940895,1964.6469901117334,882.6311874715516,-30.364061872555748,879.9264308851126,-30.715048958331327
3.9699999999999593,879.4873222596419,-30.33181698900321,1197.5154808091377,197.51548080913767,1964.8220946724882,1964.7459225117198,882.2627481233403,-30.329242798600507,878.9467939894378,-30.01587113300334
3.979999999999959,879.184005121336,-30.331610672177824,1197.5088050298712,197.50880502987116,1964.6818381462479,1964.570062162193,881.952896065447,-30.30903456503706,879.1642275444077,-30.127160462966035
3.989999999999959,878.880690052959,-30.33140300320864,1197.5021287376317,197.50212873763166,1964.8328060616127,1964.5783649637829,881.6470913830049,-30.31037872466935,878.8948492410243,-30.322476161359916
3.9999999999999587,878.5773770596109,-30.3311956664338,1197.495452617783,197.49545261778303,1964.7820714783445,1964.6113262365627,881.3870341409643,-30.327941760692315,879.0465189625988,-30.486009084899013
4.009999999999959,878.274066141238,-30.330988008142672,1197.48877640433,197.4887764043301,1964.8096191730406,1964.6417301932006,881.0805433798387,-30.3421146440985,878.3221265297085,-30.469670594754184
4.019999999999959,877.9707573001291,-30.330780213639017,1197.482100172674,197.4821001726741,1964.8149763678068,1964.6312208638765,880.7478399604961,-30.35025636475661,877.7535091864129,-30.42353185067961
4.0299999999999585,877.6674505389333,-30.330572025522546,1197.4754238180817,197.4754238180817,1964.8511565740012,1964.6124139034266,880.4509077069215,-30.36265038948311,877.7785174247501,-30.47419661202159
4.039999999999958,877.3641458521215,-30.33036533681745,1197.4687481108067,197.4687481108067,1964.6606510584843,1964.616299829487,880.2050193277203,-30.386260103283128,877.9920239149083,-30.5987475274833
4.049999999999958,877.0608432315171,-30.33015878405763,1197.4620724960619,197.46207249606186,1964.6334194114727,1964.6397214187486,879.8812581358918,-30.393841903108804,876.9674074094364,-30.462078101539884
4.059999999999958,876.7575426833704,-30.329950845292796,1197.4553963545877,197.45539635458772,1964.7884358725378,1964.6006419948262,879.6412354848574,-30.381556154031855,877.4810316255473,-30.270984412339324
4.069999999999958,876.4542442100915,-30.329743810484132,1197.4487206181386,197.44872061813862,1964.6692369811572,1964.5439486732944,879.3741285843541,-30.420941730868194,876.9701664798258,-30.775411922395225
4.079999999999957,876.1509478149018,-30.32953522745803,1197.442044288967,197.44204428896705,1964.843675175902,1964.6561694204913,879.0651630207024,-30.385112156658472,876.2844729478364,-30.062645988771
4.089999999999957,875.8476535019968,-30.329327353538265,1197.435368285539,197.43536828553897,1964.7478088918874,1964.4770086780366,878.7475262682956,-30.347569265094492,875.8887954966344,-30.00968324101866
4.099999999999957,875.5443612652351,-30.329119998805677,1197.4286925305757,197.42869253057574,1964.6746856805967,1964.4439954719924,878.4013453454846,-30.303443915260043,875.285717040185,-29.90631576675
4.109999999999957,875.2410711079854,-30.328911451157623,1197.4220163274645,197.42201632746446,1964.8065756535955,1964.397953157494,878.2002628279156,-30.31687582566299,876.390520169795,-30.43776301928952
4.119999999999957,874.9377830305856,-30.32870402878717,1197.415340619419,197.4153406194191,1964.6608777566712,1964.5089681841298,877.8517397221126,-30.274457111661878,874.7150317698852,-29.89268868565186
4.129999999999956,874.6344970257487,-30.32849693859198,1197.408665083743,197.40866508374302,1964.6101494648235,1964.3652429312879,877.6089940597627,-30.295546895169487,875.4242830986141,-30.48535494673796
4.139999999999956,874.3312130934438,-30.32828952238837,1197.4019894526407,197.4019894526407,1964.6382333835513,1964.4919904502638,877.2602066222761,-30.30727469615719,874.1211196848959,-30.412824905046524
4.149999999999956,874.0279312418505,-30.32808079625706,1197.3953133257926,197.39531332579259,1964.7841314016264,1964.468315863332,876.8697565586818,-30.336914864561702,873.3557059863334,-30.60367638020232
4.159999999999956,873.7246514722494,-30.327873123968324,1197.388637664936,197.3886376649359,1964.6469901117334,1964.508145356874,876.505039011701,-30.35904461745549,873.2225810888734,-30.558212393499563
4.1699999999999555,873.4213737839598,-30.32766453396915,1197.3819616679175,197.3819616679175,1964.7459225117198,1964.4933748317117,876.1949382445575,-30.34888016713076,873.4040313402664,-30.257400114208192
4.179999999999955,873.118098174684,-30.32745732119115,1197.375286268454,197.37528626845392,1964.570062162193,1964.4128890849422,875.9647792622109,-30.376688503758963,873.893348421091,-30.626963533412788
4.189999999999955,872.81482463834,-30.32724994760082,1197.3686108407783,197.36861084077827,1964.5783649637829,1964.4919246800314,875.6989999197476,-30.378164313469917,873.3069858375783,-30.391446600868473
4.199999999999955,872.5115531775658,-30.327042207257126,1197.3619353011036,197.36193530110359,1964.6113262365627,1964.4291833382179,875.3777820600469,-30.352807518083644,872.4868213227396,-30.124596359607146
4.209999999999955,872.208283795922,-30.326834121512366,1197.3552596581196,197.35525965811962,1964.6417301932006,1964.3520253560573,875.0046961325563,-30.338737886040995,871.6469227851408,-30.21211119765715
4.2199999999999545,871.9050164951541,-30.326626032058407,1197.3485840508451,197.34858405084515,1964.6312208638765,1964.356750325089,874.7030507792267,-30.322753162722496,871.9882425992606,-30.178890652855962
4.229999999999954,871.6017512749528,-30.32641800819574,1197.3419085074747,197.34190850747473,1964.6124139034266,1964.3341132970936,874.4073792609947,-30.249460643072496,871.7463355969066,-29.589827966222472
4.239999999999954,871.2984881356098,-30.326209860398773,1197.3352329509005,197.3352329509005,1964.616299829487,1964.1720370643454,874.0646031492437,-30.27306547345518,870.9796181434841,-30.48550894689932
4.249999999999954,870.9952270791803,-30.326001425506426,1197.328557314742,197.32855731474206,1964.6397214187486,1964.3668197779518,873.7265085159161,-30.29502338223511,870.6836568159679,-30.4926445612545
4.259999999999954,870.6919681059251,-30.32579322551827,1197.3218818113714,197.32188181137144,1964.6006419948262,1964.3636903585598,873.3911851185517,-30.2624298706302,870.3732745422718,-29.969088266186006
4.269999999999953,870.3887112127597,-30.325585407549546,1197.3152065006386,197.31520650063862,1964.5439486732944,1964.2274764465271,873.161962940372,-30.285867813134622,871.0989633367547,-30.49680929567439
4.279999999999953,870.0854564029179,-30.325376560833547,1197.3085308085917,197.30853080859174,1964.6561694204913,1964.340444322611,872.8126945079714,-30.275676221212926,869.6692786163658,-30.183951893917627
4.289999999999953,869.7822036745188,-30.325169118991038,1197.3018557253138,197.30185572531377,1964.4770086780366,1964.2572748366817,872.4820342724121,-30.261637556458073,869.5060921523783,-30.135289573664384
4.299999999999953,869.4789530196168,-30.32496186140534,1197.2951807542113,197.2951807542113,1964.4439954719924,1964.2317477237277,872.1918722981752,-30.313442310402717,869.5804145300425,-30.779685095904508
4.3099999999999525,869.1757044358253,-30.32475489690123,1197.2885059395555,197.28850593955553,1964.397953157494,1964.378523484913,871.9676307720067,-30.260697238859702,869.9494570364903,-29.78599159497257
4.319999999999952,868.8724579267723,-30.324546913708886,1197.2818307476828,197.28183074768276,1964.5089681841298,1964.1322380984238,871.6274740529591,-30.278713253142698,868.5660635815301,-30.440857381689682
4.329999999999952,868.5692134920064,-30.324340039466883,1197.275156044173,197.27515604417295,1964.3652429312879,1964.2719544663835,871.3359412664,-30.273242228075507,868.7121461873688,-30.224003002470774
4.339999999999952,868.2659711317334,-30.324132015124835,1197.2684809099885,197.2684809099885,1964.4919904502638,1964.2114318554636,871.061871466567,-30.21802507061745,868.5952432680698,-29.72107065349493
4.349999999999952,867.9627308511725,-30.323924097041413,1197.261805856248,197.26180585624797,1964.468315863332,1964.073517294574,870.7431100436529,-30.252563890596,867.8742572374255,-30.56341327040295
4.3599999999999515,867.6594926519132,-30.323715754807928,1197.255130667171,197.255130667171,1964.508145356874,1964.259485072377,870.3657823430782,-30.28160697821545,866.9698330379059,-30.542994766790503
4.369999999999951,867.3562565359168,-30.3235074444611,1197.2484555282826,197.24845552828265,1964.4933748317117,1964.2522013451637,870.0631734137183,-30.23196028893448,867.3396930494799,-29.785140085405764
4.379999999999951,867.05302250012,-30.32329971488739,1197.2417806628764,197.2417806628764,1964.4128890849422,1964.059184721723,869.7362777574067,-30.234380592980607,866.794216850602,-30.256163329395722
4.389999999999951,866.7497905453772,-30.323091233689947,1197.2351055289155,197.23510552891548,1964.4919246800314,1964.1537155784424,869.4368078914001,-30.2075998588481,866.7415790973408,-29.96657325165552
4.399999999999951,866.4465606732836,-30.32288318505968,1197.228430608143,197.22843060814307,1964.4291833382179,1964.0711094180024,869.2641297908822,-30.235054254656866,867.7100268862204,-30.48214381693578
4.40999999999995,866.1433328789112,-30.32267568942112,1197.2217559495452,197.22175594954524,1964.3520253560573,1964.1824935041377,868.9275781275592,-30.21249157182122,865.8986131576521,-30.009427426300398
4.41999999999995,865.8401071601498,-30.322468062842642,1197.2150812748923,197.21508127489233,1964.356750325089,1964.0603650585028,868.6529256052995,-30.168088001151283,866.181052904963,-29.768455865121833
4.42999999999995,865.5368835171663,-30.322260533869606,1197.2084066771577,197.20840667715765,1964.3341132970936,1963.9836685245614,868.3705178057525,-30.194284017146728,865.8288476098293,-30.430048161105724
4.43999999999995,865.233661943161,-30.32205426720701,1197.201732630141,197.2017326301409,1964.1720370643454,1964.1271528575598,868.0863649610279,-30.173799934735268,865.5289893585071,-29.98944319303214
4.4499999999999496,864.9304424404145,-30.321846282101088,1197.1950579212732,197.19505792127325,1964.3668197779518,1964.012738663373,867.8117968180266,-30.17338634853863,865.3406835310132,-30.1696640727689
4.459999999999949,864.6272250178456,-30.321638231655495,1197.188383223039,197.18838322303895,1964.3636903585598,1964.0418598343388,867.5466733724879,-30.153132669136948,865.1605623626402,-29.97084955452179
4.469999999999949,864.3240096705498,-30.32143122751168,1197.181708987645,197.18170898764492,1964.2274764465271,1963.9812397970884,867.2935149518461,-30.150501228346734,865.0150891660686,-30.12681826123479
4.479999999999949,864.0207963984708,-30.32122318828442,1197.1750343683982,197.1750343683982,1964.340444322611,1964.0043562925778,866.9578871924928,-30.163172013747506,863.9372373583124,-30.277209082354425
4.489999999999949,863.7175852037678,-30.321015752291796,1197.1683600317524,197.1683600317524,1964.2572748366817,1964.0304832544805,866.6941824419457,-30.203464457731553,864.320839687022,-30.566096453587967
4.4999999999999485,863.4143760828161,-30.320808438055128,1197.161685781845,197.1616857818451,1964.2317477237277,1964.095060368273,866.3846354714765,-30.226999020133732,863.5987127372526,-30.438810081753335
4.509999999999948,863.1111690415943,-30.320599806315446,1197.1550110332093,197.15501103320935,1964.378523484913,1964.0624996014603,866.0587260696351,-30.198005542873688,863.1255414530617,-29.937064247533257
4.519999999999948,862.807964076861,-30.3203931403449,1197.1483371214251,197.14833712142513,1964.1322380984238,1963.932133690716,865.7432048237587,-30.208851206176124,862.903513610871,-30.306462175898055
4.529999999999948,862.5047611850802,-30.320185215833312,1197.1416627348997,197.14166273489968,1964.2719544663835,1964.0064230664018,865.3513676528419,-30.197597000161025,861.8248331145902,-30.096309146025146
4.539999999999948,862.201560370474,-30.31997770540244,1197.1349885540235,197.1349885540235,1964.2114318554636,1963.9457837185878,865.0686611336622,-30.144937428986005,862.5243024610445,-29.671001288410803
4.549999999999947,861.8983616256693,-30.319771255536107,1197.1283148417663,197.12831484176627,1964.073517294574,1963.8258310296612,864.7362422711153,-30.155846301811096,861.7444725081928,-30.254026157236925
4.559999999999947,861.5951649535878,-30.31956316075863,1197.1216404976103,197.12164049761031,1964.259485072377,1963.9476109402171,864.4346037235482,-30.124894389312946,861.7198567954431,-29.846327176829586
4.569999999999947,861.2919703626073,-30.319355035344334,1197.1149661782038,197.11496617820376,1964.2522013451637,1963.837600975789,864.1155756108348,-30.135969808142974,861.2443225964139,-30.235648577613233
4.579999999999947,860.9887778452767,-30.31914843079747,1197.108292514647,197.10829251464702,1964.059184721723,1963.9163809504216,863.8332906597648,-30.148689396713735,861.2927261001349,-30.26316569385056
4.589999999999947,860.685587398397,-30.318940945126705,1197.1016185298847,197.10161852988472,1964.1537155784424,1963.9152177492267,863.4961986529005,-30.159891851768084,860.4623705911218,-30.260713947257212
4.599999999999946,860.3823990233813,-30.318734058033613,1197.0949448258093,197.0949448258093,1964.0711094180024,1963.906972854406,863.2385002774415,-30.20657153137697,860.9192148983111,-30.62668864785693
4.609999999999946,860.079212722346,-30.318526149020265,1197.0882707432627,197.08827074326268,1964.1824935041377,1963.9904557427176,862.9292200056393,-30.238770617589473,860.1456975594194,-30.528562393502018
4.619999999999946,859.7760284957573,-30.318319168741034,1197.0815970756953,197.0815970756953,1964.0603650585028,1963.9667820853053,862.6736531860975,-30.292421079848147,860.3735518102196,-30.775275240176168
4.629999999999946,859.4728463362252,-30.3181127376897,1197.0749236687345,197.07492366873453,1963.9836685245614,1964.0256987270677,862.3256264087468,-30.283673889380367,859.1933854125894,-30.20494917517034
4.6399999999999455,859.169666247454,-30.317905016551926,1197.0682497742293,197.06824977422934,1964.1271528575598,1963.8857189071048,862.0883065940792,-30.289069509929714,859.9524282620712,-30.337630094873823
4.649999999999945,858.8664882315725,-30.317698159724557,1197.0615762684915,197.06157626849154,1964.012738663373,1963.9058906303153,861.7383647814938,-30.235497662825978,858.5888884682258,-29.75335103889238
4.659999999999945,858.563312285933,-30.317490968158385,1197.054902663803,197.05490266380298,1964.0418598343388,1963.750358692162,861.348458836917,-30.309661172057822,857.8393053357248,-30.97713275514441
4.669999999999945,858.2601384101345,-30.317284191531627,1197.048229265095,197.04822926509496,1963.9812397970884,1964.0320999198534,861.0616275167414,-30.325485100735783,858.4801456351611,-30.46790045883741
4.679999999999945,857.9569666035252,-30.317077130326595,1197.0415557878396,197.04155578783957,1964.0043562925778,1963.9125218171778,860.7000997845632,-30.303393610275883,857.4463501949598,-30.104570196136788
4.689999999999944,857.6537968690766,-30.31686975938982,1197.0348822218075,197.0348822218075,1964.0304832544805,1963.8148342005184,860.4076595287032,-30.32166358410938,857.7756972259622,-30.48609334861084
4.699999999999944,857.3506292114921,-30.316661757505006,1197.0282084363491,197.02820843634913,1964.095060368273,1963.89388093905,860.0379412770486,-30.29498968160054,856.7104770121566,-30.054924559020964
4.709999999999944,857.0474636330239,-30.316453936154105,1197.021534761529,197.02153476152898,1964.0624996014603,1963.7798447026682,859.771403571544,-30.30011138296928,857.3725642220032,-30.34620669528792
4.719999999999944,856.744300127781,-30.316247112411524,1197.0148615296782,197.01486152967823,1963.932133690716,1963.8351854078992,859.56102507697,-30.33382749890329,857.6676186258048,-30.63727254230937
4.729999999999944,856.441138694336,-30.31603957658063,1197.0081880454,197.00818804539995,1964.0064230664018,1963.8984216593985,859.1727601801605,-30.35280594876746,855.6783761088736,-30.523611997545
4.739999999999943,856.1379793341738,-30.315832455866396,1197.001514767168,197.00151476716792,1963.9457837185878,1963.8676245076601,858.867002794744,-30.341808415997676,856.1151863259961,-30.242830621069587
4.749999999999943,855.8348220406655,-30.315626245792288,1196.9948418965223,196.9948418965223,1963.8258310296612,1963.7913630652713,858.5517229164434,-30.32862853708171,855.7142040117373,-30.210009626837998
4.759999999999943,855.5316668148021,-30.315418926878294,1196.9881686120814,196.98816861208138,1963.9476109402171,1963.7695983830752,858.1871403350698,-30.28399463793917,854.9058971027068,-29.882289545656317
4.769999999999943,855.22851365799,-30.31521243554887,1196.9814957014426,196.98149570144255,1963.837600975789,1963.6735626722566,857.8871701084422,-30.253597542752495,855.1874380687937,-29.980023686072432
4.7799999999999425,854.9253625698392,-30.31500519460151,1196.9748225231178,196.97482252311784,1963.9163809504216,1963.67602761734,857.6081256219009,-30.246035711362783,855.096725243028,-30.177979228855374
4.789999999999942,854.6222135545067,-30.314797871901025,1196.9681493487456,196.96814934874556,1963.9152177492267,1963.707106680353,857.3380227791731,-30.23948067061609,854.9070971946228,-30.18048530389583
4.799999999999942,854.3190666125141,-30.31459052661015,1196.9614762023887,196.96147620238867,1963.906972854406,1963.6950321987827,857.0682633005006,-30.207117080311527,854.6404279924479,-29.91584476757042
4.809999999999942,854.0159217479192,-30.314382392390378,1196.9548027723658,196.95480277236584,1963.9904557427176,1963.6164228074165,856.7728552037275,-30.196573498791757,854.1141823327699,-30.101681265113825
4.819999999999942,853.7127789641348,-30.31417436447206,1196.9481294227835,196.9481294227835,1963.9667820853053,1963.643980077589,856.462360795054,-30.165130068896303,853.6679111169913,-29.882139199837216
4.8299999999999415,853.4096382635482,-30.313965752850148,1196.9414558730086,196.94145587300864,1964.0256987270677,1963.5756478395665,856.1232689268005,-30.125985424304368,853.0714421125186,-29.773683622976904
4.839999999999941,853.1064996436879,-30.31375821922124,1196.9347827988704,196.9347827988704,1963.8857189071048,1963.5298619372425,855.8195841009571,-30.187685956859596,853.0864206683658,-30.742990749856652
4.849999999999941,852.8033631004639,-30.313550425589927,1196.9281096561908,196.92810965619083,1963.9058906303153,1963.7515921777103,855.5243672216533,-30.220703953456876,852.8674153079193,-30.517865922832392
4.859999999999941,852.5002286291364,-30.313343839907382,1196.921437041992,196.92143704199202,1963.750358692162,1963.6999256129523,855.263985539851,-30.249546661481,852.9205504036307,-30.5091310336981
4.869999999999941,852.1970962358924,-30.3131348088788,1196.9147634704666,196.9147634704666,1964.0320999198534,1963.695186754816,854.9349874377943,-30.31259169814915,851.974004519285,-30.87999702816246
4.87999999999994,851.893965928421,-30.312926685412073,1196.9080903052547,196.90809030525475,1963.9125218171778,1963.784302744567,854.6082699708945,-30.385341576674314,851.6678127687965,-31.04009048340076
4.88999999999994,851.5908376985608,-30.312719286630937,1196.901417471975,196.90141747197504,1963.8148342005184,1963.8292768399003,854.227331602487,-30.355266907985648,850.798886286818,-30.08459488978765
4.89999999999994,851.2877115464479,-30.312511135948927,1196.894744370103,196.8947443701029,1963.89388093905,1963.5977804212152,853.9726596048157,-30.338227603928427,851.6806116257733,-30.184873867413437
4.90999999999994,850.9845874715354,-30.312303846553267,1196.888071655714,196.88807165571393,1963.7798447026682,1963.6045210734164,853.6255035843312,-30.337066568875173,850.5010993999708,-30.32661725339586
4.9199999999999395,850.681465472286,-30.312096003314497,1196.881398753283,196.88139875328307,1963.8351854078992,1963.6248872965878,853.3309196461722,-30.36932045299488,850.6796642027408,-30.65960541007226
4.929999999999939,850.3783455545681,-30.311887540256212,1196.8747256359823,196.87472563598226,1963.8984216593985,1963.6970339750555,853.1108321521002,-30.337256293003744,851.1300447054517,-30.048678853083512
4.939999999999939,850.0752277206517,-30.311679243026408,1196.8680526233268,196.86805262332678,1963.8676245076601,1963.541555356811,852.7962235002639,-30.333892012836174,849.9647456337368,-30.303613491328047
4.949999999999939,849.7721119669791,-30.311471491488877,1196.8613798697995,196.86137986979952,1963.7913630652713,1963.5864626958723,852.5042314873328,-30.392902006754174,849.8763033709529,-30.923991952016163
4.959999999999939,849.4689982903701,-30.311263830322662,1196.8547071902265,196.85470719022646,1963.7695983830752,1963.7299063802884,852.1883492985105,-30.40519771655096,849.3454095991098,-30.515859104722
4.9699999999999385,849.1658866868181,-30.31105688008154,1196.8480348369724,196.84803483697237,1963.6735626722566,1963.631815926036,851.8360220368465,-30.404216641690596,848.6650766818707,-30.395386967947328
4.979999999999938,848.8627771533288,-30.310849817777388,1196.8413624753427,196.84136247534275,1963.67602761734,1963.5939626070199,851.6285818748373,-30.375654673461263,849.7616204167535,-30.118596959397284
4.989999999999938,848.5596696922183,-30.31064240432855,1196.8346900081096,196.83469000810965,1963.707106680353,1963.5137106103275,851.2931317070863,-30.351975963107307,848.274080197327,-30.138867569921704
4.999999999999938,848.2565643051952,-30.310435000293616,1196.8280175819043,196.8280175819043,1963.6950321987827,1963.5008283739835,851.0594427387265,-30.320082856338555,848.9562420234881,-30.033044895419785
5.009999999999938,847.9534609893857,-30.310228161600328,1196.8213454228055,196.8213454228055,1963.6164228074165,1963.4576436973168,850.7518260822884,-30.3385054901959,847.9832761743457,-30.504309194912
5.019999999999937,847.6503597435717,-30.310021001186726,1196.81467317007,196.8146731700699,1963.643980077589,1963.5566775977577,850.4765906140974,-30.32385247973233,847.9994714003785,-30.1919753855602
5.029999999999937,847.3472605669646,-30.309814320253924,1196.80800114952,196.8080011495199,1963.5756478395665,1963.4723907544526,850.2084172703856,-30.303393509734033,847.7948571769784,-30.119262779749334
5.039999999999937,847.0441634557112,-30.309607930423212,1196.8013292845455,196.80132928454555,1963.5298619372425,1963.4397406770927,849.9444695246841,-30.32007200814977,847.5689398133709,-30.470178493891382
5.049999999999937,846.7410684180768,-30.309399596440564,1196.7946566661556,196.79465666615556,1963.7515921777103,1963.5115464418702,849.6899991173052,-30.313076778838077,847.3997654508939,-30.250119715032845
5.0599999999999365,846.4379754620811,-30.30919160268261,1196.787984223323,196.78798422332306,1963.6999256129523,1963.4498917299677,849.4685597954141,-30.33336389576522,847.4756058983937,-30.51594794810948
5.069999999999936,846.1348845862825,-30.308983557041767,1196.7813117965927,196.78131179659272,1963.695186754816,1963.5037906235204,849.2219904646593,-30.324988538388997,847.0028664878652,-30.249610322002972
5.079999999999936,845.8317957951209,-30.308774675290458,1196.7746390670557,196.77463906705566,1963.784302744567,1963.4314686649225,848.8504000975247,-30.337883727100774,845.5060867933137,-30.453940425506755
5.089999999999936,845.5287090951132,-30.3085653262557,1196.7679661847014,196.76796618470144,1963.8292768399003,1963.4696475296043,848.5022136318739,-30.32222690862421,845.368535441016,-30.181315542335124
5.099999999999936,845.2256244793815,-30.308357820073184,1196.7612940889474,196.76129408894735,1963.5977804212152,1963.3939050365755,848.2006964910264,-30.338050999887265,845.4870422233993,-30.480467821254756
5.1099999999999355,844.9225419394508,-30.308150166092627,1196.7546219702892,196.75462197028924,1963.6045210734164,1963.4539701065644,847.8716633062559,-30.270792805749448,844.9103646433202,-29.665469058509068
5.119999999999935,844.619461477368,-30.307942250457728,1196.7479497824288,196.7479497824288,1963.6248872965878,1963.2433676064677,847.6328202818721,-30.261418040130053,845.4832330624183,-30.177045149555518
5.129999999999935,844.3163830979132,-30.30773364048825,1196.7412773494218,196.7412773494218,1963.6970339750555,1963.343638136361,847.3030767373847,-30.262448660364328,844.3353848369973,-30.27172424247277
5.139999999999935,844.0133067985197,-30.30752623821576,1196.7346054447146,196.7346054447146,1963.541555356811,1963.3541548767141,847.0047756421347,-30.297640195105423,844.320065784885,-30.614364007775283
5.149999999999935,843.7102325754825,-30.307318369221566,1196.727933387417,196.7279333874169,1963.5864626958723,1963.4292639874727,846.6624525085983,-30.348665534733367,843.5815443067708,-30.807893591384843
5.159999999999934,843.4071604375858,-30.307109210117023,1196.7212608427128,196.7212608427128,1963.7299063802884,1963.475635534238,846.3568844576274,-30.325094024080652,843.6067719988885,-30.1129504282062
5.169999999999934,843.1040903876394,-30.306900779180122,1196.7145886313097,196.71458863130965,1963.631815926036,1963.3038465559298,846.0074457275136,-30.2760550966919,842.8624971564898,-29.83470475019311
5.179999999999934,842.8010224208782,-30.306692573069316,1196.7079165485281,196.70791654852815,1963.5939626070199,1963.21758327629,845.6255151137001,-30.323050090735936,842.188139589377,-30.746005037132264
5.189999999999934,842.4979565332824,-30.306484946083163,1196.7012447384343,196.7012447384343,1963.5137106103275,1963.4223398420718,845.3239818465863,-30.289980627192296,842.6101824425624,-29.992355455299517
5.199999999999934,842.1948927218756,-30.30627733526963,1196.6945729721128,196.69457297211284,1963.5008283739835,1963.2348678627725,845.0952693186881,-30.3053768258861,843.0368565676046,-30.44394261413031
5.209999999999933,841.89183098523,-30.306069993847323,1196.6879013525283,196.68790135252834,1963.4576436973168,1963.3286890251536,844.828859527014,-30.306601396767245,842.4311714019456,-30.317622534697534
5.219999999999933,841.5887713265938,-30.305861733386276,1196.6812293964372,196.68122939643717,1963.5566775977577,1963.290150031242,844.4962193419749,-30.28001763230455,841.5024576766234,-30.040763752140275
5.229999999999933,841.285713747498,-30.305654085781203,1196.6745577267438,196.67455772674384,1963.4723907544526,1963.2104329094552,844.2077849264479,-30.329873042361744,841.6118751867047,-30.77857173287648
5.239999999999933,840.9826582439714,-30.3054466195407,1196.667886167992,196.66788616799204,1963.4397406770927,1963.3774308586205,843.9590992756865,-30.28602765945522,841.7209284188343,-29.891419213296466
5.2499999999999325,840.6796048185648,-30.305238461779155,1196.661214365252,196.6612143652519,1963.5115464418702,1963.1572986560618,843.599871694899,-30.27607463368449,840.36682346781,-30.186497401747932
5.259999999999932,840.3765534726172,-30.305030727759203,1196.6545427720077,196.65454277200774,1963.4498917299677,1963.2092985370089,843.302241381985,-30.271150030117248,840.6235685657585,-30.22682859801203
5.269999999999932,840.0735042067191,-30.30482245184964,1196.647870995621,196.6478709956209,1963.5037906235204,1963.2060850985768,842.9518524067662,-30.29466597332863,839.7983516297965,-30.506309462231055
5.279999999999932,839.7704570210157,-30.30461468882883,1196.6411994649764,196.64119946497635,1963.4314686649225,1963.2639158859931,842.6324351646416,-30.26047897430087,839.75767998552,-29.952795983051022
5.289999999999932,839.4674119149951,-30.30440651528101,1196.6345278046042,196.6345278046042,1963.4696475296043,1963.1206086223567,842.3431128474067,-30.27599015836147,839.7392119922923,-30.415590814906842
5.299999999999931,839.1643688880026,-30.304198883214443,1196.627856401597,196.627856401597,1963.3939050365755,1963.2169524907608,842.0638233869987,-30.36426730946567,839.5502182433268,-31.158761669403464
5.309999999999931,838.861327940298,-30.30399065771975,1196.621184794495,196.6211847944951,1963.4539701065644,1963.3958153275285,841.8010121273472,-30.410431057654424,839.435710790484,-30.82590479135318
5.319999999999931,838.5582890665058,-30.30378410071948,1196.614513902998,196.61451390299794,1963.2433676064677,1963.3238623922869,841.4586177741929,-30.433356458799715,838.3770685958043,-30.639685069107323
5.329999999999931,838.2552522629308,-30.303576614304056,1196.6078426707923,196.60784267079225,1963.343638136361,1963.2780415545474,841.0735471492807,-30.385553670728793,837.6079115250703,-29.9553285780905
5.339999999999931,837.9522175351166,-30.303368948526984,1196.6011714028518,196.60117140285183,1963.3541548767141,1963.101876385906,840.7380291277987,-30.366940082056693,837.7183669344606,-30.199417784007768
5.34999999999993,837.6491848875561,-30.303160563587117,1196.5944998796986,196.59449987969856,1963.4292639874727,1963.1401405363042,840.4267986748305,-30.346250905393042,837.6257245981164,-30.16004831542018
5.35999999999993,837.34615432624,-30.302951699634193,1196.5878281989799,196.58782819897988,1963.475635534238,1963.114836904481,840.1225753345245,-30.380410751542815,837.3845652717702,-30.687849366890763
5.36999999999993,837.0431258468426,-30.30274417984928,1196.5811571019817,196.58115710198172,1963.3038465559298,1963.2308067504184,839.8644437267287,-30.3874567918683,837.5412592565661,-30.450871154797674
5.37999999999993,836.7400994394959,-30.30253728950487,1196.574486298097,196.5744862980971,1963.21758327629,1963.1692949817957,839.4741802030725,-30.391808296460937,835.961808490166,-30.430971837794644
5.3899999999999295,836.4370751100658,-30.30232859650393,1196.5678147984713,196.56781479847132,1963.4223398420718,1963.1552749603331,839.2455076833035,-30.357353674201832,837.187455005383,-30.04726207386988
5.399999999999929,836.1340528601895,-30.302121378763466,1196.5611439358554,196.5611439358554,1963.2348678627725,1963.0496275661064,838.9169295942718,-30.362308175787547,835.9597267929856,-30.406898690058995
5.409999999999929,835.8310326868684,-30.301913285462298,1196.5544727544452,196.55447275444521,1963.3286890251536,1963.1201162671512,838.5922581509706,-30.293966247248196,835.6702151612598,-29.678888890394045
5.419999999999929,835.5280145933273,-30.30170542276373,1196.5478017039864,196.54780170398635,1963.290150031242,1962.9285451287467,838.3049305678178,-30.28183891538402,835.7189823194431,-30.17269292860641
5.429999999999929,835.2249985755393,-30.301498134813233,1196.5411309243977,196.54113092439775,1963.2104329094552,1963.0241035544218,838.0484515412916,-30.27664116255615,835.7401403025552,-30.229861387105277
5.4399999999999284,834.9219846380666,-30.301289359718794,1196.534459577368,196.5344595773679,1963.3774308586205,1963.0245571731466,837.7228527436781,-30.284996477744965,834.7924635651563,-30.36019431444429
5.449999999999928,834.6189727796036,-30.301082332884402,1196.5277889783238,196.52778897832377,1963.1572986560618,1963.045033384586,837.4088846842999,-30.287721730354207,834.5831721498965,-30.312249003837355
5.459999999999928,834.3159629940393,-30.3008747799916,1196.5211182025896,196.5211182025896,1963.2092985370089,1963.0243295152802,837.1359739924558,-30.287478658743726,834.6797777658578,-30.28529101424941
5.469999999999928,834.012955284327,-30.300667162480863,1196.5144474377744,196.51444743777438,1963.2060850985768,1963.007464674346,836.8603041255037,-30.2912190065207,834.3792753229347,-30.324882136513438
5.479999999999928,833.7099496536638,-30.30045897016785,1196.5077764764565,196.50777647645646,1963.2639158859931,1963.006495048009,836.5492004378355,-30.352089023421378,833.7492672488219,-30.899919175527483
5.489999999999927,833.4069460993925,-30.300251884086023,1196.5011060020813,196.50110600208131,1963.1206086223567,1963.1403824373717,836.2807913877264,-30.3365106552109,833.8651099367437,-30.196305341316627
5.499999999999927,833.1039446204654,-30.30004390132159,1196.49443520034,196.49443520033992,1963.2169524907608,1962.9688903145563,836.0130072164933,-30.41975164116778,833.6029496753953,-31.168920514779696
5.509999999999927,832.8009452292979,-30.29983433218725,1196.4877637908417,196.48776379084165,1963.3958153275285,1963.1973428170484,835.7962197530128,-30.411947599114384,833.8451325816883,-30.3417112206338
5.519999999999927,832.4979479312724,-30.299625272923894,1196.481092625832,196.48109262583193,1963.3238623922869,1963.0005430566139,835.5218017116756,-30.431912544309103,833.0520393396412,-30.611597051061555
5.5299999999999265,832.1949527223821,-30.299416505132623,1196.4744216165163,196.47442161651634,1963.2780415545474,1963.0552562163919,835.2197555079995,-30.450265407286665,832.5013396749134,-30.61544117408472
5.539999999999926,831.8919595942654,-30.299209118222223,1196.4677512057913,196.46775120579127,1963.101876385906,1963.050401448355,834.8557874685914,-30.377738837764216,831.5800751139175,-29.724999712062186
5.549999999999926,831.5889685420741,-30.299001320029937,1196.4610806650487,196.4610806650487,1963.1401405363042,1962.8215732332194,834.5195714559015,-30.363342099795396,831.4936273416924,-30.23377145807602
5.559999999999926,831.2859795672647,-30.298793641847766,1196.4544102102852,196.45441021028523,1963.114836904481,1962.9198282513391,834.2397156535724,-30.342016797361456,831.7210134326091,-30.150089075455984
5.569999999999926,830.9829926745409,-30.29858490291048,1196.4477393614686,196.44773936146862,1963.2308067504184,1962.8845023344752,833.9215643009264,-30.326724777842372,831.0582021271127,-30.18909660217061
5.5799999999999255,830.6800078670933,-30.298376586605503,1196.4410687216623,196.4410687216623,1963.1692949817957,1962.8781161154623,833.7175794368051,-30.325618522629696,831.8817156597124,-30.315662225715577
5.589999999999925,830.3770251426803,-30.298168295998614,1196.4343981294946,196.43439812949464,1963.1552749603331,1962.8951280799824,833.3935789597284,-30.29135386808636,830.4775746660378,-29.982971977196332
5.599999999999925,830.0740444972157,-30.29796079692775,1196.4277278963054,196.42772789630544,1963.0496275661064,1962.800872594738,833.116901810125,-30.256403651803687,830.6268074636947,-29.941851705259637
5.609999999999925,829.7710659301449,-30.29775261722333,1196.4210574236033,196.42105742360332,1963.1201162671512,1962.7712205853513,832.8142547332284,-30.294828695727567,830.0904310411595,-30.640654091042475
5.619999999999925,829.4680894373226,-30.29754594723914,1196.4143876018393,196.41438760183928,1962.9285451287467,1962.9263774619492,832.5613097802529,-30.329490782669286,830.2848052034732,-30.641449565144747
5.629999999999924,829.165115015651,-30.297338387083588,1196.407717455378,196.4077174553779,1963.0241035544218,1962.9253774801978,832.2368220770547,-30.348903818611298,829.3164327482706,-30.523621142089397
5.639999999999924,828.8621426700573,-30.297130731662005,1196.4010473073752,196.40104730737517,1963.0245571731466,1962.893780258902,831.8961472190254,-30.333863637607266,828.8300734967609,-30.198502008570962
5.649999999999924,828.5591724023309,-30.29692281361644,1196.3943770897965,196.39437708979654,1963.045033384586,1962.8065480947434,831.5785175981284,-30.317511932581127,828.719851010056,-30.170346587345854
5.659999999999924,828.2562042133771,-30.29671497714457,1196.3877069425675,196.38770694256755,1963.0243295152802,1962.784943441709,831.3269718231063,-30.30182620799205,829.0630598479065,-30.16065468669038
5.6699999999999235,827.9532381025406,-30.296507190159772,1196.3810368526433,196.38103685264332,1963.007464674346,1962.7676269017772,830.9773906192852,-30.27237169116017,827.8311597848952,-30.007281039673266
5.679999999999923,827.6502740699908,-30.296299319802582,1196.374366766014,196.37436676601396,1963.006495048009,1962.7145565131987,830.704152488802,-30.311592688478523,828.2450093144531,-30.66458166434368
5.689999999999923,827.3473121221975,-30.29609023885793,1196.3676962244494,196.36769622444945,1963.1403824373717,1962.8607124998186,830.3983384556341,-30.28900726124714,827.6460121571224,-30.08573841616466
5.699999999999923,827.044352258504,-30.29588249986172,1196.3610262655968,196.36102626559682,1962.9688903145563,1962.715000659769,830.0480616607531,-30.24842358070925,826.895570506824,-29.883170455868232
5.709999999999923,826.7413944822055,-30.295672759827433,1196.354355530487,196.35435553048706,1963.1973428170484,1962.6479069795457,829.7098921635468,-30.249381205016924,826.6663666886892,-30.25799982378597
5.7199999999999225,826.4384387955399,-30.295464573289873,1196.347685464082,196.3476854640819,1963.0005430566139,1962.7206618105129,829.374093235532,-30.253522170416776,826.351902883398,-30.290790859015434
5.729999999999922,826.1354851934838,-30.295255837935862,1196.3410152117672,196.34101521176717,1963.0552562163919,1962.7182934678208,828.9954186769824,-30.300897063646513,825.5873476500361,-30.727271102714152
5.739999999999922,825.8325336790357,-30.295047051674356,1196.3343449759484,196.3343449759484,1963.050401448355,1962.8176429613457,828.758855430349,-30.325720902898844,826.6297862106481,-30.549135456169854
5.749999999999922,825.529584243344,-30.29484008666933,1196.3276755176635,196.32767551766347,1962.8215732332194,1962.7741469909906,828.3863586941757,-30.387234524684008,825.0338880686157,-30.940857120750444
5.759999999999922,825.226636881866,-30.294632208891176,1196.3210057255185,196.3210057255185,1962.9198282513391,1962.8674788445273,828.0384384255602,-30.41766698690695,824.9071560080213,-30.691559146913427
5.769999999999921,824.923691598147,-30.2944245349229,1196.3143360534073,196.31433605340726,1962.8845023344752,1962.8097276932394,827.8090645008257,-30.37504822902827,825.7446991782152,-29.99147940812011
5.779999999999921,824.6207483913581,-30.294216822861276,1196.3076664029957,196.30766640299566,1962.8781161154623,1962.6315110052767,827.4558253726201,-30.299392014251243,824.2766732187692,-29.618486081257984
5.789999999999921,824.3178072628582,-30.29400887711951,1196.3009966947793,196.30099669477931,1962.8951280799824,1962.5168031504247,827.1911118359935,-30.30859864204333,824.808690006354,-30.391458292172096
5.799999999999921,824.0148682103337,-30.29380162778997,1196.294327306833,196.2943273068331,1962.800872594738,1962.6803272221484,826.7485171876839,-30.238390663440274,822.7651653528969,-29.606518856012748
5.809999999999921,823.7119312295205,-30.293594534854872,1196.2876580196412,196.28765801964119,1962.7712205853513,1962.4755896115837,826.3753799685294,-30.29327301299044,823.0171449961387,-30.78721415894194
5.81999999999992,823.408996326579,-30.293386053464104,1196.2809882052427,196.2809882052427,1962.9263774619492,1962.7424071974144,826.1298701259349,-30.22009174484763,823.9202815425838,-29.561460331562323
5.82999999999992,823.1060635088669,-30.293177488947627,1196.274318394242,196.27431839424207,1962.9253774801978,1962.4388842286317,825.8967031051536,-30.21048304565606,823.7981999181221,-30.12400475293192
5.83999999999992,822.8031327759368,-30.292969097075655,1196.2676486906055,196.26764869060548,1962.893780258902,1962.5504199231173,825.6170837893153,-30.193129184034607,823.1005099467694,-30.03694442944156
5.84999999999992,822.5002041237368,-30.292761342922617,1196.2609792833744,196.26097928337435,1962.8065480947434,1962.5154477475553,825.3433422522469,-30.194656657204327,822.8796684186302,-30.208403915731804
5.8599999999999195,822.1972775486328,-30.292553677894393,1196.2543099495535,196.25430994955354,1962.784943441709,1962.5431697140082,825.033945837083,-30.20632415311032,822.2493781006087,-30.31133161626425
5.869999999999919,821.8943530499125,-30.292346066146816,1196.2476406745725,196.2476406745725,1962.7676269017772,1962.558479186644,824.6822883289226,-30.223346596719974,821.5173707554792,-30.37654858920685
5.879999999999919,821.591430625549,-30.292138806564626,1196.240971579919,196.240971579919,1962.7145565131987,1962.5668960783867,824.2885547178755,-30.23317600650828,820.7449522184513,-30.32164069460305
5.889999999999919,821.2885102803476,-30.291930233717405,1196.2343019886432,196.2343019886432,1962.8607124998186,1962.5466207822997,823.9391207187653,-30.27215910874567,820.7942147267721,-30.623007028882135
5.899999999999919,820.9855920152417,-30.29172278747216,1196.2276328924806,196.22763289248064,1962.715000659769,1962.6136149804497,823.6527625559706,-30.23235540802798,821.0755390908184,-29.87412210156878
5.909999999999918,820.6826758222512,-30.291515810630855,1196.2209640242952,196.2209640242952,1962.6479069795457,1962.4253355883975,823.4016697128989,-30.285386466396965,821.1418341252523,-30.762665991717807
5.919999999999918,820.3797617025275,-30.291308134115912,1196.2142949088966,196.2142949088966,1962.7206618105129,1962.6267170692947,823.0499975050333,-30.257755497529214,819.8849476342423,-30.009076777719446
5.929999999999918,820.0768496599273,-30.291100385923794,1196.2076258015454,196.20762580154542,1962.7182934678208,1962.4407735634418,822.7035583508458,-30.267828980868583,819.5856059631582,-30.3584903309229
5.939999999999918,819.7739396994192,-30.29089171571785,1196.2009563566153,196.20095635661528,1962.8176429613457,1962.5104152556169,822.4380990906543,-30.299185587999418,820.0489657489314,-30.58139505217694
5.949999999999918,819.4710318242523,-30.29068331764259,1196.1942870594796,196.19428705947962,1962.7741469909906,1962.5578553059781,822.1466611393215,-30.33835612581128,819.5237195773253,-30.69089096611805
5.959999999999917,819.1681260374249,-30.290474047843535,1196.1876174452125,196.18761744521248,1962.8674788445273,1962.5822641748866,821.8187392469343,-30.32397445999023,818.8674422154494,-30.194539467600773
5.969999999999917,818.8652223413391,-30.290265169344313,1196.1809480271775,196.18094802717746,1962.8097276932394,1962.4571641595974,821.4437378696983,-30.307389288786823,818.0687254745733,-30.15812274795619
5.979999999999917,818.5623207270462,-30.29005768923654,1196.1742792147038,196.1742792147038,1962.6315110052767,1962.433660106014,821.1546142654868,-30.289081430199282,818.5525018275829,-30.124310702911398
5.989999999999917,818.2594211832169,-30.28985107661117,1196.1676107919952,196.16761079199523,1962.5168031504247,1962.4102573257449,820.876290663963,-30.248234181941257,818.3713782502492,-29.880608947619017
5.9999999999999165,817.9565237128065,-30.2896430054553,1196.1609418136493,196.1609418136493,1962.6803272221484,1962.333952077487,820.5905751939797,-30.26525723052642,818.0191359641304,-30.418464667792875
6.009999999999916,817.653628315007,-30.28943655444181,1196.15427353098,196.15427353097994,1962.4755896115837,1962.4474004505455,820.302995381234,-30.251376222046865,817.7147770665232,-30.126447145730893
6.019999999999916,817.3507349933282,-30.289227781337623,1196.1476043416928,196.14760434169284,1962.7424071974144,1962.367849214252,820.0102123459598,-30.253943627239828,817.375165028491,-30.277050273976457
6.029999999999916,817.0478437471502,-30.28902145424968,1196.1409361837443,196.14093618374432,1962.4388842286317,1962.3912256575484,819.6788759016885,-30.277338437467343,816.6968479032467,-30.487891729514967
6.039999999999916,816.7449545693628,-30.28881410323815,1196.1342676468096,196.13426764680958,1962.5504199231173,1962.4337754568546,819.3153535048659,-30.225998701748814,816.0436519334629,-29.763941080282066
6.0499999999999154,816.442067464081,-30.288606953131094,1196.1275992287065,196.12759922870646,1962.5154477475553,1962.247833467269,818.9658317390179,-30.253046682820923,815.8201358463854,-30.496478512469867
6.059999999999915,816.1391824319164,-30.288399479789792,1196.120930716407,196.12093071640697,1962.5431697140082,1962.4073300540592,818.6472464450294,-30.229734231209477,815.7799787991319,-30.01992216670646
6.069999999999915,815.8362994755826,-30.28819178698225,1196.1142621520876,196.11426215208758,1962.558479186644,1962.2841499729614,818.3514042641702,-30.198147724606542,815.6888246364365,-29.91386916518013
6.079999999999915,815.5334185969859,-30.287983932330075,1196.1075935591684,196.10759355916844,1962.5668960783867,1962.2410055354794,818.0359311662397,-30.198761520512186,815.196673284864,-30.204285683662935
6.089999999999915,815.2305397965457,-30.287776155710727,1196.1009250351426,196.1009250351426,1962.5466207822997,1962.2949099179204,817.7136246766074,-30.14330851019884,814.8128662699158,-29.64423141737871
6.099999999999914,814.9276630771296,-30.287567727509547,1196.0942562834778,196.09425628347776,1962.6136149804497,1962.144246791404,817.3756485957082,-30.1484398106231,814.3338638676149,-30.19462151444144
6.109999999999914,814.6247884345823,-30.287360781942514,1196.087588171566,196.08758817156604,1962.4253355883975,1962.2571776853943,817.1322514236422,-30.149917934831496,814.9416768750484,-30.163221052707065
6.119999999999914,814.3219158703665,-30.287152061239464,1196.0809193753817,196.08091937538165,1962.6267170692947,1962.2398080537696,816.8419534853707,-30.167535968464296,814.2292720409276,-30.32609827115949
6.129999999999914,814.0190453860421,-30.286944803655352,1196.0742512110135,196.07425121101346,1962.4407735634418,1962.2700934396162,816.5618532490369,-30.183886912032257,814.0409511220316,-30.3310454041439
6.1399999999999135,813.7161769776621,-30.286736872347838,1196.0675828100102,196.0675828100102,1962.5104152556169,1962.2649323049939,816.3254795777392,-30.127856218016078,814.1981165360596,-29.623579971870434
6.149999999999913,813.4133106510358,-30.28652845292813,1196.0609142478108,196.06091424781084,1962.5578553059781,1962.0813508731924,816.0063880958185,-30.184817530894655,813.1345647585318,-30.697469346801853
6.159999999999913,813.1104464100814,-30.286319737947178,1196.0542456026726,196.0542456026726,1962.5822641748866,1962.325012472658,815.7123798248272,-30.11757647147028,813.0663053859058,-29.512406936650883
6.169999999999913,812.8075842515046,-30.286111977418134,1196.0475773826108,196.04757738261083,1962.4571641595974,1962.032183993216,815.3817165390965,-30.08525651790174,812.4057469675198,-29.794376935784914
6.179999999999913,812.5047241700079,-30.285904321926697,1196.0409092424134,196.04090924241336,1962.433660106014,1962.0750637116435,815.1779023428915,-30.121928945555478,813.3435745770461,-30.451980794439095
6.1899999999999125,812.2018661645451,-30.285696770628398,1196.034241181736,196.03424118173598,1962.4102573257449,1962.220582300795,814.9087478790161,-30.089453829368914,812.4863577041377,-29.797177783689836
6.199999999999912,811.8990102318628,-30.285489765841156,1196.0275733803358,196.02757338033575,1962.333952077487,1962.0552473967236,814.5888177272515,-30.11516483381921,811.709446361369,-30.346563873871865
6.209999999999912,811.5961563744283,-30.285281721042455,1196.02090519345,196.02090519345006,1962.4474004505455,1962.173673301954,814.2604675462717,-30.162619224462322,811.305315917454,-30.589708740250316
6.219999999999912,811.2933045945737,-30.285074249896315,1196.014237276871,196.01423727687097,1962.367849214252,1962.2300848069065,813.9312873738486,-30.211582935008586,810.9686658220406,-30.65225632992499
6.229999999999912,810.9904548908651,-30.284866491823756,1196.0075692808612,196.00756928086116,1962.3912256575484,1962.2467832771279,813.6389082989633,-30.242010487621865,811.0074966249947,-30.51585846114135
6.239999999999911,810.6876072669735,-30.284658286509163,1196.0009011402717,196.0009011402717,1962.4337754568546,1962.2141225840328,813.3554674913539,-30.2929521368967,810.8045002228689,-30.75142698037025
6.249999999999911,810.384761717819,-30.284451544410587,1195.9942336314934,195.99423363149344,1962.247833467269,1962.2698192142384,813.0749409256111,-30.267096208799824,810.5502018339262,-30.03439285592791
6.259999999999911,810.0819182432106,-30.284243377256676,1195.9875655807627,195.98756558076275,1962.4073300540592,1962.0924947312258,812.6759518752425,-30.257589228550085,809.0850504219248,-30.172026406302404
6.269999999999911,809.7790768455815,-30.284036148565967,1195.9808979485847,195.9808979485847,1962.2841499729614,1962.1096368946112,812.4476478219001,-30.29652315111241,810.3929113418181,-30.646928454173327
6.2799999999999105,809.4762375188928,-30.283829189149632,1195.974230463007,195.97423046300696,1962.2410055354794,1962.2151840973881,812.2341354109412,-30.282683184635154,810.3125237123116,-30.158123486339818
6.28999999999991,809.1734002645094,-30.28362168755022,1195.967562794268,195.9675627942679,1962.2949099179204,1962.0919150094344,811.8928113035101,-30.284450107256394,808.8208943366302,-30.30035241084753
6.29999999999991,808.8705650793005,-30.283415354236237,1195.9608956374661,195.96089563746614,1962.144246791404,1962.113210625585,811.6185030267153,-30.282066470212005,809.1497285355614,-30.260613736812513
6.30999999999991,808.5677319626034,-30.283207985192288,1195.9542280969372,195.9542280969372,1962.2571776853943,1962.0929168937125,811.3403637199265,-30.309800829502414,808.8371099588265,-30.559410063116097
6.31999999999991,808.2649009193278,-30.283000669912536,1195.9475606154283,195.9475606154283,1962.2398080537696,1962.1562186503704,811.0412854810685,-30.34953224845058,808.3495813313459,-30.70711501898403
6.3299999999999095,807.9620719509287,-30.282793009927595,1195.940893031013,195.94089303101305,1962.2700934396162,1962.1892771591156,810.7278028249871,-30.369975553842224,807.9064589202544,-30.553965302367033
6.339999999999909,807.659245059371,-30.282585301622447,1195.9342254641347,195.93422546413467,1962.2649323049939,1962.1501210979457,810.3841705512959,-30.324153733363936,807.2914800880761,-29.911757349059314
6.349999999999909,807.3564202376784,-30.282379036887345,1195.9275585210464,195.92755852104642,1962.0813508731924,1961.9838784776236,810.135961025964,-30.301702120089065,807.9020752979756,-30.099637600615193
6.359999999999909,807.0535974892776,-30.28217064326441,1195.920890750022,195.92089075002195,1962.325012472658,1962.0085926375903,809.7731090340618,-30.309241225897445,806.5074411069413,-30.377093178172853
6.369999999999909,806.7507768130278,-30.281964606718276,1195.9142239739974,195.91422397399742,1962.032183993216,1962.0615418396012,809.5315306969574,-30.30226205657033,807.3573256630174,-30.239449532626306
6.379999999999908,806.4479581993934,-30.281758120162813,1195.9075570522723,195.9075570522723,1962.0750637116435,1962.018215527507,809.3391399242,-30.288412127747748,807.6076229693842,-30.1637627683445
6.389999999999908,806.1451416571658,-30.28155032534013,1195.9008896360906,195.9008896360906,1962.220582300795,1961.98674863091,809.0293425533212,-30.29699944143306,806.2411662154109,-30.374285264600882
6.399999999999908,805.8423271864314,-30.281343821553737,1195.8942227816992,195.89422278169923,1962.0552473967236,1962.025115558554,808.7173180618713,-30.30000797453654,805.9090976388225,-30.3270847724679
6.409999999999908,805.5395147861434,-30.28113623603386,1195.8875555249092,195.8875555249092,1962.173673301954,1962.0046619598281,808.434943168133,-30.26941973118244,805.8935691244877,-29.994125540995483
6.419999999999908,805.2367044645266,-30.28092808732672,1195.8808880764389,195.88088807643885,1962.2300848069065,1961.911373329236,808.0758198247471,-30.3105075554036,804.8437097342726,-30.680297973394055
6.429999999999907,804.9338962255524,-30.28071970750527,1195.874220571229,195.874220571229,1962.2467832771279,1962.0644681099752,807.6698171961724,-30.29228903080639,804.0157935390008,-30.128322309431507
6.439999999999907,804.6310900694683,-30.280511509311594,1195.8675531769966,195.86755317699658,1962.2141225840328,1961.9259447916,807.3107761531933,-30.355697996445485,804.0794067663813,-30.92637868719734
6.449999999999907,804.3282859981523,-30.280302753893814,1195.860885593513,195.8608855935131,1962.2698192142384,1962.1101030762354,807.0319560679156,-30.273368486667334,804.5225753004178,-29.532402898663978
6.459999999999907,804.0254840074338,-30.28009538980683,1195.8542186125592,195.85421861255918,1962.0924947312258,1961.7666598852686,806.7310053162905,-30.248886453747737,804.0224485516638,-30.028548157471338
6.4699999999999065,803.7226840915301,-30.27988779090091,1195.847551573358,195.84755157335803,1962.1096368946112,1961.8593133133807,806.4342646617418,-30.25495327705879,803.7635987708039,-30.309554686858256
6.479999999999906,803.419886256486,-30.279679217905837,1195.8408841755188,195.8408841755188,1962.2151840973881,1961.9126438339918,806.1787806453656,-30.266134107469153,803.8794244979799,-30.366761581162432
6.489999999999906,803.1170905024753,-30.279471584240074,1195.8342171965348,195.83421719653484,1962.0919150094344,1961.917661078896,805.8859812467801,-30.257816920960366,803.2507866595113,-30.18296224238127
6.499999999999906,802.814296826149,-30.279263681017287,1195.8275501451906,195.82755014519057,1962.113210625585,1961.863705945849,805.5454082820349,-30.230200326479963,802.4802515993274,-29.98165097615633
6.509999999999906,802.5115052284638,-30.27905585602065,1195.8208831628021,195.82088316280215,1962.0929168937125,1961.800498209488,805.2332699888431,-30.25775823421882,802.424025350116,-30.505779403868505
6.519999999999905,802.2087157121327,-30.278847410188355,1195.8142159653212,195.81421596532118,1962.1562186503704,1961.9138256563267,804.9576400533506,-30.286821191269503,802.476970633918,-30.548387804725667
6.529999999999905,801.9059282820997,-30.27863859641978,1195.807548655511,195.80754865551103,1962.1892771591156,1961.9205663735565,804.653877934094,-30.286276501683858,801.9200188607842,-30.28137429541304
6.539999999999905,801.6031429390246,-30.278430018607203,1195.8008814787488,195.8008814787488,1962.1501210979457,1961.8502776935986,804.4030992128787,-30.271250906389795,802.1460907219404,-30.13602054874322
6.549999999999905,801.3003596752338,-30.278222739528672,1195.7942148668612,195.79421486686124,1961.9838784776236,1961.80300225818,804.091573911177,-30.247415100727675,801.2878461958612,-30.032892849768587
6.559999999999905,800.9975784857247,-30.278015162303053,1195.7875481709978,195.78754817099775,1962.0085926375903,1961.762664023355,803.8516847460826,-30.233740797694658,801.6926822602334,-30.110672070397495
6.569999999999904,800.6947993746592,-30.27780705080498,1195.7808812952185,195.78088129521848,1962.0615418396012,1961.765349829798,803.5365138399325,-30.277502509976195,800.6999756845809,-30.67135792051003
6.579999999999904,800.3920223433545,-30.27759921015275,1195.7742145666573,195.7742145666573,1962.018215527507,1961.8913023778052,803.1688090071209,-30.28666892112449,799.8594655118168,-30.36916662145915
6.589999999999904,800.0892473895979,-30.27739154117369,1195.7675479450174,195.76754794501744,1961.98674863091,1961.8158948808439,802.8303772352607,-30.291350322218975,799.7844912885182,-30.333482932069323
6.599999999999904,799.7864745145927,-30.277183459862815,1195.7608811930108,195.76088119301085,1962.025115558554,1961.7984656342267,802.5288194594388,-30.274042853352658,799.8147994770412,-30.118275633555797
6.6099999999999035,799.4837037200027,-30.276975458122514,1195.7542145105033,195.7542145105033,1962.0046619598281,1961.7350340216212,802.2207829465922,-30.259741064514856,799.4484543309732,-30.131024964974653
6.619999999999903,799.1809350019868,-30.276768145068363,1195.7475481449806,195.74754814498056,1961.911373329236,1961.7230944615974,801.9200218728721,-30.320707769560823,799.2131722093918,-30.869408114974526
6.629999999999903,798.8781683639604,-30.276559460215495,1195.7408812592582,195.74088125925823,1962.0644681099752,1961.893315289741,801.56886975229,-30.32061556529794,798.408500667051,-30.31978572693198
6.639999999999903,798.5754038074475,-30.276351842348273,1195.7342148442233,195.7342148442233,1961.9259447916,1961.7603510141216,801.2090384206637,-30.298191331103087,797.970556436027,-30.09637322334941
6.649999999999903,798.2726413352714,-30.276142592878635,1195.727547803438,195.72754780343803,1962.1101030762354,1961.6936752448037,800.9919362537416,-30.259423601729722,799.0380167514433,-29.910514037369442
6.659999999999902,797.9698809416861,-30.275936124168528,1195.720881929636,195.7208819296361,1961.7666598852686,1961.630803783688,800.6790585789896,-30.216353069868102,797.863159506221,-29.828718283113542
6.669999999999902,797.6671226171197,-30.275728789121008,1195.7142157410078,195.71421574100782,1961.8593133133807,1961.5898641972215,800.3852983556627,-30.232403220926933,797.7414563457207,-30.37685458045642
6.679999999999902,797.3643663685913,-30.275520916587535,1195.7075493711682,195.70754937116817,1961.9126438339918,1961.7053314130137,800.0525350237785,-30.245789081087636,797.0576650368208,-30.366261822533975
6.689999999999902,797.0616121994552,-30.275312910615582,1195.7008829842803,195.70088298428027,1961.917661078896,1961.6958962421577,799.7340339004191,-30.24362897736917,796.8675237901846,-30.224188043902934
6.699999999999902,796.7588601085802,-30.275105264406864,1195.6942167807263,195.69421678072626,1961.863705945849,1961.6529247157819,799.4445452202878,-30.246685225468337,796.839147099105,-30.27419145836084
6.709999999999901,796.4561100919814,-30.274898055350594,1195.6875507919453,195.68755079194534,1961.800498209488,1961.654086293709,799.1675486159445,-30.213787120212974,796.6745791768545,-29.917704172914693
6.719999999999901,796.1533621526695,-30.2746898070222,1195.6808844180898,195.68088441808982,1961.9138256563267,1961.5549296325473,798.9136076763891,-30.264424327947395,796.6281392203902,-30.72015919755717
6.729999999999901,795.8506162965801,-30.27448141083605,1195.67421802133,195.67421802133003,1961.9205663735565,1961.7365193367482,798.4796124816633,-30.237400438899083,794.5736557291292,-29.994185437464267
6.739999999999901,795.5478725219708,-30.274273511024173,1195.6675518634038,195.6675518634038,1961.8502776935986,1961.5568856359077,798.1180945507733,-30.247830708168372,794.8644331727631,-30.341703131591977
6.7499999999999005,795.2451308248401,-30.27406591512345,1195.6608858661145,195.66088586611454,1961.80300225818,1961.6262099113371,797.7722925268771,-30.30451364199128,794.6600743118104,-30.814660046397456
6.7599999999999,794.9423912024389,-30.27385856511967,1195.6542200058902,195.65422000589024,1961.762664023355,1961.7362577917472,797.5163755308436,-30.27867347949504,795.2131225665413,-30.046112017028875
6.7699999999999,794.6396536541074,-30.27365110118064,1195.6475541365398,195.64755413653984,1961.765349829798,1961.5474928242973,797.1998778231336,-30.35590251042795,794.3513984537441,-31.050963788824113
6.7799999999999,794.3369181861398,-30.273442492342774,1195.640887839216,195.64088783921602,1961.8913023778052,1961.7814470182743,796.8862696370218,-30.335902388457356,794.0637959620135,-30.15590129072201
6.7899999999999,794.0341848015645,-30.273234422705524,1195.634221798119,195.63422179811892,1961.8158948808439,1961.5661892498174,796.5271155750373,-30.324134794288796,793.2947290171775,-30.218226446771776
6.7999999999998995,793.7314534974142,-30.27302640736214,1195.6275558162445,195.62755581624447,1961.7984656342267,1961.56597152176,796.2467838748164,-30.301645210608097,793.7237985728277,-30.099238957481813
6.809999999999899,793.4287242712221,-30.272818831069014,1195.620890049904,195.6208900499039,1961.7350340216212,1961.522483860259,795.9709569328777,-30.327954640880638,793.4885144554291,-30.564739513333482
6.819999999999899,793.125997120751,-30.272611263161934,1195.6142243241327,195.6142243241327,1961.7230944615974,1961.6224380618298,795.7462895267482,-30.327176190299575,793.7242828715832,-30.320170135070025
6.829999999999899,792.8232720535349,-30.272402180069946,1195.6075580199692,195.60755801996925,1961.893315289741,1961.5570745990826,795.4526225524514,-30.34969682804881,792.8096197837799,-30.552382567791906
6.839999999999899,792.5205490720466,-30.2721941175928,1195.6008921676043,195.60089216760434,1961.7603510141216,1961.6041336818732,795.1372510918513,-30.368490638424014,792.2989079464509,-30.53763493180087
6.849999999999898,792.2178281688521,-30.271986521311334,1195.5942265417966,195.59422654179662,1961.6936752448037,1961.5952782514817,794.8366614965553,-30.307488972308477,792.1313551388904,-29.75847397726863
6.859999999999898,791.9151093394485,-30.271779359414463,1195.5875611296192,195.5875611296192,1961.630803783688,1961.3943881516338,794.4759112236981,-30.352324852955377,791.2291587679828,-30.755847778777486
6.869999999999898,791.612392580409,-30.271572448469822,1195.5808958565501,195.58089585655011,1961.5898641972215,1961.6176832177548,794.2631178757439,-30.350529322821377,792.3479777441559,-30.33436955161538
6.879999999999898,791.3096778957654,-30.271364480274517,1195.574230191136,195.57423019113594,1961.7053314130137,1961.5127248887538,793.9343202408131,-30.31141569794481,790.9751415264354,-29.959393074055694
6.8899999999998975,791.0069652908663,-30.271156499517616,1195.5675645577815,195.56756455778145,1961.6958962421577,1961.4077335088598,793.6113039688316,-30.252609486695683,790.7041575209979,-29.723353585453534
6.899999999999897,790.7042547644352,-30.270948786705155,1195.5608990704395,195.56089907043952,1961.6529247157819,1961.3281469044557,793.354495341959,-30.269080758941,791.0432177001048,-30.417322209148868
6.909999999999897,790.4015463156381,-30.270740972700708,1195.5542335791508,195.55423357915083,1961.654086293709,1961.4761394180734,793.1670658499903,-30.287418228007073,791.4802004222709,-30.452455449601707
6.919999999999897,790.0988399412917,-30.270533896597097,1195.5475684247858,195.54756842478582,1961.5549296325473,1961.47824245036,792.8973480277209,-30.276751017453883,790.4698876272963,-30.18074612247515
6.929999999999897,789.7961356457579,-30.27032521014122,1195.5409026533982,195.54090265339823,1961.7365193367482,1961.4041019357737,792.6523138539947,-30.229263100820813,790.4470062904572,-29.801871851123163
6.9399999999998965,789.4934334300335,-30.27011793472904,1195.5342374923869,195.53423749238686,1961.5568856359077,1961.2959180156497,792.3380260190518,-30.25595112032202,789.5094355045665,-30.496143295832894
6.949999999999896,789.19073329042,-30.269909987985283,1195.527572095819,195.5275720958191,1961.6262099113371,1961.4468163368304,792.0462953533356,-30.27767846818091,789.4207193618895,-30.473224598910914
6.959999999999896,788.8880352353337,-30.269701029266308,1195.5209063253203,195.5209063253203,1961.7362577917472,1961.4369607250353,791.8311387039118,-30.27278466435697,789.8947288590971,-30.228740429941485
6.969999999999896,788.5853392623974,-30.269493557992103,1195.5142411962247,195.5142411962247,1961.5474928242973,1961.3704729715496,791.4882926821948,-30.266915144544537,788.4026784867414,-30.21408946623263
6.979999999999896,788.2826453744159,-30.269284038310804,1195.5075752721777,195.50757527217775,1961.7814470182743,1961.3547892705317,791.1003716369404,-30.296300455076484,787.609082229651,-30.560768249864
6.989999999999895,787.9799535730859,-30.269076227688583,1195.5009100795537,195.5009100795537,1961.5661892498174,1961.4291927895301,790.8483505259521,-30.313284860706837,788.5801605270582,-30.46614451138
6.999999999999895,787.6772638503104,-30.26886832741027,1195.4942448876695,195.49424488766954,1961.56597152176,1961.4020855704912,790.478896309254,-30.29274362480136,787.1538083589694,-30.107872501652086
7.009999999999895,787.3745762051763,-30.268660699416674,1195.4875798435517,195.48757984355166,1961.522483860259,1961.3059660586146,790.2277495065794,-30.268766732942943,787.9674282825077,-30.052974706217153
7.019999999999895,787.07189064096,-30.2684521438521,1195.4809144598003,195.48091445980026,1961.6224380618298,1961.2763089293085,789.9619660043078,-30.291439126690946,787.5699144838628,-30.49549067042294
7.0299999999998946,786.7692071600229,-30.268244043556454,1195.4742492981468,195.4742492981468,1961.5570745990826,1961.3701457757181,789.5715995865423,-30.244079608818833,786.058301826652,-29.81784394796981
7.039999999999894,786.4665257625145,-30.26803545813662,1195.4675839765916,195.46758397659164,1961.6041336818732,1961.1956046316632,789.2449582121975,-30.254000184244262,786.3051858430935,-30.343285363073132
7.049999999999894,786.1638464509473,-30.267826855305863,1195.4609186851262,195.46091868512622,1961.5952782514817,1961.3043272850516,789.003256743165,-30.238695951068404,786.8279435218718,-30.100957852485664
7.059999999999894,785.8611692174636,-30.2676198414295,1195.454254076264,195.45425407626408,1961.3943881516338,1961.235427779087,788.711842379199,-30.176638269757483,786.0891131035044,-29.618119137959177
7.069999999999894,785.5584940639154,-30.267410868216775,1195.447588708669,195.44758870866895,1961.6176832177548,1961.1000953758048,788.3643316361516,-30.157880325760974,785.2367349487254,-29.989058829792405
7.0799999999998935,785.2558209961669,-30.26720268149729,1195.440923697711,195.440923697711,1961.5127248887538,1961.1665179829313,788.056331228398,-30.16075479296871,785.2843275586155,-30.186624997838315
7.089999999999893,784.9531500063516,-30.266995281561194,1195.4342590435026,195.4342590435026,1961.4077335088598,1961.2004227211917,787.8224365275139,-30.15614376913927,785.7173842195579,-30.114644554674307
7.099999999999893,784.6504810876643,-30.26678845590711,1195.427594659721,195.42759465972108,1961.3281469044557,1961.172349487385,787.5321557874814,-30.13503301769676,784.9196291271891,-29.94503625471417
7.109999999999893,784.3478142438806,-30.26658030079859,1195.4209297730768,195.42092977307675,1961.4761394180734,1961.1179983547117,787.1954739966442,-30.173364036027117,784.1653378791092,-30.51834320100029
7.119999999999893,784.0451494821936,-30.266372036616513,1195.4142648792865,195.41426487928652,1961.47824245036,1961.2452502870588,786.8282010854981,-30.241655533767336,783.522744885183,-30.856279013429315
7.129999999999892,783.7424868005047,-30.26616430115977,1195.407600237418,195.4076002374179,1961.4041019357737,1961.3285198668084,786.6224400134959,-30.27720266147823,784.7705903654748,-30.597126810876272
7.139999999999892,783.4398261921028,-30.26595737922263,1195.4009359631466,195.4009359631466,1961.2959180156497,1961.2700079707781,786.2931159501773,-30.28438253224934,783.3291993803099,-30.349001369189306
7.149999999999892,783.1371676596892,-30.265749103494148,1195.394271176139,195.394271176139,1961.4468163368304,1961.2060672679645,785.9928914560189,-30.25804707299764,783.2908710085937,-30.02102793973236
7.159999999999892,782.8345112100782,-30.265540818729697,1195.3876064226197,195.38760642261968,1961.4369607250353,1961.1150719233406,785.7200771058428,-30.276288770727916,783.264747954258,-30.440464050300378
7.169999999999892,782.531856840991,-30.265332998685107,1195.3809418950186,195.38094189501862,1961.3704729715496,1961.2025501854685,785.3928989936684,-30.266715795008988,782.4482959840979,-30.180559013538616
7.179999999999891,782.2292045499058,-30.26512521836563,1195.3742774207092,195.37427742070918,1961.3547892705317,1961.131337815997,785.064094992983,-30.21833637006405,782.1048589868141,-29.78292154555963
7.189999999999891,781.9265543401933,-30.264916724140527,1195.3676126935845,195.36761269358453,1961.4291927895301,1961.0187387566912,784.774889675286,-30.200948071890203,782.1720418160124,-30.044453388325582
7.199999999999891,781.6239062147466,-30.264708365199375,1195.3609480585674,195.36094805856737,1961.4020855704912,1961.0612300032046,784.4929353926655,-30.172119885496564,781.9553468490803,-29.912666207953777
7.209999999999891,781.3212601693263,-30.26450071887929,1195.354283750154,195.35428375015408,1961.3059660586146,1961.0131394248403,784.1848189482668,-30.220262927273513,781.411770948678,-30.653550303266044
7.2199999999998905,781.018616199586,-30.264293229186976,1195.3476195425123,195.34761954251235,1961.2763089293085,1961.1803572224403,783.8881830709863,-30.244206664278614,781.2184601754623,-30.459700297324524
7.22999999999989,780.715974309125,-30.264084863003703,1195.3409550160231,195.34095501602314,1961.3701457757181,1961.1331344650198,783.5445313607127,-30.22860356358847,780.4516659682502,-30.088175657377175
7.23999999999989,780.4133344954824,-30.26387786551565,1195.3342910826061,195.33429108260611,1961.1956046316632,1961.0354427063717,783.2933258277614,-30.231492846479107,781.0324760311993,-30.25749639249483
7.24999999999989,780.1106967568198,-30.263669867000786,1195.3276267797612,195.3276267797612,1961.3043272850516,1961.063076542843,782.9905045712972,-30.183644100192218,780.2651132631194,-29.753005383610216
7.25999999999989,779.8080610957178,-30.26346235341338,1195.3209627110293,195.32096271102932,1961.235427779087,1960.9268799407355,782.6842978827136,-30.113575432088926,779.9284376854621,-29.482957419159263
7.269999999999889,779.505427504548,-30.263255880536608,1195.3142991021425,195.3142991021425,1961.1000953758048,1960.8366099717055,782.3946863271788,-30.18136635970837,779.7881823273638,-30.791484708283352
7.279999999999889,779.2027959813428,-30.263048760505868,1195.307635267559,195.3076352675589,1961.1665179829313,1961.135429580564,782.1131643736504,-30.178099848241636,779.579466791895,-30.148701245041035
7.289999999999889,778.9001665312135,-30.26284126535687,1195.3009713177705,195.30097131777052,1961.2004227211917,1960.980886034633,781.856352227111,-30.166378549415064,779.5450429082548,-30.06088685997588
7.299999999999889,778.5975391553187,-30.262633913597377,1195.294307463372,195.29430746337198,1961.172349487385,1960.9473202118427,781.5235481207326,-30.212733032921975,778.5283111633269,-30.629923384484186
7.309999999999889,778.2949138511253,-30.262426925074887,1195.2876437936527,195.2876437936527,1961.1179983547117,1961.0758535741377,781.1902335309076,-30.243218035763544,778.1904022224824,-30.517583061337678
7.319999999999888,777.9922906225976,-30.26221878047078,1195.280979691545,195.2809796915451,1961.2452502870588,1961.0485619692822,780.8414130675864,-30.22746075810165,777.7020288976952,-30.085645259144595
7.329999999999888,777.6896694794566,-30.262009847732863,1195.2743153064962,195.2743153064962,1961.3285198668084,1960.9374029240303,780.609733933991,-30.219075521170083,778.5246217316324,-30.143608388785967
7.339999999999888,777.3870504236528,-30.26180131303204,1195.2676511202646,195.26765112026465,1961.2700079707781,1960.937158083246,780.2276714298555,-30.210010020309674,776.7891088926352,-30.128420512566
7.349999999999888,777.0844334509786,-30.261593221794655,1195.2609871512966,195.2609871512966,1961.2060672679645,1960.9204688232628,779.9731792063001,-30.233461827587753,777.6827491943014,-30.44452809309047
7.3599999999998875,776.7818185558677,-30.26138580037787,1195.254323491521,195.25432349152106,1961.1150719233406,1960.9864337134507,779.6473422829233,-30.23581357902489,776.7148099725313,-30.25697934195911
7.369999999999887,776.4792057390879,-30.2611775556082,1195.2476595345038,195.24765953450378,1961.2025501854685,1960.934614348651,779.2912837128857,-30.218901563667902,776.0867565825467,-30.066693425455043
7.379999999999887,776.1765950022341,-30.260969815152304,1195.2409958194585,195.24099581945848,1961.131337815997,1960.8768351970161,778.9737674343902,-30.21052241549913,776.1161209279302,-30.135110081980194
7.389999999999887,775.873986338532,-30.260762925281426,1195.2343324870128,195.2343324870128,1961.0187387566912,1960.8789161389348,778.6194147159142,-30.228670215487064,775.4302402496309,-30.39200041537845
7.399999999999887,775.5713797459633,-30.260555588437924,1195.2276690101864,195.22766901018645,1961.0612300032046,1960.9302493366802,778.3507302868105,-30.243043747344903,775.9325704248772,-30.372405534065454
7.4099999999998865,775.2687752252087,-30.260348562477347,1195.2210056967667,195.22100569676672,1961.0131394248403,1960.9190927338902,778.1288829732121,-30.256763314426586,776.1322571508255,-30.38023941816173
7.419999999999886,774.9661727821664,-30.26014004599483,1195.2143418151588,195.21434181515883,1961.1803572224403,1960.913850020139,777.8238461903952,-30.22912326262722,775.0785151450423,-29.980362796432903
7.429999999999886,774.6635724227708,-30.259931833125776,1195.2076780940088,195.20767809400877,1961.1331344650198,1960.8065152682723,777.4369005269862,-30.2850283840365,773.9543895563042,-30.78817447672001
7.439999999999886,774.3609741418745,-30.259724346137126,1195.201014704805,195.20101470480495,1961.0354427063717,1960.9907629471313,777.0530250727464,-30.244620457143746,773.5981459845895,-29.880949115108972
7.449999999999886,774.0583779374615,-30.259516536468162,1195.1943512217042,195.1943512217042,1961.063076542843,1960.7671381965706,776.7259674519233,-30.169364086506143,773.7824488645152,-29.492056750767688
7.459999999999885,773.7557838059049,-30.25930977485708,1195.187688201385,195.18768820138507,1960.9268799407355,1960.6490182811388,776.4007367073887,-30.172822116245325,773.4736600065762,-30.20394438389797
7.469999999999885,773.4531917386453,-30.25910367705898,1195.1810254877937,195.1810254877937,1960.8366099717055,1960.797382003845,776.1830877081427,-30.121267485681916,774.2242467149292,-29.657275810611242
7.479999999999885,773.1506017453221,-30.258894987598904,1195.1743617588452,195.17436175884518,1961.135429580564,1960.6507857719403,775.9829142906925,-30.098779248955818,774.1813535336403,-29.896385118420962
7.489999999999885,772.8480138328856,-30.25868749971447,1195.1676985550191,195.16769855501911,1960.980886034633,1960.6868792003552,775.7206273712025,-30.09699426555565,773.3600450957913,-30.080929414954113
7.4999999999998845,772.545427994381,-30.258480201202445,1195.161035465246,195.16103546524596,1960.9473202118427,1960.7165988251086,775.4420254873287,-30.129678430610188,772.9346085324644,-30.423835916101005
7.509999999999884,772.2428442346962,-30.258271735770748,1195.1543719387303,195.15437193873026,1961.0758535741377,1960.7910849991126,775.0811974178944,-30.14263899484857,771.833744792985,-30.259284072994035
7.519999999999884,771.9402625589813,-30.258063407206564,1195.1477085049485,195.14770850494847,1961.0485619692822,1960.7473231666443,774.7585947008769,-30.16777827756419,771.8551702477189,-30.394031822004745
7.529999999999884,771.637682962359,-30.257855917245536,1195.1410454488732,195.14104544887323,1960.9374029240303,1960.77345548223,774.4813228993979,-30.14812688527521,771.9858766860874,-29.971264354674382
7.539999999999884,771.3351054410834,-30.2576483378594,1195.13438239363,195.13438239362995,1960.937158083246,1960.6632542852344,774.1711214978811,-30.114753128101974,771.3793088842293,-29.814389313542822
7.5499999999998835,771.0325299953608,-30.2574408066419,1195.127719395095,195.12771939509503,1960.9204688232628,1960.608328527385,773.8001778919224,-30.134831679734358,770.4616854382941,-30.315538644425814
7.559999999999883,770.7299566281675,-30.257232632001735,1195.1210561724185,195.12105617241855,1960.9864337134507,1960.7144783631861,773.4573146495168,-30.203067873473287,770.3715454678661,-30.817193617123653
7.569999999999883,770.4273853410101,-30.25702479947112,1195.1143931258187,195.11439312581865,1960.934614348651,1960.8341173235326,773.150187684374,-30.212115991324573,770.3860449980888,-30.29354905198611
7.579999999999883,770.1248161302182,-30.25681735892421,1195.1077302755461,195.10773027554615,1960.8768351970161,1960.7094710951912,772.9233230161205,-30.197661777547893,770.8815410018392,-30.067573853557775
7.589999999999883,769.8222489943761,-30.256609809491934,1195.1010674182028,195.10106741820277,1960.8789161389348,1960.6444455076055,772.5620062727296,-30.14793380375227,769.3101555822115,-29.700382039591677
7.599999999999882,769.5196839366334,-30.25640173905507,1195.0944043864347,195.0944043864347,1960.9302493366802,1960.5382401717734,772.3188257238962,-30.14131766617849,770.1302007843962,-30.08177242801449
7.609999999999882,769.2171209595857,-30.25619367049131,1195.0877413925755,195.08774139257548,1960.9190927338902,1960.610361663966,771.9973310425227,-30.18158844371148,769.1038789101608,-30.544025441508353
7.619999999999882,768.9145600634616,-30.255985554316215,1195.0810784165305,195.08107841653054,1960.913850020139,1960.7134768328942,771.670443605813,-30.156365696180828,768.7284566754261,-29.92936096840496
7.629999999999882,768.6120012444661,-30.25577824479822,1195.0744158051978,195.07441580519776,1960.8065152682723,1960.5590843878088,771.4588286849751,-30.120009645194404,769.5542943974334,-29.792805186316563
7.6399999999998816,768.3094445067318,-30.255569302082915,1195.0677525678109,195.06775256781089,1960.9907629471313,1960.5078463250447,771.1194477960615,-30.167154133881926,768.0650197958387,-30.59145453206962
7.649999999999881,768.0068898495258,-30.2553621391084,1195.061090090277,195.06109009027705,1960.7671381965706,1960.6876252041698,770.8152363137535,-30.22902811537146,768.0773329729814,-30.785893948777254
7.659999999999881,767.704337259465,-30.255155873064435,1195.054428014102,195.0544280141021,1960.6490182811388,1960.7372279669137,770.5203047940339,-30.236068968729718,767.8659211165574,-30.299436648954035
7.669999999999881,767.4017867387292,-30.25494827407949,1195.047765433803,195.04776543380308,1960.797382003845,1960.620289573927,770.1851511634101,-30.285797991282703,767.1687684877951,-30.733359194259528
7.679999999999881,767.0992382883072,-30.254741810317263,1195.0411033516225,195.0411033516225,1960.6507857719403,1960.7197370435083,769.9022398812283,-30.298673398376017,767.3560383415921,-30.414552062215837
7.6899999999998805,766.7966919044903,-30.254534953066067,1195.0344411468002,195.0344411468002,1960.6868792003552,1960.6416749430032,769.533189241769,-30.38042742024347,766.2117334866352,-31.116213617050562
7.69999999999988,766.4941475909467,-30.25432775565556,1195.0277788409937,195.02777884099373,1960.7165988251086,1960.809516411673,769.2279093314343,-30.31464990588459,766.4803901384214,-29.722652276654635
7.70999999999988,766.191605352951,-30.254119843473795,1195.0211162820913,195.02111628209127,1960.7910849991126,1960.4707716466344,769.0073418943133,-30.3223097873411,767.022234960225,-30.391248720449678
7.71999999999988,765.8890651927036,-30.253912206014913,1195.0144538718869,195.01445387188687,1960.7473231666443,1960.6106830335716,768.6654036211343,-30.301406801526234,765.5879591625227,-30.113279929192405
7.72999999999988,765.5865271103816,-30.25370425840282,1195.0077913728876,195.0077913728876,1960.77345548223,1960.5323127015902,768.3075966980996,-30.287582790219307,765.0873343907874,-30.16316668845698
7.739999999999879,765.283991103382,-30.253497141491618,1195.0011292483402,195.00112924834025,1960.6632542852344,1960.5287653965738,768.043540152547,-30.24736622863001,765.6670312425744,-29.885417174326324
7.749999999999879,764.9814571657108,-30.25329039274017,1194.9944673104249,194.99446731042485,1960.608328527385,1960.4450793734477,767.7323241500394,-30.254068857546336,764.9313801274709,-30.31439251779326
7.759999999999879,764.6789253004259,-30.253082664235986,1194.9878050118236,194.98780501182364,1960.7144783631861,1960.5314767294942,767.3830851357402,-30.278776648836498,764.2399340070476,-30.501146770447946
7.769999999999879,764.3763955178893,-30.252873843082334,1194.981142306702,194.98114230670194,1960.8341173235326,1960.569048026153,767.07109222936,-30.265165403056596,764.2631560719385,-30.14266419103748
7.779999999999879,764.0738678188062,-30.252665973521225,1194.9744800251149,194.97448002511487,1960.7094710951912,1960.4748107468258,766.8170490196163,-30.28801082862347,764.5306601319228,-30.49361965872533
7.789999999999878,763.7713421961554,-30.25245855664094,1194.9678179644777,194.96781796447772,1960.6444455076055,1960.5483539061318,766.5871127657182,-30.292589309456496,764.5176864806351,-30.33379563695371
7.799999999999878,763.4688186436869,-30.25225193705924,1194.9611562647149,194.96115626471487,1960.5382401717734,1960.5033167188483,766.2742149887977,-30.310971922591207,763.4581349965126,-30.476415440803585
7.809999999999878,763.1662971608893,-30.252044622466748,1194.954494319891,194.95449431989096,1960.610361663966,1960.5293243364033,765.8422111929932,-30.27855783068793,761.9541770307528,-29.986831003558432
7.819999999999878,762.8637777560095,-30.251836353481167,1194.9478320246928,194.94783202469284,1960.7134768328942,1960.4007315297608,765.5812100441495,-30.2843255096808,763.2321997045558,-30.33623462061663
7.8299999999998775,762.5612604278169,-30.25162928505655,1194.9411702541038,194.94117025410378,1960.5590843878088,1960.4691859928287,765.2825646183776,-30.265577710687253,762.5947557864293,-30.096847519745317
7.839999999999877,762.2587451686219,-30.251422553954395,1194.934508657616,194.9345086576161,1960.5078463250447,1960.399989069005,764.9020553805577,-30.28003377533436,761.4774722401786,-30.410138357158285
7.849999999999877,761.9562319847178,-30.25121422687874,1194.927846450259,194.92784645025904,1960.6876252041698,1960.4628330422995,764.6471862749548,-30.314780503183876,762.3533643245287,-30.627501053829516
7.859999999999877,761.6537208866173,-30.251005393209063,1194.921184074357,194.92118407435692,1960.7372279669137,1960.5099949567107,764.3625176327295,-30.349100446325096,761.8004998527006,-30.657979934596085
7.869999999999877,761.3512118724178,-30.25079744667916,1194.9145220957992,194.91452209579916,1960.620289573927,1960.5155083099035,764.08470855582,-30.340339390829428,761.5844268636346,-30.261489891368406
7.879999999999876,761.0487049423023,-30.250588576414497,1194.9078597793293,194.90785977932933,1960.7197370435083,1960.4141733796182,763.700351603673,-30.29642212875422,760.2411390343495,-29.901166770077346
7.889999999999876,760.7462000980804,-30.2503802679504,1194.9011977281064,194.90119772810635,1960.6416749430032,1960.3111093827404,763.3682068742738,-30.316125515784268,760.3789043096814,-30.493455999054717
7.899999999999876,760.4436973444239,-30.25017046335618,1194.8945351065759,194.89453510657586,1960.809516411673,1960.4374098514847,763.0857843811505,-30.2750708900586,760.5439819430393,-29.905579258527567
7.909999999999876,760.1411966750961,-30.24996340219683,1194.887873636064,194.8878736360639,1960.4707716466344,1960.284573066231,762.7405345195962,-30.270709745776987,759.633285765607,-30.23145944724244
7.919999999999876,759.8386980826918,-30.249755078652065,1194.8812116901481,194.88121169014812,1960.6106830335716,1960.344987874749,762.4717917009223,-30.2478211108466,760.0531063328572,-30.04182339647312
7.929999999999875,759.5362015707011,-30.24954731950814,1194.8745500105263,194.87455001052626,1960.5323127015902,1960.2856962236026,762.187054765664,-30.259004566885256,759.6244223483397,-30.359655671233135
7.939999999999875,759.2337071366106,-30.249339498575143,1194.8678883429577,194.8678883429577,1960.5287653965738,1960.3486402125727,761.8503404917262,-30.255453743562853,758.8199120262863,-30.22349633366123
7.949999999999875,758.9312147776851,-30.249132286543592,1194.8612269597454,194.8612269597454,1960.4450793734477,1960.3066043407282,761.5048209697229,-30.342462112365766,758.3951452716923,-31.125537431591972
7.959999999999875,758.6287244949526,-30.248924259967,1194.8545652829641,194.85456528296413,1960.5314767294942,1960.5204354685764,761.2390393124538,-30.305990281893305,758.8470043970315,-29.977743807641144
7.9699999999998745,758.3262362945154,-30.248715827468256,1194.8479034785196,194.84790347851958,1960.569048026153,1960.2444472384036,760.8296123888829,-30.3305547575921,757.1447700767445,-30.551635038881237
7.979999999999874,758.0237501749173,-30.24850809218212,1194.8412419942833,194.84124199428334,1960.4748107468258,1960.3680099653955,760.5799838805366,-30.260625226959753,758.3333273054199,-29.631259451268612
7.989999999999874,757.7212661362069,-30.248299649913807,1194.8345802601552,194.83458026015524,1960.5483539061318,1960.1332655829544,760.2951517914873,-30.281232757492035,757.7316629900446,-30.466700532282548
7.999999999999874,757.4187841804918,-30.24809149309354,1194.8279186790587,194.8279186790587,1960.5033167188483,1960.3138514612622,759.9983702083326,-30.236672338477742,757.3273359599394,-29.835628567349083
8.009999999999874,757.1163043078907,-30.24788302712378,1194.8212570095911,194.82125700959114,1960.5293243364033,1960.1504435912855,759.6778654093322,-30.261769167541853,756.7933222183284,-30.487640629118857
8.019999999999873,756.8138265150255,-30.247675545920806,1194.814595777068,194.814595777068,1960.4007315297608,1960.2915145974368,759.3673243437925,-30.28895966362751,756.5724547539345,-30.53367412839842
8.029999999999873,756.5113508002944,-30.2474674003146,1194.807934311944,194.8079343119441,1960.4691859928287,1960.2985059828354,759.0878605052424,-30.23607008354213,756.5726859582918,-29.760063862773734
8.039999999999873,756.2088771645809,-30.247259742374183,1194.801273081944,194.80127308194392,1960.399989069005,1960.10110946695,758.8161161348321,-30.244759654489126,756.370416801139,-30.32296579301207
8.049999999999873,755.9064056085342,-30.247051466979688,1194.7946116384066,194.79461163840665,1960.4628330422995,1960.2178213618877,758.5105545187565,-30.291884559999083,755.7604999740764,-30.716008709588685
8.059999999999873,755.6039361376723,-30.246842705374476,1194.7879500346182,194.78795003461823,1960.5099949567107,1960.3074629452383,758.2640481695055,-30.28971549044701,756.0454910262459,-30.270193864478316
8.069999999999872,755.3014687551148,-30.246633806136305,1194.781288412096,194.78128841209605,1960.5155083099035,1960.196998662201,757.9587662323869,-30.18961409498059,755.2112287983194,-29.28870153578285
8.079999999999872,754.9990034577664,-30.246425663554955,1194.774627133899,194.774627133899,1960.4141733796182,1959.940291484153,757.6777276003431,-30.217848983340886,755.1483799119493,-30.47196297858351
8.089999999999872,754.6965402379881,-30.246218292115497,1194.7679662059024,194.76796620590244,1960.3111093827404,1960.2002902253075,757.3582909842974,-30.18623254294245,754.4833614398854,-29.90168457935647
8.099999999999872,754.394079097667,-30.246009772090666,1194.7613048487503,194.76130484875034,1960.4374098514847,1960.0539886442364,757.0675333161613,-30.23535860520679,754.4507143029359,-30.677493165585876
8.109999999999872,754.0916200366075,-30.24580243980504,1194.7546440109213,194.7546440109213,1960.284573066231,1960.2292452821077,756.8159034349346,-30.256447311232787,754.5512345038951,-30.446245665466737
8.119999999999871,753.7891630518566,-30.245594510380354,1194.7479829678093,194.74798296780932,1960.344987874749,1960.172924365361,756.6068942854378,-30.222960589176104,754.7258119399653,-29.92158009066596
8.129999999999871,753.4867081443759,-30.245386985746126,1194.741322126164,194.74132212616405,1960.2856962236026,1960.0362392583258,756.2725095765487,-30.18677273798105,753.2630471965466,-29.861082077225593
8.139999999999871,753.1842553152333,-30.245178842795784,1194.7346610706418,194.73466107064178,1960.3486402125727,1960.0019525109863,755.9670769259436,-30.167030138208858,753.2181830704969,-29.98934674025912
8.14999999999987,752.8818045662183,-30.24497096020716,1194.728000157953,194.72800015795292,1960.3066043407282,1960.0141808039998,755.6827863308358,-30.200214920058418,753.1241709748656,-30.49887795670442
8.15999999999987,752.5793559054355,-30.244761196351206,1194.7213385186888,194.72133851868875,1960.5204354685764,1960.1258372796121,755.34026579668,-30.17377072316026,752.2575809892768,-29.935772951076856
8.16999999999987,752.2769093311983,-30.244553651059775,1194.714677817203,194.71467781720298,1960.2444472384036,1959.9825653680598,755.0171913835266,-30.192958469847472,752.109521665145,-30.365648190032374
8.17999999999987,751.9744648380428,-30.244344980049327,1194.7080166958642,194.70801669586422,1960.3680099653955,1960.0726327921673,754.6651626000107,-30.185389148899855,751.4969035483681,-30.117265260371287
8.18999999999987,751.6720224222304,-30.244138182420198,1194.7013563721619,194.70135637216185,1960.1332655829544,1960.004542979855,754.4689748281949,-30.22329003967952,752.7032848818519,-30.56439805669648
8.19999999999987,751.3695820824095,-30.24392978176839,1194.694695434848,194.69469543484797,1960.3138514612622,1960.1036441243014,754.1602465264499,-30.182987397225943,751.3816918107458,-29.820263615143762
8.20999999999987,751.0671438202136,-30.243722657412004,1194.6880350527767,194.68803505277674,1960.1504435912855,1959.9162950181596,753.8469541862639,-30.17548976935706,751.0273231245907,-30.108011118537085
8.21999999999987,750.7647076356226,-30.243514260767178,1194.681374191361,194.6813741913611,1960.2915145974368,1959.9673664144393,753.4856098547924,-30.16944300558184,750.2335108715491,-30.115022131604885
8.229999999999869,750.4622735357482,-30.243305714117575,1194.6747133061895,194.67471330618946,1960.2985059828354,1959.9564541652455,753.1739190096378,-30.14725737656502,750.368701403246,-29.947586715413617
8.239999999999869,750.1598415135361,-30.243098728285904,1194.6680530917502,194.66805309175015,1960.10110946695,1959.902292986276,752.9318805626058,-30.07915460247655,750.7535345393185,-29.46622963568032
8.249999999999869,749.8574115665244,-30.24289067404616,1194.6613924807364,194.66139248073637,1960.2178213618877,1959.7656177616966,752.6534153216584,-30.085754320136044,750.1472281531312,-30.145151779071508
8.259999999999868,749.5549837042643,-30.24268177797499,1194.65473156513,194.65473156513008,1960.3074629452383,1959.90753241418,752.3532913749979,-30.11204205470426,749.652175855053,-30.348631665818196
8.269999999999868,749.252557926799,-30.242473715068865,1194.6480710248695,194.64807102486952,1960.196998662201,1959.9492616319994,752.060142222351,-30.133947263044895,749.4217998485299,-30.331094138110572
8.279999999999868,748.9501342196762,-30.242267709492655,1194.6414113568726,194.6414113568726,1959.940291484153,1959.9406591084924,751.757564470897,-30.105251381621432,749.034364707811,-29.84698844881027
8.289999999999868,748.6477125839483,-30.242059436084496,1194.6347508054278,194.63475080542776,1960.2002902253075,1959.8143203260975,751.3962521539381,-30.084735830233868,748.1444413013085,-29.900095867745783
8.299999999999867,748.3452930252887,-30.241852295849185,1194.6280907511,194.6280907511,1960.0539886442364,1959.809633117135,751.1570119944402,-30.103989532605134,749.0038505589587,-30.27727285394651
8.309999999999867,748.0428755458239,-30.241643597104712,1194.621430101269,194.62143010126897,1960.2292452821077,1959.8880091878273,750.7395056046282,-30.135989598667926,746.9819480963196,-30.423990193233042
8.319999999999867,747.7404601514468,-30.241435278327113,1194.6147696428104,194.61476964281042,1960.172924365361,1959.9187116955154,750.5044507866381,-30.147220208502816,748.3889574247273,-30.24829569701678
8.329999999999867,747.438046834994,-30.241228012243802,1194.6081096487933,194.6081096487933,1960.0362392583258,1959.8719981452743,750.147845279859,-30.17176423651376,746.9383957188466,-30.392660488612268
8.339999999999867,747.1356355902243,-30.241020941701755,1194.6014497712788,194.6014497712788,1960.0019525109863,1959.900107805324,749.8886553122207,-30.16228789998652,747.5559456034766,-30.077000871241342
8.349999999999866,746.8332264171293,-30.24081367732769,1194.5947898522138,194.5947898522138,1960.0141808039998,1959.8165399064105,749.5711658177531,-30.181145210075076,746.7137603675444,-30.350861000872097
8.359999999999866,746.5308193218086,-30.240605386801644,1194.5881295537522,194.5881295537522,1960.1258372796121,1959.8718467858012,749.2475432607065,-30.21476353328269,746.3349402472867,-30.517328442151193
8.369999999999866,746.2284143038539,-30.240398204134426,1194.581469742113,194.5814697421131,1959.9825653680598,1959.9073882901353,749.0263991494946,-30.226996614444204,747.0361021485886,-30.337094344897828
8.379999999999866,745.9260113619531,-30.24019017603053,1194.5748096244345,194.57480962443447,1960.0726327921673,1959.8599454517685,748.7772182967818,-30.182676489045164,746.5345906223658,-29.783795360453794
8.389999999999866,745.6236104979408,-30.239982626438923,1194.5681497381179,194.56814973811788,1960.004542979855,1959.7138895853084,748.5117730618051,-30.201355712166084,746.1227659470148,-30.36946872025434
8.399999999999865,745.3212117140298,-30.239774155774825,1194.5614895150661,194.5614895150661,1960.1036441243014,1959.838438878076,748.2129034315444,-30.205923424718687,745.5230767591981,-30.2470328376921
8.409999999999865,745.018815007441,-30.23956716197651,1194.5548299286068,194.55482992860675,1959.9162950181596,1959.801710151872,747.8483094960976,-30.199557019992824,744.566964077076,-30.14225937746003
8.419999999999865,744.7164203733853,-30.23935964917501,1194.5481701686122,194.54817016861216,1959.9673664144393,1959.7658701848877,747.4761685942684,-30.167906901257197,744.1269004778054,-29.883055832636543
8.429999999999865,744.4140278144582,-30.23915213624995,1194.5415104456963,194.5415104456963,1959.9564541652455,1959.6886888863091,747.1467236514226,-30.168996635080287,744.181719165809,-30.178804239488098
8.439999999999864,744.1116373288506,-30.238944985256467,1194.5348509068142,194.5348509068142,1959.902292986276,1959.7439247072145,746.8573794127426,-30.183758619309028,744.2532812646238,-30.31661647736769
8.449999999999864,743.8092489094896,-30.238738886964114,1194.5281918323399,194.52819183233987,1959.7656177616966,1959.767861747151,746.581901052491,-30.203503755773212,744.1025958102273,-30.38120998395087
8.459999999999864,743.506862557509,-30.238531509174162,1194.5215322756549,194.52153227565486,1959.90753241418,1959.7769129192059,746.3179620678657,-30.247385921520713,743.9425112062376,-30.642325413248187
8.469999999999864,743.2044782815102,-30.23832369057337,1194.5148725771783,194.51487257717827,1959.9492616319994,1959.8363395788163,746.0129326682074,-30.18831182845423,743.2676680712834,-29.656644990855884
8.479999999999864,742.9020960837948,-30.23811585251205,1194.5082129079321,194.50821290793215,1959.9406591084924,1959.590101303123,745.651832443536,-30.213624579975757,742.401930421492,-30.441439343669504
8.489999999999863,742.5997159596291,-30.237908980636675,1194.5015536679718,194.50155366797185,1959.8143203260975,1959.7607427038813,745.3723161876284,-30.21066556658366,742.8566698844585,-30.184034446054795
8.499999999999863,742.2973379044432,-30.237702056534324,1194.4948944439382,194.49489444393816,1959.809633117135,1959.6919316986223,745.0823498642735,-30.1986936016743,742.47265295408,-30.090945917490025
8.509999999999863,741.9949619222365,-30.237494384820497,1194.488234953591,194.48823495359102,1959.8880091878273,1959.6571318701983,744.805347143498,-30.169282684730234,742.3123226565174,-29.90458443223363
8.519999999999863,741.6925880184893,-30.237286364596073,1194.48157535892,194.48157535892005,1959.9187116955154,1959.5967601332945,744.5145621638436,-30.183320782355374,741.8974973469536,-30.309663660981638
8.529999999999863,741.3902161934466,-30.237078643970023,1194.4749159229766,194.4749159229766,1959.8719981452743,1959.6798886678787,744.235756251864,-30.131700110469982,741.726503044048,-29.667114063501458
8.539999999999862,741.087846447244,-30.23687059653697,1194.4682563915196,194.46825639151962,1959.900107805324,1959.5119725066863,743.9143335840829,-30.1714530382168,741.0215295740527,-30.529229387938162
8.549999999999862,740.7854787784751,-30.236663157248238,1194.4615971440173,194.46159714401733,1959.8165399064105,1959.703807728864,743.6568021369865,-30.181585485038553,741.3390191131185,-30.272777506434316
8.559999999999862,740.4831131868716,-30.236455163458636,1194.4549377085882,194.4549377085882,1959.8718467858012,1959.638845009471,743.2307997646743,-30.16164980256605,739.3967784138646,-29.98222866031351
8.569999999999862,740.1807496771511,-30.236246780635504,1194.448278152393,194.44827815239296,1959.9073882901353,1959.5579526242511,742.8990283466244,-30.17182549884212,739.9130855841742,-30.263406765326753
8.579999999999862,739.8783882497303,-30.236038703523256,1194.4416187574034,194.44161875740338,1959.8599454517685,1959.61247474885,742.6135633534635,-30.172531828916863,740.0443784150148,-30.178888799589537
8.589999999999861,739.576028897424,-30.23583175772691,1194.434959858696,194.43495985869595,1959.7138895853084,1959.5831009616015,742.3452824987165,-30.191926412914963,739.9307548059935,-30.36647766889786
8.599999999999861,739.2736716202468,-30.23562367771634,1194.4283005367834,194.42830053678335,1959.838438878076,1959.6193873455413,742.0637767007784,-30.20408253972262,739.5302245193349,-30.313487680991514
8.60999999999986,738.9713164227895,-30.23541581372592,1194.421641339671,194.42164133967094,1959.801710151872,1959.6002003930657,741.7914711970238,-30.18875484260256,739.3407216632332,-30.050805568522
8.61999999999986,738.6689633029292,-30.235208158318848,1194.414982264339,194.41498226433896,1959.7658701848877,1959.5267809973282,741.4324484725121,-30.160820710688938,738.2012439519069,-29.909413523466338
8.62999999999986,738.3666122568495,-30.23500105762114,1194.408323451261,194.4083234512609,1959.6886888863091,1959.4768133597465,741.0990666786902,-30.143997011433726,738.0986305342925,-29.992583718136796
8.63999999999986,738.0642632845464,-30.234793403000612,1194.4016644504975,194.4016644504975,1959.7439247072145,1959.4798350982492,740.8139507049459,-30.097931140286562,738.2479069412472,-29.683338299962074
8.64999999999986,737.761916390249,-30.2345854564942,1194.3950053683984,194.39500536839842,1959.767861747151,1959.387530237655,740.4975739743577,-30.122076075790872,737.650183399063,-30.33938049532966
8.65999999999986,737.4595715762529,-30.234377342728564,1194.3883462555445,194.38834625554455,1959.7769129192059,1959.5292366057097,740.1928027542529,-30.142401595969673,737.449861773309,-30.325331277578847
8.66999999999986,737.1572288463395,-30.234168639933337,1194.3816869407651,194.38168694076512,1959.8363395788163,1959.5209727723247,739.9292424585587,-30.200067618619137,737.5571997973105,-30.71906182246431
8.67999999999986,736.8548881936034,-30.233961907288915,1194.3750284626772,194.37502846267716,1959.590101303123,1959.6136986986482,739.5691229111059,-30.23549113513349,736.3280469840303,-30.554302783762672
8.68999999999986,736.5525496157946,-30.233753654470483,1194.368369404768,194.36836940476792,1959.7607427038813,1959.5761387101327,739.3149809611734,-30.183998985889733,737.0277034117814,-29.720569642695907
8.699999999999859,736.2502131180909,-30.233545886298632,1194.3617105806711,194.36171058067112,1959.6919316986223,1959.3657736301816,739.0032817159383,-30.194018327626324,736.1979885088222,-30.284192403255634
8.709999999999859,735.9478786970693,-30.233338318017516,1194.3550518748204,194.35505187482045,1959.6571318701983,1959.4830189879738,738.7012440222071,-30.1630939775872,735.9829047786259,-29.88477482723506
8.719999999999859,735.6455463496605,-30.23313116373741,1194.3483933741065,194.34839337410654,1959.5967601332945,1959.3748823259245,738.349306598243,-30.162946626720178,735.1818697825653,-30.161620468916976
8.729999999999858,735.3432160777321,-30.23292322197151,1194.3417345909306,194.34173459093063,1959.6798886678787,1959.4255758776787,738.097457427681,-30.154911461147115,735.8308148926234,-30.082594970989557
8.739999999999858,735.040887878649,-30.232716594657447,1194.335076378316,194.335076378316,1959.5119725066863,1959.3949954367354,737.8012795536077,-30.132660591721134,735.1356786869484,-29.932402766887304
8.749999999999858,734.7385617543273,-30.23250826966986,1194.3284175138656,194.3284175138656,1959.703807728864,1959.3446522898805,737.3598461590298,-30.122309099930078,733.3869456078277,-30.02914567381059
8.759999999999858,734.4362377109933,-30.232300397125986,1194.3217588701516,194.3217588701516,1959.638845009471,1959.3524879388453,737.0347815300698,-30.18822721655536,734.1091998694295,-30.781490266182924
8.769999999999857,734.1339157434555,-30.232093110412244,1194.3151005013015,194.31510050130146,1959.5579526242511,1959.527199211174,736.7702550813847,-30.151404049586162,734.389517043218,-29.819995546863357
8.779999999999857,733.831595851525,-30.231885275713292,1194.3084419471909,194.3084419471909,1959.61247474885,1959.292518502963,736.4695167326674,-30.13086593578279,733.7628715942111,-29.94602291155241
8.789999999999857,733.529278037169,-30.231677595484836,1194.3017834928892,194.30178349288917,1959.5831009616015,1959.3040326947341,736.2561067760171,-30.101499668145472,734.3354171661633,-29.837203259409623
8.799999999999857,733.2269623015918,-30.231469519951244,1194.2951249152902,194.29512491529022,1959.6193873455413,1959.2609065572788,736.0351905550432,-30.092232828593893,734.0469445662775,-30.008831272629674
8.809999999999857,732.9246486464241,-30.23126151359241,1194.2884664028866,194.28846640288657,1959.6002003930657,1959.2856850979642,735.7279080461263,-30.15419467145066,732.9623654658749,-30.711851257161563
8.819999999999856,732.6223370687036,-30.231054030508368,1194.2818081399541,194.28180813995414,1959.5267809973282,1959.4483365941153,735.4050478239776,-30.18717800521592,732.4993058246387,-30.484028009103227
8.829999999999856,732.3200275641794,-30.230846874341335,1194.2751500468064,194.2751500468064,1959.4768133597465,1959.3960848568643,735.2050929338727,-30.19682146650143,733.4054989229284,-30.283612618071036
8.839999999999856,732.0177201318007,-30.23063960140242,1194.2684919433912,194.26849194339115,1959.4798350982492,1959.3434407316483,734.8925158940048,-30.183658718710312,732.079322535193,-30.06519398859028
8.849999999999856,731.7154147687443,-30.230433009890913,1194.261834153618,194.2618341536181,1959.387530237655,1959.2804608120666,734.5769859037973,-30.137484616615453,731.7372159919305,-29.721917697761686
8.859999999999856,731.4131114779931,-30.23022514035538,1194.2551758823417,194.25517588234175,1959.5292366057097,1959.1805654329796,734.2294659931302,-30.140920445332327,731.1017867971259,-30.171842903784206
8.869999999999855,731.1108102660486,-30.23001724853842,1194.2485176391451,194.24851763914512,1959.5209727723247,1959.2707168094937,733.8804768911372,-30.18943080098956,730.7395749731995,-30.626024001904632
8.879999999999855,730.8085111373618,-30.229808488805794,1194.2418590808757,194.24185908087566,1959.6136986986482,1959.3743346872243,733.5426918612144,-30.194579673682632,730.5026265919092,-30.24091952792032
8.889999999999855,730.5062140951574,-30.229599952094325,1194.235200650231,194.23520065023104,1959.5761387101327,1959.2793992932463,733.2175789733828,-30.21885433092002,730.2915629828988,-30.437326246056482
8.899999999999855,730.2039191299698,-30.22939308540204,1194.2285429343844,194.22854293438445,1959.3657736301816,1959.3190015333093,732.845897115858,-30.222401373547083,729.5007603981338,-30.25432475719065
8.909999999999854,729.9016262388154,-30.22918514547646,1194.2218848201508,194.22188482015076,1959.4830189879738,1959.2685343257306,732.4762340094521,-30.200278071829334,729.1492660517999,-30.00116835636958
8.919999999999854,729.5993354229902,-30.228978019571034,1194.2152270733538,194.21522707335384,1959.3748823259245,1959.1953458411235,732.1926661384528,-30.24687461158745,729.6405552994574,-30.666243469410514
8.929999999999854,729.2970466810038,-30.22877037770333,1194.2085691543057,194.20856915430568,1959.4255758776787,1959.3452982441434,731.8876437388554,-30.267628880366757,729.1424421424789,-30.454417299380506
8.939999999999854,728.9947600146132,-30.228562900433054,1194.2019113391666,194.2019113391666,1959.3949954367354,1959.2932050077175,731.6143140919522,-30.223508768992694,729.1543472698228,-29.82642776662611
8.949999999999854,728.6924754213447,-30.228355753252284,1194.1952536950882,194.19525369508824,1959.3446522898805,1959.1306105311983,731.2283716014092,-30.220542685044233,727.7548891865218,-30.19384792950806
8.959999999999853,728.3901929003335,-30.22814844898712,1194.188596024385,194.1885960243851,1959.3524879388453,1959.2006501606684,730.9365470915234,-30.20116305914501,728.3101265025502,-30.026746426051982
8.969999999999853,728.0879124601374,-30.227939590237884,1194.1819377600316,194.1819377600316,1959.527199211174,1959.1473478372782,730.6623434597966,-30.226399792206465,728.1945107742563,-30.45353038975953
8.979999999999853,727.7856340991602,-30.22773260520026,1194.1752802930982,194.17528029309824,1959.292518502963,1959.2384125334775,730.3587198269497,-30.25041384920995,727.6261071313269,-30.466540362241307
8.989999999999853,727.4833578089729,-30.22752543227491,1194.168622787041,194.16862278704093,1959.3040326947341,1959.2371891134312,730.124983982082,-30.247485658056288,728.0213613782722,-30.221131937673327
8.999999999999853,727.1810835891664,-30.227318529018778,1194.1619654275216,194.16196542752164,1959.2609065572788,1959.1710553617272,729.9256534770781,-30.24728876956698,728.1316789320429,-30.245516773163164
9.009999999999852,726.8788114398873,-30.227111326798127,1194.1553079838075,194.15530798380746,1959.2856850979642,1959.1656346003901,729.5855489350134,-30.290682457068478,726.524608056432,-30.681225644581975
9.019999999999852,726.576541369898,-30.226902671043774,1194.1486499874209,194.14864998742087,1959.4483365941153,1959.2637275373054,729.1944911946891,-30.331828556756175,725.67497153177,-30.70214345394542
9.029999999999852,726.2742733847359,-30.226694361367443,1194.1419921685801,194.14199216858015,1959.3960848568643,1959.2690194573754,728.9158257462443,-30.306053386520407,726.4078367102417,-30.074076854398463
9.039999999999852,725.9720074809238,-30.22648640106137,1194.1353345286184,194.1353345286184,1959.3434407316483,1959.1115036658887,728.5423843846106,-30.27124553855222,725.1814121299077,-29.957974906838533
9.049999999999851,725.6697436545352,-30.226278876686543,1194.1286771026557,194.12867710265573,1959.2804608120666,1959.0652490097016,728.2309672590189,-30.262345082006085,725.4282131286934,-30.182240973090877
9.059999999999851,725.3674818996649,-30.226072097392148,1194.122020016127,194.12202001612695,1959.1805654329796,1959.1018285342132,728.0252297544963,-30.231812604068725,726.1735922137926,-29.95702030263249
9.069999999999851,725.0652222168196,-30.225864471672434,1194.1153626232733,194.1153626232733,1959.2707168094937,1959.0325137722855,727.7158024683333,-30.257953557591556,724.9309568928667,-30.49322213929702
9.07999999999985,724.7629646150275,-30.22565588673988,1194.1087048783372,194.10870487833722,1959.3743346872243,1959.1481461355443,727.3129279129363,-30.27629839008366,723.6870569143629,-30.441401882512604
9.08999999999985,724.460709095567,-30.225448005352792,1194.1020474559814,194.1020474559814,1959.2793992932463,1959.1309407629324,727.0171495192579,-30.30082873742511,724.3551439761532,-30.521601863498148
9.09999999999985,724.158455657036,-30.225239700838888,1194.0953898990615,194.0953898990615,1959.3190015333093,1959.1447919420855,726.7247172846812,-30.290964277277723,724.0928271734899,-30.202184135951256
9.10999999999985,723.8562042998944,-30.225031727481824,1194.0887325136237,194.08873251362365,1959.2685343257306,1959.0602848548237,726.4266231871122,-30.303871099722837,723.7437763089904,-30.420032501728862
9.11999999999985,723.5539550198793,-30.22482427556896,1194.0820753768726,194.08207537687258,1959.1953458411235,1959.101495866822,726.1477891039873,-30.282708197820366,723.6382823558627,-30.09224208069814
9.12999999999985,723.2517078211195,-30.224615476386326,1194.0754177305992,194.07541773059916,1959.3452982441434,1959.011990405639,725.8036610218284,-30.234570954284575,722.706508282398,-29.801335762462443
9.13999999999985,722.9494627086276,-30.224407021979555,1194.0687602613332,194.06876026133318,1959.2932050077175,1958.9231877136415,725.5133117838941,-30.232989072365726,722.9001686424855,-30.2187521350961
9.14999999999985,722.6472196743289,-30.224199837772655,1194.0621033445457,194.06210334454568,1959.1306105311983,1959.004722395705,725.2621132941003,-30.225113664968514,723.0013268859572,-30.154234998393605
9.15999999999985,722.3449787152623,-30.22399197552937,1194.0554461897711,194.05544618977115,1959.2006501606684,1958.977413435854,725.0180566679122,-30.216387771068547,722.821547032219,-30.137854725968822
9.169999999999849,722.0427398330437,-30.223784468205576,1194.0487892161123,194.04878921611225,1959.1473478372782,1958.9605649251637,724.6899031156934,-30.206282335026067,721.7365211457235,-30.115333410643746
9.179999999999849,721.740503030169,-30.22357610675311,1194.042131933025,194.04213193302508,1959.2384125334775,1958.94196882553,724.337776796775,-30.204754921025476,721.1686399265086,-30.191008195020153
9.189999999999849,721.4382683113148,-30.223367664063222,1194.035474654095,194.03547465409497,1959.2371891134312,1958.9475763640123,724.0461644486967,-30.212859701047428,721.4216533159926,-30.285802721244984
9.199999999999848,721.1360356745757,-30.223159683756528,1194.0288175998803,194.0288175998803,1959.1710553617272,1958.9601083502016,723.7487246957126,-30.270345170683267,721.0717669188563,-30.787714397405818
9.209999999999848,720.83380511787,-30.22295165736954,1194.022160564085,194.02216056408497,1959.1656346003901,1959.0768280364196,723.4297964925413,-30.26282047231766,720.5594426639996,-30.195098187027202
9.219999999999848,720.5315766459934,-30.222742717969187,1194.0155031949803,194.01550319498028,1959.2637275373054,1958.9322609532455,723.1479673274864,-30.28964295111059,720.6115048419921,-30.531045260246973
9.229999999999848,720.2293502641897,-30.222533642758567,1194.0088458078942,194.0088458078942,1959.2690194573754,1959.0035816090094,722.9193910132,-30.308917265721824,720.8622041846221,-30.482386097222918
9.239999999999847,719.9271259669996,-30.222325795274486,1194.0021889560298,194.00218895602984,1959.1115036658887,1958.9873374708723,722.6686373686064,-30.28744228782094,720.4118545672629,-30.09416748671298
9.249999999999847,719.6249037468048,-30.222118243704397,1193.995532261334,193.9955322613339,1959.0652490097016,1958.884317296877,722.331952640934,-30.227650556631,719.3017900918828,-29.689524975921543
9.259999999999847,719.3226836041148,-30.22191029429755,1193.9888754423446,193.98887544234458,1959.1018285342132,1958.7670040792966,721.9713438956642,-30.199501905189358,718.7258651882365,-29.94616404221455
9.269999999999847,719.0204655384736,-30.221702833942892,1193.9822188588796,193.9822188588796,1959.0325137722855,1958.8054318663098,721.7262851758474,-30.22184060433701,719.520756697495,-30.422888896665885
9.279999999999847,718.7182495527355,-30.221494313655146,1193.9755618825081,193.97556188250815,1959.1481461355443,1958.906792251849,721.4951048785395,-30.229307370706792,719.4144822027677,-30.29650826803483
9.289999999999846,718.4160356519374,-30.221285845983715,1193.9689049645986,193.96890496459855,1959.1309407629324,1958.869997467756,721.2016326373432,-30.22069556307135,718.5603824665773,-30.14318929435235
9.299999999999846,718.1138238368534,-30.22107717081809,1193.9622479996242,193.9622479996242,1959.1447919420855,1958.8227502089144,720.8861363202208,-30.19640947565123,718.0466694661181,-29.977834688870157
9.309999999999846,717.8116141054396,-30.220869111952435,1193.955591321796,193.95559132179596,1959.0602848548237,1958.7684743223767,720.6183585347702,-30.251311398478496,718.2083584657157,-30.74542870392389
9.319999999999846,717.5094064567976,-30.220660616443002,1193.9489345039372,193.94893450393715,1959.101495866822,1958.9435174862033,720.3726803391169,-30.298121079916015,718.1615765782367,-30.719408212853704
9.329999999999846,717.2072008898199,-30.22045277910765,1193.9422779902084,193.94227799020837,1959.011990405639,1958.9399537992115,720.1077597044043,-30.256553095730354,717.7234739919908,-29.882441238059375
9.339999999999845,716.9049973979539,-30.220245594071777,1193.9356217782215,193.9356217782215,1958.9231877136415,1958.7316309236314,719.7329351522486,-30.265246774203135,716.3595141828463,-30.34348988045815
9.349999999999845,716.6027959818103,-30.220037634658706,1193.9289652891885,193.92896528918845,1959.004722395705,1958.8257180247663,719.3646360017805,-30.267173491157354,716.0499436475674,-30.284513943745328
9.359999999999845,716.3005966445745,-30.21982981249852,1193.9223088929484,193.92230889294842,1958.977413435854,1958.8023639479725,719.0428303518506,-30.23904930732339,716.1465795024816,-29.98593165281772
9.369999999999845,715.9983993853122,-30.219622039979875,1193.915652553958,193.9156525539579,1958.9605649251637,1958.7174166925704,718.8039026925028,-30.19523606626534,716.6535537583719,-29.800916896742887
9.379999999999844,715.6962042034536,-30.219414331741564,1193.908996278155,193.90899627815497,1958.94196882553,1958.6533486884284,718.4650244422689,-30.203930549025298,715.4151201901644,-30.282180893864922
9.389999999999844,715.3940110993697,-30.21920648505919,1193.9023399832981,193.90233998329813,1958.9475763640123,1958.7519282106439,718.073751198368,-30.229634244623572,714.5522920032591,-30.460967505008046
9.399999999999844,715.0918200747346,-30.2189984419325,1193.895683645859,193.89568364585898,1958.9601083502016,1958.7880152864514,717.8238006676595,-30.180103179648018,715.5742458912833,-29.73432359486803
9.409999999999844,714.7896311358766,-30.218789329688672,1193.8890269118187,193.88902691181875,1959.0768280364196,1958.6019969661645,717.4586662708873,-30.201745722426672,714.1724566999366,-30.39652860743454
9.419999999999844,714.487444282544,-30.218581336845148,1193.882370669002,193.88237066900206,1958.9322609532455,1958.7443815439171,717.1602237842051,-30.195024449103933,714.4742414040645,-30.134532989199265
9.429999999999843,714.1852595125841,-30.218372655137994,1193.8757141838453,193.87571418384528,1959.0035816090094,1958.6735101616898,716.8222471810469,-30.184637438373414,713.7804577526233,-30.091154341798767
9.439999999999843,713.8830768292185,-30.21816401800603,1193.8690577538844,193.86905775388436,1958.9873374708723,1958.650201675555,716.5046381785106,-30.188423664463023,713.646157155683,-30.222499699269513
9.449999999999843,713.580896228367,-30.21795615229769,1193.862401673975,193.862401673975,1958.884317296877,1958.6696578457036,716.2395781958965,-30.191184245152165,713.8540383523689,-30.216029471354407
9.459999999999843,713.2787177017168,-30.217749177747415,1193.8557459926835,193.85574599268352,1958.7670040792966,1958.658203995794,715.9216728519523,-30.197129032529464,713.0605247564536,-30.250632118925164
9.469999999999843,712.9765412468788,-30.217541789849495,1193.8490901808186,193.84909018081862,1958.8054318663098,1958.6567625991668,715.6227415434847,-30.210270639157933,712.9323597672761,-30.328545098814132
9.479999999999842,712.6743668706223,-30.21733346145721,1193.842434024542,193.84243402454194,1958.906792251849,1958.6669446257622,715.3149642730651,-30.16301750627272,712.5449688392887,-29.737739310305795
9.489999999999842,712.372194576566,-30.217125349786524,1193.8357779932899,193.83577799328987,1958.869997467756,1958.511745607124,715.0487332758123,-30.177292700164976,712.6526543005366,-30.305769445195274
9.499999999999842,712.0700243621052,-30.21691754239528,1193.829122122579,193.82912212257907,1958.8227502089144,1958.6311570869968,714.7857101046671,-30.19126976908069,712.4185015643606,-30.317063389322083
9.509999999999842,711.7678562239024,-30.21671009816373,1193.822466436292,193.82246643629196,1958.7684743223767,1958.62676686095,714.54258094847,-30.182724536223052,712.3544185426957,-30.105817440504303
9.519999999999841,711.4656901679306,-30.21650109621779,1193.8158101552267,193.8158101552267,1958.9435174862033,1958.5666674291892,714.2295267632159,-30.172670684448217,711.4120390959284,-30.082186018474708
9.529999999999841,711.1635262022863,-30.216292032632474,1193.8091538862705,193.80915388627045,1958.9399537992115,1958.5478400901418,713.8443828995196,-30.21083584333394,710.3780881262521,-30.554322273305417
9.539999999999841,710.8613643190102,-30.21608462258249,1193.8024983251732,193.80249832517325,1958.7316309236314,1958.6525775351965,713.4863847911487,-30.207072428415884,710.2644018158107,-30.173201694153377
9.54999999999984,710.5592045142328,-30.215876332930115,1193.795842444378,193.79584244437797,1958.8257180247663,1958.5560566711526,713.2802925134314,-30.14101381448153,711.4254620139753,-29.546486289072327
9.55999999999984,710.2570467918309,-30.215668147423813,1193.7891866429375,193.78918664293747,1958.8023639479725,1958.3876544392645,713.0098704963434,-30.133453913527422,710.5760723425514,-30.065414804940474
9.56999999999984,709.9548911481837,-30.215460582012696,1193.7825311301388,193.78253113013875,1958.7174166925704,1958.4900895164142,712.6143196748199,-30.157934794367968,709.0543622811074,-30.378262721932902
9.57999999999984,709.6527375779647,-30.215253461807695,1193.7758758350362,193.77587583503623,1958.6533486884284,1958.55562958969,712.278772277539,-30.182292089059477,709.2588457020106,-30.40150774128303
9.58999999999984,709.3505860835338,-30.215045424353928,1193.769220204971,193.7692202049709,1958.7519282106439,1958.5567794866715,711.9775464672093,-30.199730139919836,709.2665141742414,-30.356672597663067
9.59999999999984,709.0484366714463,-30.21483699312507,1193.7625644522857,193.7625644522857,1958.7880152864514,1958.5408779037336,711.5856704971143,-30.178803517556833,708.0587867662584,-29.99046391628981
9.60999999999984,708.7462893363373,-30.214630028664217,1193.7559093316709,193.75590933167086,1958.6019969661645,1958.4429029267553,711.2480952297495,-30.175208762744237,708.2099178234674,-30.142855969430872
9.61999999999984,708.4441440772941,-30.214421779991,1193.7492537272483,193.7492537272483,1958.7443815439171,1958.4649879890537,711.0714042479915,-30.206711602216505,709.4811854121691,-30.490237157466925
9.62999999999984,708.1420008982266,-30.214214033522918,1193.7425983636392,193.74259836363922,1958.6735101616898,1958.540152518195,710.6519495368777,-30.216041972003552,706.8768571368535,-30.30001530008695
9.639999999999839,707.8398597961047,-30.214006390833777,1193.7359430792299,193.73594307922986,1958.650201675555,1958.4896910746716,710.4257885445504,-30.15708799025996,708.390339613604,-29.6265021545676
9.649999999999839,707.5377207716821,-30.213798493683647,1193.7292877287105,193.72928772871046,1958.6696578457036,1958.3128638199953,710.075504287541,-30.147858063905236,706.9229459744558,-30.064788726712692
9.659999999999838,707.2355838262087,-30.21359060100538,1193.7226324171102,193.72263241711016,1958.658203995794,1958.3969152997543,709.7682467185688,-30.157609768244374,707.0029285978186,-30.24537510729662
9.669999999999838,706.933448960059,-30.21338262892368,1193.7159771104075,193.7159771104075,1958.6567625991668,1958.4289728085191,709.6169841100686,-30.208276164164158,708.2556206335674,-30.664273727442225
9.679999999999838,706.631316174514,-30.213174480065966,1193.7093217691074,193.70932176910742,1958.6669446257622,1958.525353792782,709.3311042995879,-30.194735200601375,706.7581860052613,-30.072866528536338
9.689999999999838,706.3291854644143,-30.212967539867957,1193.702666955157,193.70266695515693,1958.511745607124,1958.379386939129,709.0852017323175,-30.193618939923905,706.872078626884,-30.18357259382669
9.699999999999838,706.0270568291758,-30.21275950785708,1193.696011735459,193.69601173545902,1958.6311570869968,1958.3928974159614,708.7947897689785,-30.20728245373988,706.1810820989278,-30.330254078083616
9.709999999999837,705.7249302745307,-30.21255142114484,1193.6893565306787,193.68935653067865,1958.62676686095,1958.4185072659454,708.5012601665959,-30.2181051187453,705.8594937451533,-30.315509103794064
9.719999999999837,705.4228057986929,-30.21234374642852,1193.6827015301099,193.68270153010985,1958.5666674291892,1958.407455469083,708.2244933242984,-30.22861729159493,705.733591743621,-30.32322684724161
9.729999999999837,705.120683399271,-30.212136137961213,1193.6760465935142,193.67604659351423,1958.5478400901418,1958.4013094702748,707.9329673514907,-30.22784706064211,705.309233596222,-30.220914982066706
9.739999999999837,704.8185630807783,-30.211927560582748,1193.669391301032,193.66939130103196,1958.6525775351965,1958.3675785499088,707.6778294369581,-30.227796922343828,705.3815882061643,-30.227345677659294
9.749999999999837,704.5164448444738,-30.211719700324753,1193.6627363365174,193.66273633651736,1958.5560566711526,1958.3582120922474,707.2730393542993,-30.1883315551205,703.6299286103704,-29.833143250110556
9.759999999999836,704.2143286801752,-30.21151315939134,1193.6560819442154,193.65608194421543,1958.3876544392645,1958.2488679082717,706.9218816718438,-30.21026270570705,703.7614625297439,-30.407643060985986
9.769999999999836,703.912214586034,-30.211305668832367,1193.64942720385,193.6494272038501,1958.4900895164142,1958.3718464036556,706.5911318985608,-30.169133859224456,703.6143839390122,-29.798974240881122
9.779999999999836,703.6101025700012,-30.21109753772659,1193.6427722407866,193.6427722407866,1958.55562958969,1958.2143813068844,706.1862452550059,-30.07919777106487,702.5422654630119,-29.26977297762859
9.789999999999836,703.3079926357851,-30.21088930550641,1193.636117273816,193.6361172738159,1958.5567794866715,1958.0610177392875,705.9512228335373,-30.08566975708515,703.8360210403182,-30.143917631267662
9.799999999999836,703.0058847836824,-30.210681115023895,1193.6294623608771,193.62946236087714,1958.5408779037336,1958.2462888341652,705.653944328521,-30.089604270633295,702.9784377833743,-30.125014892566597
9.809999999999835,702.703779009838,-30.2104736538755,1193.6228077808469,193.62280778084687,1958.4429029267553,1958.232400187034,705.3849839180717,-30.082334741379015,702.9643402240276,-30.016908978090484
9.819999999999835,702.4016753119873,-30.21026591622821,1193.616153125774,193.61615312577396,1958.4649879890537,1958.195576917153,705.1144332807635,-30.09244043842628,702.679477544989,-30.183391711851634
9.829999999999835,702.0995736951193,-30.2100574573833,1193.6094982153,193.60949821529994,1958.540152518195,1958.2245996770616,704.8030804011837,-30.108740338831588,702.0009044849656,-30.255439442479354
9.839999999999835,701.7974741611832,-30.209849329817267,1193.6028434762884,193.6028434762884,1958.4896910746716,1958.2343570790124,704.4927743631661,-30.084838135024143,701.7000200210069,-29.869718300757146
9.849999999999834,701.4953767015729,-30.209642592228434,1193.596189338117,193.59618933811703,1958.3128638199953,1958.1312210914846,704.2227124331208,-30.1855302397845,701.7921550627134,-31.09175918262772
9.859999999999834,701.1932813133168,-30.20943505898735,1193.5895349143477,193.58953491434772,1958.3969152997543,1958.4199760571626,703.9525643599669,-30.182078635863224,701.5212317015817,-30.151014200571716
9.869999999999834,700.8911880021934,-30.20922716569136,1193.5828803816505,193.5828803816505,1958.4289728085191,1958.1991826713324,703.6454912863674,-30.196449042438704,700.8818336239705,-30.325782701618024
9.879999999999834,700.5890967744979,-30.20901837342411,1193.5762255214609,193.57622552146086,1958.525353792782,1958.2312315526442,703.3960574711798,-30.16928018167356,701.1511531344909,-29.924760434787252
9.889999999999834,700.2870076290677,-30.208810712605604,1193.5695711572512,193.56957115725118,1958.379386939129,1958.1237877140734,703.0465086035774,-30.16102166615303,699.9005687951559,-30.086695026468245
9.899999999999833,699.9849205612691,-30.208602847117568,1193.5629167471343,193.5629167471343,1958.3928974159614,1958.1466990767824,702.6917669626196,-30.207168329193152,699.4990921939984,-30.62248829655425
9.909999999999833,699.6828355736556,-30.2083946755852,1193.5562622499979,193.55626224999787,1958.4185072659454,1958.2678026210344,702.3595379624936,-30.181419159660873,699.3694769613605,-29.94967663387037
9.919999999999833,699.3807526677518,-30.208186505167014,1193.5496077904143,193.54960779041426,1958.407455469083,1958.1003560857625,702.1093156852883,-30.16870333160857,699.8573151904399,-30.054260879137825
9.929999999999833,699.0786718437521,-30.20797829476095,1193.542953351714,193.542953351714,1958.4013094702748,1958.109284630171,701.8425060904771,-30.15714547931036,699.4412197371761,-30.05312480862646
9.939999999999833,698.7765931009009,-30.207770275484805,1193.5362990276278,193.53629902762782,1958.3675785499088,1958.0950414648355,701.5038407117584,-30.149250282587584,698.4558523032894,-30.078193512082624
9.949999999999832,698.4745164383073,-30.207562243205537,1193.5296447353678,193.5296447353678,1958.3582120922474,1958.0876391726056,701.2409287606746,-30.13245273875497,698.8747212009212,-29.981274844261463
9.959999999999832,698.1724418519133,-30.207355035587813,1193.5229908146478,193.52299081464776,1958.2488679082717,1958.0506557530082,700.9935257383721,-30.118693853022222,698.7668985376506,-29.994863881427495
9.969999999999832,697.8703693432047,-30.2071467061172,1193.51633647606,193.5163364760599,1958.3718464036556,1958.0390742747752,700.6987825092324,-30.095434631182226,698.0460934469755,-29.88610163462227
9.979999999999832,697.5682989116516,-30.206939604501073,1193.5096826725216,193.50968267252165,1958.2143813068844,1957.9976639631284,700.3844080865118,-30.13304136805094,697.5550382820271,-30.47150199986939
9.989999999999831,697.2662305451471,-30.2067336963952,1193.5030293900963,193.50302939009634,1958.0610177392875,1958.127420087248,700.0644369841781,-30.16275768022956,697.1846970631752,-30.430204489837134
9.999999999999831,696.9641642459426,-30.206526144502895,1193.4963754781397,193.49637547813973,1958.2462888341652,1958.1157190764284,699.7206507966058,-30.171470086778363,696.6265751084554,-30.249881745717552
10.009999999999831,696.6621000221326,-30.206318617505566,1193.4897216133752,193.4897216133752,1958.232400187034,1958.0672881310734,699.3751747231086,-30.184193785740256,696.2658900616326,-30.298707076397278
10.01999999999983,696.3600378725072,-30.206111307568534,1193.4830678737324,193.48306787373235,1958.195576917153,1958.0708933044618,698.9789803047008,-30.179986726701898,695.4132305390303,-30.142123195356653
10.02999999999983,696.0579777976544,-30.205903662982795,1193.4764140354732,193.47641403547323,1958.2245996770616,1958.0241492007208,698.6869403277643,-30.207091079262035,696.0585805353355,-30.45103025230325
10.03999999999983,695.7559198001136,-30.20569584516545,1193.4697601640594,193.46976016405938,1958.2343570790124,1958.089544982218,698.426800558421,-30.17882445172358,696.0855426343298,-29.924424803877482
10.04999999999983,695.4538638768876,-30.205488800039966,1193.4631066430907,193.46310664309067,1958.1312210914846,1957.953890436561,698.0491288970492,-30.204372629912207,694.650083944703,-30.43430623360983
10.05999999999983,695.1518100366675,-30.20527924397446,1193.4564521409634,193.4564521409634,1958.4199760571626,1958.0635154331403,697.7209398935216,-30.2326603843517,694.7672388617739,-30.487250174307118
10.06999999999983,694.8497582832154,-30.205071446445203,1193.4497983890685,193.44979838906852,1958.1991826713324,1958.0723581694156,697.4752954745876,-30.235716274724233,695.2644957041812,-30.263219288077043
10.07999999999983,694.5477086095386,-30.204863288898938,1193.4431445282748,193.44314452827484,1958.2312315526442,1958.0126433083983,697.1693110460172,-30.292746847073907,694.4154511888834,-30.806021998220963
10.08999999999983,694.2456610133934,-30.204655940156,1193.436491032564,193.43649103256394,1958.1237877140734,1958.1383287040417,696.9087169442653,-30.321115508227724,694.563370028498,-30.576433458612044
10.09999999999983,693.9436154921527,-30.204448307962835,1193.4298374590028,193.42983745900278,1958.1466990767824,1958.0844105491753,696.6152034305674,-30.30112748006249,693.9735818072859,-30.121235226575376
10.109999999999829,693.6415720527652,-30.204239569542228,1193.4231834739446,193.42318347394462,1958.2678026210344,1957.9669243672854,696.3858732225791,-30.330703300984037,694.3219013506846,-30.59688568927796
10.119999999999829,693.339530694204,-30.204032142711572,1193.416530057852,193.41653005785201,1958.1003560857625,1958.0700605201255,695.9302633619506,-30.31252069881418,691.8297746162935,-30.148877279285465
10.129999999999828,693.0374914107424,-30.203824549592888,1193.4098766114212,193.40987661142117,1958.109284630171,1957.9546738387878,695.7310117259053,-30.26448269330387,693.9377470014979,-29.832140643711057
10.139999999999828,692.7354542030727,-30.20361698434779,1193.403223213387,193.40322321338704,1958.0950414648355,1957.8601654461336,695.4419389443858,-30.273145207977223,692.84028391071,-30.351107840037404
10.149999999999828,692.4334190712026,-30.203409389654855,1193.396569840505,193.39656984050498,1958.0876391726056,1957.9671192390226,695.1814430868994,-30.295378012136123,692.8369803695213,-30.495473249566196
10.159999999999828,692.1313860141875,-30.20320201338751,1193.3899165932887,193.38991659328872,1958.0506557530082,1957.994597756004,694.9002552680961,-30.270996307486264,692.3695648988655,-30.051560965637524
10.169999999999828,691.8293550309071,-30.202994642694584,1193.3832633854252,193.38326338542515,1958.0390742747752,1957.8783996255713,694.6461757397522,-30.181406339839764,692.3594599846565,-29.37509663102126
10.179999999999827,691.5273261200559,-30.20278752752851,1193.3766103182693,193.3766103182693,1957.9976639631284,1957.6924099190157,694.3539115761415,-30.198813367379866,691.7235341036453,-30.35547661524076
10.189999999999827,691.2252992862503,-30.20257923359048,1193.369956810216,193.36995681021608,1958.127420087248,1957.9043294543665,694.0397716315427,-30.252262231147604,691.2125121301543,-30.733302005057215
10.199999999999827,690.9232745353512,-30.202370946219897,1193.3633033419217,193.36330334192166,1958.1157190764284,1957.9923588756594,693.6933862653691,-30.259551575798227,690.5759179698067,-30.32515567765383
10.209999999999827,690.6212518657541,-30.202162973202395,1193.3566500381903,193.3566500381903,1958.0672881310734,1957.8929058911135,693.3599684055109,-30.249242069377633,690.3592076667868,-30.15645651159228
10.219999999999827,690.3192312764955,-30.201954878495403,1193.349996722209,193.34999672220897,1958.0708933044618,1957.8417750837161,693.0147736959904,-30.210882430269677,689.9080213103044,-29.865645678298062
10.229999999999826,690.017212766683,-30.201747084012823,1193.343343565059,193.34334356505906,1958.0241492007208,1957.7557166268975,692.7150279563054,-30.210247905278152,690.0173162991421,-30.204537180354407
10.239999999999826,689.7151963380127,-30.201538650048356,1193.3366901857014,193.3366901857014,1958.089544982218,1957.8200714780517,692.3986500586504,-30.204721259239403,689.5512489797562,-30.154981444890662
10.249999999999826,689.4131819884557,-30.20133126136636,1193.3300372672834,193.3300372672834,1957.953890436561,1957.7967454383786,692.1413581648644,-30.230396165923423,689.8257311207894,-30.46147032607963
10.259999999999826,689.111169717836,-30.201122862563988,1193.3233839763714,193.32338397637136,1958.0635154331403,1957.861208269329,691.8054334957078,-30.23658061645078,688.7821114732984,-30.29224067119699
10.269999999999825,688.8091595320324,-30.200914298175977,1193.3167306554126,193.31673065541258,1958.0723581694156,1957.8145412510019,691.4385125531667,-30.257591720414947,688.1362240702957,-30.446691656092426
10.279999999999825,688.5071514298279,-30.20070614271307,1193.3100775373584,193.31007753735844,1958.0126433083983,1957.8439217299042,691.1215653971556,-30.22567148722338,688.2690409930556,-29.938389388499253
10.289999999999825,688.2051454149017,-30.2004968425189,1193.3034239922388,193.30342399223878,1958.1383287040417,1957.7113208877495,690.8430514653803,-30.217346325411906,688.3364260794027,-30.142419869108636
10.299999999999825,687.9031414911758,-30.200287902670237,1193.2967706303273,193.29677063032727,1958.0844105491753,1957.74356970651,690.5916053660683,-30.219761636789723,688.3285904722597,-30.241499439190054
10.309999999999825,687.6011396523829,-30.200079855882905,1193.2901176676212,193.2901176676212,1957.9669243672854,1957.755479862281,690.3120820371962,-30.22089011128702,687.7963720773473,-30.231046381762653
10.319999999999824,687.2991398988369,-30.199870853314884,1193.2834643544695,193.28346435446952,1958.0700605201255,1957.7426926261846,690.0240559408302,-30.236270945218152,687.4318210735366,-30.37469845059836
10.329999999999824,686.9971422309392,-30.19966272622416,1193.2768114333896,193.27681143338964,1957.9546738387878,1957.768109394712,689.5994237119272,-30.236638498184345,685.777733651801,-30.239946474880053
10.339999999999824,686.6951466408098,-30.199455299659874,1193.2701588334392,193.27015883343915,1957.8601654461336,1957.7274888771158,689.3801334116205,-30.20513371626465,687.4065207088597,-29.921590678987396
10.349999999999824,686.3931531298849,-30.199246885314263,1193.263505870071,193.26350587007096,1957.9671192390226,1957.6372146044646,689.1297052576765,-30.16746111151543,686.8758518721805,-29.8284076687724
10.359999999999824,686.0911617047124,-30.199038149204227,1193.2568528133338,193.2568528133338,1957.994597756004,1957.5952648557743,688.8302837819282,-30.164699344062143,686.1354905001931,-30.13984343698255
10.369999999999823,685.7891723624894,-30.19883029539631,1193.2502001514254,193.25020015142536,1957.8783996255713,1957.6529276947253,688.4952900452126,-30.17759462487637,685.4803464147722,-30.293652152204423
10.379999999999823,685.4871850914684,-30.198623908792136,1193.2435481214902,193.24354812149022,1957.6924099190157,1957.679912119376,688.2252681073268,-30.143581020152883,685.7950706663539,-29.837458577641492
10.389999999999823,685.1851998936507,-30.19841565473087,1193.2368953714752,193.23689537147516,1957.9043294543665,1957.5583112574438,687.9142889721751,-30.162570161556225,685.1154767558103,-30.333472434186294
10.399999999999823,684.8832167825199,-30.198206571451006,1193.2302423223455,193.23024232234548,1957.9923588756594,1957.6630338653747,687.6112081511524,-30.148097600077833,684.8834807619481,-30.01784454677227
10.409999999999823,684.5812357585119,-30.197998230156532,1193.2235896111463,193.22358961114628,1957.8929058911135,1957.5780962392819,687.2360181710817,-30.22197309167982,683.8593083504451,-30.886852516097704
10.419999999999822,684.2792568162316,-30.197790225888685,1193.2169370736842,193.21693707368422,1957.8417750837161,1957.780952699101,686.9128151931221,-30.25617617787813,684.0039883914858,-30.564003953662933
10.429999999999822,683.9772799508454,-30.19758285137196,1193.2102848286397,193.21028482863971,1957.7557166268975,1957.7079323207042,686.5938546590121,-30.25475025479204,683.7232098520218,-30.2419169470172
10.439999999999822,683.6753051623583,-30.1973748460407,1193.2036323649243,193.20363236492426,1957.8200714780517,1957.6251847036203,686.2793372888956,-30.205438687882783,683.4486809578468,-29.761634585699476
10.449999999999822,683.3733324534045,-30.197166944720802,1193.196979980468,193.1969799804681,1957.7967454383786,1957.4939806413004,686.0050740435767,-30.195597282778262,683.5367048357057,-30.107024636837554
10.459999999999821,683.0713618266226,-30.196958411669524,1193.1903273769742,193.1903273769742,1957.861208269329,1957.5572233995385,685.7428131790834,-30.229898389200812,683.3824653986443,-30.538608347003755
10.469999999999821,682.769393283673,-30.19675017824414,1193.1836749320498,193.18367493204983,1957.8145412510019,1957.6518817581439,685.4974267789135,-30.228856496701212,683.2889491773832,-30.219479464204777
10.479999999999821,682.4674268247463,-30.196541607100713,1193.1770223872936,193.17702238729362,1957.8439217299042,1957.5698978532723,685.2279508143588,-30.25778072473237,682.802667133367,-30.51809877701276
10.48999999999982,682.1654624464319,-30.196334055797298,1193.170370293101,193.1703702931011,1957.7113208877495,1957.6335150858442,684.8440140392653,-30.227099368098113,681.3885830634239,-29.95096715838979
10.49999999999982,681.8635001454392,-30.196126142741047,1193.1637180893304,193.16371808933036,1957.74356970651,1957.4881868456043,684.5647831261875,-30.251063592193134,682.0517049084879,-30.4667416090483
10.50999999999982,681.5615399245335,-30.19591803838637,1193.1570658450903,193.1570658450903,1957.755479862281,1957.5986835490019,684.2209756519584,-30.211785993280017,681.1267083838961,-29.85828760306194
10.51999999999982,681.2595817845929,-30.19570994972254,1193.1504136442998,193.15041364429976,1957.7426926261846,1957.44178446786,683.8653656705785,-30.160898200326592,680.6648758381592,-29.702908063745753
10.52999999999982,680.9576257270614,-30.195501556555957,1193.1437613571459,193.14376135714588,1957.768109394712,1957.382343618022,683.5295606394944,-30.14520677818128,680.5073153597375,-30.003983978873443
10.53999999999982,680.6556717522169,-30.195293412355042,1193.1371092080162,193.13710920801623,1957.7274888771158,1957.4341139433764,683.2257408269792,-30.132119818666187,680.4913625143424,-30.01433718303034
10.54999999999982,680.3537198554887,-30.195085933285817,1193.130457365629,193.1304573656289,1957.6372146044646,1957.4220029072894,682.9113330297245,-30.14330021731032,680.0816628544317,-30.243923805107507
10.55999999999982,680.0517700322507,-30.19487871433695,1193.1238056657824,193.12380566578236,1957.5952648557743,1957.4653518382622,682.627422688747,-30.17852369068643,680.0722296199485,-30.49553495107139
10.569999999999819,679.7498222840759,-30.194670920624358,1193.1171537700036,193.1171537700036,1957.6529276947253,1957.520273970663,682.3767038655508,-30.19553482067437,680.120234456786,-30.348634990565834
10.579999999999819,679.4478766154264,-30.1944628092672,1193.1105017825346,193.11050178253458,1957.679912119376,1957.481578777719,682.0723911447714,-30.22525810077191,679.3335766577563,-30.492767621649755
10.589999999999819,679.1459330232519,-30.19425562562132,1193.1038502082524,193.10385020825242,1957.5583112574438,1957.511088498287,681.6516286496797,-30.227888686134857,677.8647661938543,-30.25156395440137
10.599999999999818,678.8439915077599,-30.194047472772567,1193.0971982781339,193.09719827813387,1957.6630338653747,1957.4474428511624,681.4914957065683,-30.20096643616169,680.0502992185664,-29.95866618640316
10.609999999999818,678.5420520706942,-30.193839940351367,1193.0905466366244,193.09054663662437,1957.5780962392819,1957.3640999287115,681.1955883239942,-30.208140511456907,678.5324218808271,-30.27270718911385
10.619999999999818,678.2401147179115,-30.19363061619556,1193.0838943058302,193.0838943058302,1957.780952699101,1957.4251039576504,680.9011642580266,-30.190275948475517,678.2513476643176,-30.029494881642997
10.629999999999818,677.9381794557677,-30.193421812576098,1193.0772422231516,193.07724222315164,1957.7079323207042,1957.3553176237199,680.5458251370353,-30.15716088404551,677.3477730481133,-29.859125304175436
10.639999999999818,677.6362462786497,-30.19321361103287,1193.0705904216406,193.07059042164065,1957.6251847036203,1957.2974827146684,680.2906363169689,-30.13922058497301,677.9939369363702,-29.97775789332049
10.649999999999817,677.3343151785059,-30.193006417725478,1193.063939065947,193.0639390659469,1957.4939806413004,1957.3080861773994,680.0169279900631,-30.14401066851744,677.5535530479108,-30.18712142041728
10.659999999999817,677.032386153403,-30.192798602860734,1193.0572874953612,193.05728749536115,1957.5572233995385,1957.3451667881816,679.7521168681955,-30.13113503793953,677.3688167713864,-30.01525436273832
10.669999999999817,676.730459210873,-30.192589903108622,1193.0506356031362,193.05063560313624,1957.6518817581439,1957.2926220002992,679.4322490669161,-30.154488577643345,676.5534388554025,-30.364670434977693
10.679999999999817,676.4285343523622,-30.19238179904803,1193.043983989484,193.0439839894841,1957.5698978532723,1957.36598104531,679.1369704102239,-30.11180729523896,676.4794624999932,-29.727675753599474
10.689999999999817,676.1266115780157,-30.19217307027225,1193.0373321596674,193.03733215966736,1957.6335150858442,1957.2017951457751,678.7739791732204,-30.163869630714863,675.5070580401888,-30.632430649997982
10.699999999999816,675.8246908853237,-30.191965468145483,1193.0306808236603,193.0306808236603,1957.4881868456043,1957.4065375849705,678.4872883864925,-30.165152583402246,675.9070713059419,-30.17669915758868
10.709999999999816,675.5227722737411,-30.191756848358793,1193.0240291121972,193.02402911219724,1957.5986835490019,1957.2948451314057,678.199503858436,-30.16049441396065,675.6094431059263,-30.11857088898624
10.719999999999816,675.2208557422382,-30.191549452223406,1193.0173779338606,193.01737793386064,1957.44178446786,1957.2698580298568,677.8904789340845,-30.118904014628864,675.1092546149208,-29.74459042064278
10.729999999999816,674.9189412826628,-30.19134246285492,1193.0107269574976,193.01072695749758,1957.382343618022,1957.1644234615053,677.5132799700185,-30.15100277019488,674.1184892934245,-30.439891570288992
10.739999999999815,674.6170288956082,-30.191134948071415,1193.0040758052246,193.0040758052246,1957.4341139433764,1957.3170765673756,677.21849212457,-30.204311652317156,674.5654015155337,-30.684091591417666
10.749999999999815,674.3151185836512,-30.19092744333103,1192.9974246941035,192.99742469410353,1957.4220029072894,1957.375376394867,676.9193620502566,-30.1531291264467,674.2271913814351,-29.692486393612626
10.759999999999815,674.0132103490157,-30.190719483755256,1192.9907734356875,192.99077343568752,1957.4653518382622,1957.1300275159304,676.6297912045474,-30.149967135005994,674.0236535931637,-30.12150921203965
10.769999999999815,673.7113041967353,-30.190510972327015,1192.9841219906518,192.98412199065183,1957.520273970663,1957.2137125504355,676.2749342655076,-30.172512360979283,673.0812218141491,-30.37541939473886
10.779999999999815,673.4094001284049,-30.19030269376995,1192.9774706770984,192.97747067709838,1957.481578777719,1957.2656242572923,675.9696210327811,-30.18382284716104,673.2218019382428,-30.28561722279682
10.789999999999814,673.1074981445541,-30.190094076368425,1192.970819263274,192.97081926327405,1957.511088498287,1957.2380348928434,675.7474909337086,-30.167719238260023,673.748320042056,-30.022786758150886
10.799999999999814,672.8055982446674,-30.189885900986063,1192.9641680657107,192.96416806571074,1957.4474428511624,1957.1643796078322,675.3977287669576,-30.162540761179667,672.2498692661989,-30.115934467456462
10.809999999999814,672.5037004234988,-30.189678332742815,1192.957517151338,192.95751715133792,1957.3640999287115,1957.1728656928806,675.1332370200365,-30.131050047180345,672.7528112977471,-29.847633621186436
10.819999999999814,672.2018046810268,-30.18947016165696,1192.95086602968,192.9508660296799,1957.4251039576504,1957.093721380759,674.9191208204641,-30.167344884382842,672.992075024311,-30.49399841920532
10.829999999999814,671.8999110177981,-30.189262484078938,1192.9442151451483,192.9442151451483,1957.3553176237199,1957.2366650846782,674.576656964637,-30.20726398011989,671.494482262193,-30.56653584175332
10.839999999999813,671.5980194293786,-30.18905519983324,1192.9375644571337,192.9375644571337,1957.2974827146684,1957.2530987166742,674.2670922181558,-30.191452350857837,671.4810094998251,-30.049147687499342
10.849999999999813,671.2961299147033,-30.188847735230784,1192.9309137330897,192.9309137330897,1957.3080861773994,1957.1229573374617,674.0193627136399,-30.19347042000441,671.7897971729979,-30.21163304232354
10.859999999999813,670.9942424766855,-30.188639868318667,1192.9242628830496,192.92426288304955,1957.3451667881816,1957.1488515959009,673.7008583137817,-30.188434625068375,670.8343187150581,-30.143112470644045
10.869999999999813,670.6923571155919,-30.188432350399047,1192.9176122115512,192.91761221155116,1957.2926220002992,1957.1214515932024,673.3582510488814,-30.1257482359506,670.2747856647769,-29.561570733890616
10.879999999999812,670.3904738332097,-30.18822412605054,1192.9109612907864,192.91096129078642,1957.36598104531,1956.9640331224527,672.9810902759583,-30.12645360759372,669.5866433196508,-30.132801952381822
10.889999999999812,670.0885926266467,-30.18801718656674,1192.904310927908,192.904310927908,1957.2017951457751,1957.0803948381572,672.7930208219886,-30.132405970154224,671.1003957362615,-30.18597723319874
10.899999999999812,669.7867134985174,-30.18780843927952,1192.8976598693366,192.89765986933662,1957.4065375849705,1957.0830914134092,672.4828881378916,-30.14866957975107,669.6916939810167,-30.29504206612265
10.909999999999812,669.484836453637,-30.187600536816657,1192.8910091902842,192.8910091902842,1957.2948451314057,1957.1010709973946,672.174063385378,-30.11137722121733,669.3946406127558,-29.775745994413697
10.919999999999812,669.1829614871912,-30.18739275234221,1192.8843585961354,192.88435859613537,1957.2698580298568,1956.9645387818016,671.7643600999928,-30.072975763290934,668.0770305315264,-29.727362641953313
10.929999999999811,668.8810885946282,-30.18718576025318,1192.877708360242,192.87770836024197,1957.1644234615053,1956.932345891532,671.4048350918338,-30.09239633286419,668.1691100184031,-30.267181459023504
10.939999999999811,668.5792177788419,-30.186977396991384,1192.8710576056494,192.8710576056494,1957.3170765673756,1957.0469268491709,671.1008111395197,-30.084197841183787,668.3645955686926,-30.01041141606017
10.949999999999811,668.2773490495894,-30.18676845351074,1192.8644066529603,192.86440665296027,1957.375376394867,1956.9768152583833,670.7385587129324,-30.080589722434027,667.4782868736474,-30.048116653686158
10.95999999999981,667.9754823999451,-30.18656147534457,1192.8577565339406,192.85775653394057,1957.1300275159304,1956.9734174015132,670.5634665627981,-30.13208211786287,668.9876372115885,-30.595513676722412
10.96999999999981,667.6736178240476,-30.186353704159533,1192.851106130568,192.85110613056804,1957.2137125504355,1957.098591434773,670.2839669973037,-30.157368741826435,667.7684709078528,-30.384948357498516
10.97999999999981,667.3717553284952,-30.186145406307453,1192.844455550805,192.84445555080492,1957.2656242572923,1957.0480495503607,670.0140401907324,-30.159671974952065,667.5846989315917,-30.180401073082727
10.98999999999981,667.0698949152223,-30.185937248263166,1192.8378050647875,192.83780506478752,1957.2380348928434,1956.9924604460314,669.6875513177292,-30.147662333737042,666.7491514607002,-30.039575562801843
10.99999999999981,666.7680365808999,-30.185729616217152,1192.831154829043,192.83115482904304,1957.1643796078322,1956.9470560893944,669.4858172495357,-30.157196175736875,667.6702106357933,-30.24300075373534
11.00999999999981,666.466180323711,-30.185521821553426,1192.8245045644637,192.82450456446372,1957.1728656928806,1956.984136594918,669.2198414540607,-30.198826929054665,666.8260592947851,-30.573503708914775
11.01999999999981,666.1643261416086,-30.185314598915966,1192.8178545688083,192.81785456880834,1957.093721380759,1957.0583723655943,668.8664681039745,-30.183303507704384,665.6861079531997,-30.043592715551853
11.02999999999981,665.8624740381819,-30.18510608643782,1192.8112040874455,192.8112040874455,1957.2366650846782,1956.9255293126212,668.640274498822,-30.172815365114158,666.6045320524498,-30.07842208180212
11.039999999999809,665.5606240210262,-30.18489734470225,1192.8045535502429,192.80455355024287,1957.2530987166742,1956.9195820190384,668.3166565495163,-30.174044820910268,665.4040950057647,-30.185109923075245
11.049999999999809,665.25877608629,-30.184689602532654,1192.7979034552468,192.7979034552468,1957.1229573374617,1956.932858073441,667.9483481164953,-30.156973839281846,664.6335722193052,-30.003335004626045
11.059999999999809,664.9569302305183,-30.184481551798104,1192.7912532722648,192.79125327226484,1957.1488515959009,1956.876948553884,667.6933229810138,-30.173287320518465,665.39809676168,-30.320108651648027
11.069999999999808,664.6550864545629,-30.184273639296865,1192.7846031823851,192.78460318238513,1957.1214515932024,1956.9411009238017,667.3659972209807,-30.166409605506743,664.4200653806831,-30.10451017040125
11.079999999999808,664.3532447515911,-30.184066955073234,1192.7779536273965,192.77795362739653,1956.9640331224527,1956.880506528194,667.0428859872397,-30.170159318902165,664.1348848835707,-30.20390673946098
11.089999999999808,664.0514051207965,-30.183859203832643,1192.7713036770233,192.7713036770233,1957.0803948381572,1956.8928639626242,666.8487239900538,-30.178940078417593,665.1012660153798,-30.257966914056443
11.099999999999808,663.7495675680849,-30.183651338507747,1192.7646537174874,192.76465371748736,1957.0830914134092,1956.8965435150176,666.5208913402558,-30.198837458595666,663.5703974920743,-30.377913880198296
11.109999999999808,663.4477320952375,-30.183443230966184,1192.7580036968589,192.75800369685885,1957.1010709973946,1956.9179525119835,666.250785014329,-30.202734761029262,663.8198280809875,-30.237810482931614
11.119999999999807,663.1458986981995,-30.18323617662057,1192.7513541401522,192.75135414015222,1956.9645387818016,1956.8771279742934,665.9078277308,-30.161145781620203,662.8212121790388,-29.786844966938666
11.129999999999807,662.8440673708129,-30.183029300710526,1192.7447046928335,192.74470469283347,1956.932345891532,1956.7545886390387,665.672431845027,-30.181346840501394,663.5538688730697,-30.363156370432137
11.139999999999807,662.5422381174459,-30.182821372684106,1192.738054856181,192.73805485618095,1957.0469268491709,1956.8774971404032,665.2660854747008,-30.151268883024557,661.6089681417656,-29.88056726573303
11.149999999999807,662.2404109408775,-30.182613940999584,1192.7314052577601,192.73140525776012,1956.9768152583833,1956.7511273935718,664.9292865300305,-30.130684620847177,661.8980960279974,-29.945426261250752
11.159999999999807,661.9385858389409,-30.18240644633,1192.7247556708849,192.72475567088486,1956.9734174015132,1956.7490503036404,664.531711270036,-30.10907888324648,660.953533930085,-29.914627244840208
11.169999999999806,661.6367628176557,-30.182197810706988,1192.7181056586815,192.71810565868145,1957.098591434773,1956.7254321532555,664.181657828334,-30.094467852420532,661.0311768530154,-29.96296857498703
11.179999999999806,661.3349418810653,-30.181989507351272,1192.711455818214,192.71145581821406,1957.0480495503607,1956.7213430316224,663.8976998869989,-30.13183820049551,661.3420784149836,-30.468171333170265
11.189999999999806,661.0331230256356,-30.181781578586108,1192.7048061666326,192.70480616663258,1956.9924604460314,1956.8332182219046,663.5908903852163,-30.116242984595868,660.8296048691723,-29.9758860414991
11.199999999999806,660.7313062480475,-30.181573939026247,1192.6981566693303,192.69815666933027,1956.9470560893944,1956.7087170504435,663.3102266941553,-30.105243690624732,660.7842534746052,-30.006250044884503
11.209999999999805,660.429491548867,-30.181365897095002,1192.6915070460323,192.69150704603226,1956.984136594918,1956.7016370616852,663.1209752088523,-30.15978315962309,661.4177118411247,-30.650638380608317
11.219999999999805,660.1276789336753,-30.18115714126163,1192.684857170489,192.68485717048907,1957.0583723655943,1956.8492119323805,662.9025062100831,-30.15878987966125,660.9362852211596,-30.149850360004663
11.229999999999805,659.8258684009302,-30.1809494077556,1192.6782077463324,192.67820774633242,1956.9255293126212,1956.7268769960995,662.5499032267516,-30.200915241242853,659.3764763767687,-30.580043495477298
11.239999999999805,659.5240599457281,-30.180741632638146,1192.671558342384,192.67155834238406,1956.9195820190384,1956.8234048928434,662.2378628791104,-30.171248377024646,659.4294997503396,-29.90424659906081
11.249999999999805,659.2222535692913,-30.180533654730187,1192.664908893325,192.664908893325,1956.932858073441,1956.6542149747381,661.9299244921096,-30.12684225688778,659.1584790091025,-29.72718717565598
11.259999999999804,658.920449270747,-30.180326054121146,1192.6582596342405,192.6582596342405,1956.876948553884,1956.591761295357,661.5564181854709,-30.1325533050465,658.1948614257212,-30.18395273847496
11.269999999999804,658.6186470513557,-30.180117824143146,1192.651610157173,192.65161015717308,1956.9411009238017,1956.6840793563103,661.2000213998386,-30.126400800477416,657.992450329149,-30.071028259355657
11.279999999999804,658.3168469121812,-30.179910010747662,1192.6449608859991,192.64496088599913,1956.880506528194,1956.646503845721,660.9560483205778,-30.14437457531487,658.7602906072299,-30.306138548851976
11.289999999999804,658.0150488521161,-30.179702002261138,1192.6383115728358,192.63831157283585,1956.8928639626242,1956.692971472651,660.5317376809003,-30.141938873605604,656.7129419238025,-30.12001755822219
11.299999999999804,657.7132528727476,-30.179493871442883,1192.6316622471697,192.63166224716974,1956.8965435150176,1956.6401627813786,660.2717261276717,-30.133565530740483,657.9316221486143,-30.058205444954375
11.309999999999803,657.4114589760422,-30.179285469633186,1192.6250128487582,192.62501284875816,1956.9179525119835,1956.6133289200552,660.0474885220999,-30.170269135019225,658.0293500719533,-30.500601573527902
11.319999999999803,657.1096671621008,-30.179077318647824,1192.618363589064,192.61836358906407,1956.8771279742934,1956.7110625910555,659.7877171913725,-30.135374728007747,657.449775214826,-29.821325064904432
11.329999999999803,656.8078774249892,-30.178870103662888,1192.6117147457455,192.61171474574553,1956.7545886390387,1956.5396475642647,659.4008038355338,-30.130134710795694,655.9185836329859,-30.082974555887194
11.339999999999803,656.5060897656377,-30.17866176662456,1192.605065484797,192.60506548479702,1956.8774971404032,1956.5855652090816,659.0861234369938,-30.137433096571634,656.2539998501339,-30.203118568555055
11.349999999999802,656.204304184816,-30.178454397714066,1192.5984166532394,192.59841665323938,1956.7511273935718,1956.603519405209,658.815325335953,-30.156152083609285,656.3781424265852,-30.324622966948134
11.359999999999802,655.9025206780536,-30.178246954747685,1192.5917678287396,192.59176782873965,1956.7490503036404,1956.6249489941279,658.490259466205,-30.15733699819849,655.5646666384728,-30.16800122950128
11.369999999999802,655.6007392451882,-30.17803961834861,1192.5851190844917,192.58511908449168,1956.7254321532555,1956.5797022108359,658.1469451471602,-30.191982014080057,655.0571162757567,-30.503787157014166
11.379999999999802,655.2989598859725,-30.177832224765385,1192.5784703541383,192.5784703541383,1956.7213430316224,1956.65317395568,657.8961152851892,-30.22503085620335,655.6386465274508,-30.522470435312982
11.389999999999802,654.9971826058406,-30.17762380161449,1192.5718212436448,192.57182124364476,1956.8332182219046,1956.6557350860526,657.6395376422998,-30.206412411958844,655.3303388562953,-30.038846413758307
11.399999999999801,654.6954074051778,-30.17741633095155,1192.565172556193,192.56517255619292,1956.7087170504435,1956.5323197321952,657.2588342821481,-30.223839743428186,653.8325040407825,-30.38068572665225
11.409999999999801,654.3936342793821,-30.177208828182813,1192.5585238927981,192.55852389279812,1956.7016370616852,1956.6023540756855,657.0320197520239,-30.248611617837838,654.9906889809058,-30.471558487524717
11.419999999999801,654.0918632352589,-30.176999996475796,1192.5518747279598,192.55187472795978,1956.8492119323805,1956.6186582640714,656.714783887232,-30.22758862890408,653.8596611041041,-30.038381728500227
11.4299999999998,653.7900942747809,-30.176792099104937,1192.5452259788024,192.54522597880236,1956.7268769960995,1956.5057853958795,656.461484451451,-30.230055142505503,654.1817895294222,-30.252253764918287
11.4399999999998,653.4883273977812,-30.176583300828234,1192.5385769016536,192.53857690165364,1956.8234048928434,1956.5432266841156,656.1342932363495,-30.18203686248682,653.1895723004353,-29.74987234231868
11.4499999999998,653.186562602128,-30.176375829800687,1192.531928399394,192.53192839939402,1956.6542149747381,1956.407476451885,655.9264651561173,-30.152105017694755,654.0560124340268,-29.88271841456615
11.4599999999998,652.884799879024,-30.176168791006166,1192.5252801093454,192.52528010934543,1956.591761295357,1956.4179128262817,655.6265645355362,-30.178759366675123,652.9274589503065,-30.418648507498443
11.4699999999998,652.5830392306359,-30.175960886603697,1192.5186315056098,192.51863150560985,1956.6840793563103,1956.533642158438,655.2806897847183,-30.16280409551001,652.1678170273576,-30.01920665502397
11.4799999999998,652.2812806601738,-30.17575320581656,1192.5119830295519,192.51198302955186,1956.646503845721,1956.4296745445129,655.0016687833083,-30.12205104875227,652.4904797706182,-29.75527362793263
11.4899999999998,651.9795241689252,-30.17554504389183,1192.505334395602,192.50533439560195,1956.692971472651,1956.3489319387347,654.7319768264969,-30.17249285731902,652.3047492151933,-30.626469134419775
11.4999999999998,651.6777697575391,-30.175337233324065,1192.4986859410903,192.49868594109034,1956.6401627813786,1956.5457717666684,654.4791535004872,-30.20271911373896,652.2037435664005,-30.47475542151839
11.509999999999799,651.376017423591,-30.175129556301126,1192.4920375777572,192.49203757775717,1956.6133289200552,1956.5096832942759,654.1496413292,-30.192454151807627,651.1840317876148,-30.100069494425618
11.519999999999799,651.0742671709684,-30.174920968227315,1192.4853888823354,192.48538888233543,1956.7110625910555,1956.412798028008,653.941887287866,-30.097403276769434,652.0721009158603,-29.241945401425706
11.529999999999799,650.7725189974966,-30.174713726127703,1192.4787407693636,192.47874076936364,1956.5396475642647,1956.184929877692,653.6552866117859,-30.11063022026687,651.0758805270647,-30.22967271174382
11.539999999999798,650.4707728988285,-30.17450600749662,1192.4720925003687,192.47209250036872,1956.5855652090816,1956.3973290434976,653.3635605229142,-30.09038813621363,650.7380257230687,-29.90820937973447
11.549999999999798,650.1690288785569,-30.174298046826426,1192.4654441703674,192.4654441703674,1956.603519405209,1956.3094997505978,653.0280739772006,-30.04492278659754,650.0086950657783,-29.63573464005273
11.559999999999798,649.867286939248,-30.17408981496898,1192.4587957675506,192.45879576755055,1956.6249489941279,1956.2255502500618,652.723498811365,-30.04290719676194,649.9823223188437,-30.02476688824156
11.569999999999798,649.5655470808177,-30.17388187107058,1192.4521475184774,192.45214751847743,1956.5797022108359,1956.3006715621418,652.4409998509129,-30.04335706587437,649.898509206845,-30.047405887886246
11.579999999999798,649.2638093053646,-30.17367321955339,1192.4454990197553,192.4454990197553,1956.65317395568,1956.2950572510956,652.1652278213817,-30.074906276838682,649.6832795555994,-30.358849175517467
11.589999999999797,648.9620736169915,-30.173464455071535,1192.4388505123306,192.43885051233065,1956.6557350860526,1956.3622599723515,651.8169973132455,-30.11776672165112,648.6829227400184,-30.503510724963043
11.599999999999797,648.6603400115457,-30.173256634084392,1192.432202424258,192.4322024242581,1956.5323197321952,1956.3955420804261,651.5233066446065,-30.099947617789084,648.8800906268558,-29.939575683030757
11.609999999999797,648.3586084877038,-30.17304813429633,1192.4255540982165,192.42555409821648,1956.6023540756855,1956.2545035284686,651.2297254722239,-30.05702289643938,648.5874949207797,-29.67070040429207
11.619999999999797,648.0568790500009,-30.172839406291974,1192.4189057167748,192.41890571677482,1956.6186582640714,1956.1720596446312,650.9121610290601,-30.048542297756864,648.0540810405864,-29.97221690961422
11.629999999999797,647.7551516953025,-30.172631533387445,1192.4122577188632,192.4122577188632,1956.5057853958795,1956.2259372126887,650.5418750518775,-30.072564212394155,647.2093012572328,-30.288761444129765
11.639999999999796,647.4534264213605,-30.17242325500873,1192.40560959373,192.4056095937301,1956.5432266841156,1956.2921834400302,650.267807076704,-30.05707705333332,647.8011953001434,-29.917692621785786
11.649999999999796,647.1517032249675,-30.17221602360432,1192.3989619298618,192.3989619298618,1956.407476451885,1956.194651750388,649.9414983441472,-30.07073892791616,647.0047197511354,-30.19369579916174
11.659999999999796,646.8499821017834,-30.17200861320487,1192.3923142305318,192.39231423053184,1956.4179128262817,1956.2490115395,649.5564530325769,-30.091576772469228,646.091045228443,-30.27911737344685
11.669999999999796,646.5482630580136,-30.171800140768337,1192.385666137966,192.38566613796593,1956.533642158438,1956.2630131288024,649.3001531932965,-30.082342958815943,646.9934546397735,-29.99923863593637
11.679999999999795,646.2465460950658,-30.171592448776522,1192.379018398671,192.37901839867095,1956.4296745445129,1956.1874829956064,649.0198257695425,-30.089774697196574,646.4968789557564,-30.156660342622235
11.689999999999795,645.9448312061096,-30.17138534246425,1192.3723709337307,192.37237093373074,1956.3489319387347,1956.2137606312065,648.7126794711307,-30.117745395907548,645.9483627854237,-30.369481684306287
11.699999999999795,645.643118396928,-30.17117649385738,1192.3657227999497,192.3657227999497,1956.5457717666684,1956.2580550080197,648.4406647847205,-30.11045931737085,645.9925326070293,-30.044884610540564
11.709999999999795,645.3414076751766,-30.170967856424397,1192.3590747887934,192.35907478879335,1956.5096832942759,1956.1731284375307,648.1553400161657,-30.132291216556233,645.587417099173,-30.32877830922467
11.719999999999795,645.0396990361942,-30.170759940055962,1192.352427106843,192.35242710684292,1956.412798028008,1956.2315105644943,647.736108772175,-30.103223507553594,643.9630275762586,-29.841614126529855
11.729999999999794,644.7379924672775,-30.170553843289554,1192.3457801991642,192.3457801991642,1956.184929877692,1956.104408248857,647.4123552688849,-30.135839814048484,644.4985737392733,-30.42938657250249
11.739999999999794,644.4362879686926,-30.170345873709483,1192.3391325697758,192.33913256977576,1956.3973290434976,1956.23331644266,647.1494224844614,-30.151050799212157,644.7830274246496,-30.287949665685222
11.749999999999794,644.1345855465778,-30.170138549263676,1192.3324852388218,192.33248523882185,1956.3094997505978,1956.1953421329702,646.9009356098753,-30.13444939573001,644.6645537386011,-29.985036764390667
11.759999999999794,643.8328851946444,-30.169931837423913,1192.3258381931194,192.32583819311935,1956.2255502500618,1956.1126479777922,646.6283090345123,-30.178976311235417,644.1746698562447,-30.579718550784072
11.769999999999794,643.5311869134368,-30.16972440407896,1192.3191908921626,192.31919089216262,1956.3006715621418,1956.246399859482,646.3791940216742,-30.170213604582756,644.13715890613,-30.091349244708802
11.779999999999793,643.2294907067846,-30.16951692634821,1192.3125436102828,192.31254361028277,1956.2950572510956,1956.1246706342897,646.0457598332229,-30.165842282739032,643.0448521371616,-30.126500386145533
11.789999999999793,642.9277965781854,-30.169308793510417,1192.3058961000552,192.30589610005518,1956.3622599723515,1956.1204991463403,645.6451517460741,-30.153929349471753,642.0396789617363,-30.046712950066215
11.799999999999793,642.6261045327676,-30.16910029005103,1192.2992484767385,192.2992484767385,1956.3955420804261,1956.088690490291,645.2917784493344,-30.196026552104986,642.1114187786766,-30.574901375804092
11.809999999999793,642.3244145669273,-30.168892878018962,1192.2926013326557,192.29260133265575,1956.2545035284686,1956.2069902136354,644.9189241017827,-30.159932533446685,641.5632349738183,-29.835086365521985
11.819999999999792,642.0227266722072,-30.1686860659876,1192.2859544687085,192.2859544687085,1956.1720596446312,1956.0217923883092,644.5978411891406,-30.114796055403282,641.7080949753608,-29.70856775301265
11.829999999999792,641.7210408483243,-30.168478710605438,1192.279307421691,192.2793074216911,1956.2259372126887,1955.9703713109227,644.2833710819064,-30.171385059651286,641.4531401167981,-30.68068609788332
11.839999999999792,641.4193571012306,-30.168270708124286,1192.272660149576,192.27266014957604,1956.2921834400302,1956.1913485614614,643.9411434618414,-30.13399927589838,640.8610948812562,-29.797527222122206
11.849999999999792,641.1176754305291,-30.16806343219543,1192.2660132088633,192.26601320886334,1956.194651750388,1955.9739375127567,643.6510017498134,-30.1538543104228,641.0397263415607,-30.33254962114261
11.859999999999792,640.8159958353237,-30.16785560885847,1192.2593660834418,192.25936608344182,1956.2490115395,1956.087578622619,643.3755020696572,-30.140200958181342,640.8960049482502,-30.017320788008206
11.869999999999791,640.5143183193964,-30.167647576606605,1192.2527189104444,192.2527189104444,1956.2630131288024,1956.0029668297836,643.1452536354262,-30.099490643127083,641.0730177273476,-29.73309780763873
11.879999999999791,640.2126428810815,-30.167440086382694,1192.2460719940902,192.24607199409024,1956.1874829956064,1955.9177293263751,642.8340041277023,-30.146067018035108,640.032758558187,-30.565254392207304
11.889999999999791,639.9109695192282,-30.167232284280573,1192.2394249884476,192.23942498844758,1956.2137606312065,1956.10482288926,642.5210274087988,-30.140375129462168,639.7042369386666,-30.089148132305706
11.89999999999979,639.6092982377108,-30.16702401917873,1192.2327778322974,192.23277783229742,1956.2580550080197,1955.9866722688705,642.1816665453795,-30.171754545880674,639.1274187746055,-30.454169293647244
11.90999999999979,639.3076290357403,-30.166816374926622,1192.2261309647185,192.22613096471855,1956.1731284375307,1956.0657361940991,641.9114521884931,-30.172720299332383,639.4795229765152,-30.181412080397756
11.91999999999979,639.0059619131182,-30.166608149509003,1192.2194838987634,192.21948389876343,1956.2315105644943,1955.9946238194138,641.6225430107261,-30.194863944391045,639.022360410824,-30.394156749919023
11.92999999999979,638.7042968678771,-30.16640089870773,1192.2128372646885,192.21283726468846,1956.104408248857,1956.0372831783097,641.3191983607309,-30.219744634150764,638.5890965107742,-30.443670841988222
11.93999999999979,638.4026339010077,-30.166192475183866,1192.2061901925972,192.2061901925972,1956.23331644266,1956.04443006539,641.0720518353148,-30.183331938212362,638.8477331065701,-29.85561767476674
11.94999999999979,638.1009730172383,-30.165984278697174,1192.1995432495387,192.1995432495387,1956.1953421329702,1955.892868689237,640.6826345603953,-30.209482498066617,637.1778790861192,-30.444837536754896
11.95999999999979,637.799314212423,-30.16577668435566,1192.192896587466,192.19289658746607,1956.1126479777922,1956.0203024329944,640.3194760628436,-30.224612634727727,637.051049584878,-30.360783864677728
11.96999999999979,637.4976574896181,-30.165567876641244,1192.1862494709187,192.1862494709187,1956.246399859482,1955.9950590623812,640.0331223070316,-30.26219751551004,637.4559385047229,-30.600461442550802
11.979999999999789,637.1960028502423,-30.165359998497184,1192.1796027679943,192.1796027679943,1956.1246706342897,1956.047992662208,639.7033173706964,-30.2826324849712,636.7350729436796,-30.466547210121632
11.989999999999789,636.8943502899305,-30.165152063865484,1192.1729560792442,192.17295607924416,1956.1204991463403,1956.0131426655587,639.4327840290897,-30.268804112749542,636.99798395463,-30.14434876275461
11.999999999999789,636.5926998080884,-30.16494430456751,1192.1663094985765,192.16630949857654,1956.088690490291,1955.9269341603072,639.1126887293227,-30.25311350576716,636.2318310314197,-30.11189804292569
12.009999999999788,636.2910514092581,-30.164735461483893,1192.159662515939,192.1596625159391,1956.2069902136354,1955.9045969266128,638.8031909930869,-30.252425354648615,636.0177113669645,-30.24623199458171
12.019999999999788,635.9894050915489,-30.164528080376396,1192.153016162584,192.15301616258398,1956.0217923883092,1955.9234896509086,638.6054850074481,-30.203421795667683,636.8261311366981,-29.76238976483929
12.029999999999788,635.6877608459513,-30.164321039125877,1192.1463699839524,192.14636998395235,1955.9703713109227,1955.7915899632583,638.248733529452,-30.174619747477127,635.0379702274874,-29.915401313762125
12.039999999999788,635.3861186804917,-30.164112052798234,1192.1397230544635,192.1397230544635,1956.1913485614614,1955.8068251513605,638.0030418722806,-30.20801687667182,635.7918169577375,-30.50859103942402
12.049999999999788,635.0844785962342,-30.163904798684587,1192.1330768637142,192.13307686371422,1955.9739375127567,1955.9371540449563,637.7521244268638,-30.15746771132072,635.4938674181117,-29.702525223160823
12.059999999999787,634.7828405897416,-30.163696499841233,1192.1264302868246,192.12643028682464,1956.087578622619,1955.7332200441754,637.3990688028395,-30.1856156748032,634.2215681866194,-30.43894734614551
12.069999999999787,634.481204663146,-30.163488819270313,1192.1197839974368,192.1197839974368,1956.0029668297836,1955.8939208290226,637.1581654622123,-30.17525812992514,634.9900353965677,-30.08204022602262
12.079999999999787,634.1795708102385,-30.1632817622314,1192.1131379976769,192.11313799767686,1955.9177293263751,1955.8009640510543,636.887879810777,-30.163842816663752,634.4553089478583,-30.06110499731125
12.089999999999787,633.8779390362058,-30.16307304429566,1192.106491362193,192.10649136219308,1956.10482288926,1955.7823743380457,636.6064205293663,-30.203560003276277,634.0732869966699,-30.561014682788986
12.099999999999786,633.5763093448544,-30.162865225980422,1192.0998451281725,192.09984512817255,1955.9866722688705,1955.893730381616,636.3557752962463,-30.16440282577386,634.0999681981651,-29.81198822825209
12.109999999999786,633.2746817354598,-30.16265665295537,1192.0931986255011,192.09319862550115,1956.0657361940991,1955.7056361655218,636.0361964029643,-30.165532516986428,633.1599863634258,-30.175699737899528
12.119999999999786,632.9730562092701,-30.16244858497818,1192.086552364462,192.08655236446202,1955.9946238194138,1955.7760074142302,635.653327008467,-30.149796481105067,632.2075024579923,-30.00817215817283
12.129999999999786,632.6714327660069,-30.162240067666257,1192.0799059584708,192.07990595847082,1956.0372831783097,1955.7236409992186,635.3837404563067,-30.152906570271163,632.957461486864,-30.18089737276605
12.139999999999786,632.369811408674,-30.162031398916046,1192.0732595281954,192.07325952819542,1956.04443006539,1955.7521211161904,635.1385652195369,-30.16384137006505,632.9319880886093,-30.26225456821003
12.149999999999785,632.068192132129,-30.161823910088863,1192.0666136129094,192.06661361290935,1955.892868689237,1955.762470720297,634.8597582070907,-30.194229554228194,632.3504950950758,-30.467723211696498
12.159999999999785,631.7665749362747,-30.16161526077266,1192.059967264617,192.05996726461694,1956.0203024329944,1955.8058051983535,634.5492622724654,-30.196198752619726,631.7547988608376,-30.21392153814351
12.169999999999785,631.4649598263121,-30.161406731732374,1192.053321002099,192.05332100209898,1955.9950590623812,1955.7391847417725,634.2520974239521,-30.20380535839599,631.5776137873326,-30.27226481038238
12.179999999999785,631.1633468043176,-30.1611976671528,1192.0466745597182,192.0466745597182,1956.047992662208,1955.743495914151,633.9366487322052,-30.174763174128426,631.0976105064817,-29.913383515720348
12.189999999999785,630.8617358719646,-30.160988803436215,1192.040028235754,192.0400282357541,1956.0131426655587,1955.6449100052728,633.6073192343192,-30.221583050081364,630.6433537533454,-30.64296193365782
12.199999999999784,630.5601270250902,-30.160780571432,1192.033382204717,192.0333822047171,1955.9269341603072,1955.8092770188682,633.3900792086066,-30.17405917985571,631.4349189771929,-29.746344347824852
12.209999999999784,630.2585202600563,-30.160572435333417,1192.0267362495797,192.0267362495797,1955.9045969266128,1955.5860610211184,633.0123101789962,-30.152019271246125,629.6123889125035,-29.953660093759858
12.219999999999784,629.9569155776334,-30.160364049261435,1192.020090230247,192.02009023024698,1955.9234896509086,1955.615242542723,632.6816219803325,-30.144949132587726,629.7054281923577,-30.081317884662116
12.229999999999784,629.6553129739958,-30.16015667822807,1192.0134446590953,192.01344465909528,1955.7915899632583,1955.6308804619773,632.3937022861495,-30.15350212116125,629.8024250385025,-30.230479018322967
12.239999999999783,629.3537124451651,-30.159949087911748,1192.006799036176,192.00679903617606,1955.8068251513605,1955.6556373854621,632.0505150187718,-30.174863049405786,628.961829612372,-30.367111403606625
12.249999999999783,629.0521139981618,-30.1597403127636,1192.0001529704132,192.00015297041318,1955.9371540449563,1955.6811678197973,631.7048653209367,-30.19830544198848,628.5940180404211,-30.40928697523273
12.259999999999783,628.7505176308131,-30.159533156982867,1191.9935075975961,191.99350759759614,1955.7332200441754,1955.6862853182292,631.406071637422,-30.215901013161243,628.7169284857885,-30.37426115371609
12.269999999999783,628.4489233422204,-30.159324561563828,1191.986861678735,191.98686167873507,1955.8939208290226,1955.6726239570319,631.1444594111874,-30.165625983341425,628.7899493750767,-29.71315071496305
12.279999999999783,628.14733113614,-30.159116654506057,1191.980216075731,191.98021607573105,1955.8009640510543,1955.500978851582,630.8157439216143,-30.157792915441824,627.857304515455,-30.087295304345446
12.289999999999782,627.8457410088077,-30.158908811926448,1191.973570535893,191.97357053589303,1955.7823743380457,1955.571180364606,630.5437278858487,-30.14374443696271,628.0955835639592,-30.017308130650665
12.299999999999782,627.5441529650299,-30.158699943653453,1191.966924617679,191.96692461767907,1955.893730381616,1955.5409595296699,630.2475681571627,-30.122959515080993,627.5821305989879,-29.935895218145536
12.309999999999782,627.2425670025021,-30.15849256190674,1191.960279338589,191.9602793385891,1955.7056361655218,1955.5063277944173,629.9711804893307,-30.16364269243339,627.4836914788425,-30.52979128860493
12.319999999999782,626.9409831172011,-30.158284498304994,1191.9536338203852,191.95363382038522,1955.7760074142302,1955.638840229436,629.7116185553372,-30.136488147902547,627.3755611493957,-29.892097247124973
12.329999999999782,626.6394013107968,-30.15807678255576,1191.9469884801167,191.94698848011672,1955.7236409992186,1955.4788217739138,629.3662325256741,-30.13750887630444,626.2577582587074,-30.14669543192148
12.339999999999781,626.337821583202,-30.157868736392484,1191.940343043076,191.94034304307593,1955.7521211161904,1955.5249172327453,629.0975578810675,-30.145824276900626,626.6794860796075,-30.220662882266293
12.349999999999781,626.0362439369604,-30.157660511919378,1191.9336975708682,191.93369757086816,1955.762470720297,1955.5328986694258,628.8450753890451,-30.07609172556392,626.5727329608434,-29.44849876353357
12.359999999999781,625.7346683752388,-30.157451832399836,1191.9270519514146,191.92705195141457,1955.8058051983535,1955.3311708249153,628.4947353860327,-30.125659074342124,625.3416753589213,-30.57176521334597
12.36999999999978,625.4330948979753,-30.15724362032394,1191.9204065583301,191.92040655833011,1955.7391847417725,1955.5837883960191,628.2037622670073,-30.107170653786522,625.5850041957777,-29.940774868786097
12.37999999999978,625.1315235034706,-30.15703528059628,1191.9137611505969,191.91376115059688,1955.743495914151,1955.427667110277,627.8849950719614,-30.068559296567866,625.0160903165482,-29.72105708159997
12.38999999999978,624.8299541886851,-30.156827676508232,1191.907116077848,191.90711607784806,1955.6449100052728,1955.3573499978138,627.5125606936476,-30.056598575870954,624.1606512888235,-29.948952089598748
12.39999999999978,624.5283869572929,-30.156618601919813,1191.9004704465976,191.90047044659764,1955.8092770188682,1955.3939058926558,627.1838502789742,-30.01501924128962,624.2254565469135,-29.640805230057623
12.40999999999978,624.2268218077403,-30.156411308613784,1191.8938255738112,191.89382557381123,1955.5860610211184,1955.3031130749705,626.9877731995092,-30.05215814565554,625.2230794843243,-30.38640828494879
12.41999999999978,623.9252587328023,-30.156203679002974,1191.8871806018692,191.8871806018692,1955.615242542723,1955.4683543111341,626.6540438960432,-30.03677506238089,623.650480164848,-29.898327312909032
12.42999999999978,623.6236977352736,-30.15599582671385,1191.880535576791,191.8805355767911,1955.6308804619773,1955.3448539396695,626.3316527474767,-30.050059475352157,623.4301324103789,-30.16961919209352
12.43999999999978,623.3221388177639,-30.15578767523381,1191.8738904675918,191.87389046759176,1955.6556373854621,1955.3980661980204,626.0319707755326,-30.118222490026255,623.3348330280351,-30.731689622093107
12.449999999999779,623.0205819832973,-30.155579218068493,1191.8672452716426,191.86724527164256,1955.6811678197973,1955.53113983186,625.7301400090045,-30.142649996052405,623.0136631102503,-30.362497550287745
12.459999999999779,622.7190272340746,-30.15537062648183,1191.8606000583047,191.86060005830473,1955.6862853182292,1955.4451173501395,625.4043725903915,-30.100613098991285,622.4724658228747,-29.722281025441184
12.469999999999779,622.417474570652,-30.15516205803128,1191.8539548913868,191.85395489138682,1955.6726239570319,1955.2804048498272,625.0428574437036,-30.081671839292845,621.7892211235123,-29.91120050200689
12.479999999999778,622.1159239861705,-30.154954838247125,1191.8473103077006,191.84731030770058,1955.500978851582,1955.3063603242963,624.7362159514337,-30.097392944243147,621.9764425210046,-30.238882888795874
12.489999999999778,621.8143754772894,-30.154746937977922,1191.840665485477,191.84066548547707,1955.571180364606,1955.3727813804971,624.483550498822,-30.09292680477956,622.2095614253153,-30.052731549607255
12.499999999999778,621.5128290466006,-30.15453919979479,1191.8340207659407,191.83402076594075,1955.5409595296699,1955.3194092099357,624.2150090034609,-30.070042504465096,621.7981355452104,-29.864083801634933
12.509999999999778,621.211284692298,-30.154331660710298,1191.8273761640794,191.8273761640794,1955.5063277944173,1955.2603662924278,623.8980711531855,-30.09683852212485,621.0456305007064,-30.338002681062623
12.519999999999778,620.909742419403,-30.154122918308996,1191.820731111955,191.82073111195496,1955.638840229436,1955.3623606821907,623.5449807534794,-30.127329277642634,620.3671671561241,-30.401746077302683
12.529999999999777,620.6082022276762,-30.153915427058617,1191.8140866035562,191.81408660355623,1955.4788217739138,1955.3742305512242,623.3987576221646,-30.09264750516213,622.0827494403305,-29.78051155283758
12.539999999999777,620.3066641132531,-30.15370745756729,1191.80744193853,191.80744193853002,1955.5249172327453,1955.2157805053814,623.021994552963,-30.138427239104953,619.6311269301491,-30.55044484459036
12.549999999999777,620.0051280793172,-30.15349932962769,1191.8007972463836,191.80079724638358,1955.5328986694258,1955.388829027857,622.7444012086843,-30.123516504235887,620.2460611101764,-29.989319890414297
12.559999999999777,619.7035941186548,-30.153292802837786,1191.794153239687,191.79415323968692,1955.3311708249153,1955.2492283215213,622.4677646914472,-30.134142807902688,619.9780360363135,-30.229779540903895
12.569999999999776,619.402062234316,-30.153084064943915,1191.7875083746228,191.7875083746228,1955.5837883960191,1955.2948522595777,622.1549217327339,-30.12620054788203,619.3393351043145,-30.054720207696107
12.579999999999776,619.1005324312636,-30.152876545538234,1191.7808640400422,191.78086404004216,1955.427667110277,1955.242979320789,621.8537774529016,-30.195447158830078,619.1434789344103,-30.818666657362495
12.589999999999776,618.7990047009125,-30.152669524675613,1191.7742199443915,191.77421994439146,1955.3573499978138,1955.4212165461797,621.536810196174,-30.21671158844244,618.684104885625,-30.408091454953706
12.599999999999776,618.4974790427611,-30.15246210560941,1191.7675757245277,191.76757572452766,1955.3939058926558,1955.3251209633602,621.2416376517782,-30.120728870081038,618.5850847522154,-29.256884404828387
12.609999999999776,618.1959554554486,-30.15225535690351,1191.7609318131683,191.76093181316833,1955.3031130749705,1955.0318716720526,620.9554435154189,-30.13328740934846,618.3796962881858,-30.246314262755227
12.619999999999775,617.894433943013,-30.152047130202067,1191.7542873403368,191.75428734033676,1955.4683543111341,1955.244470320542,620.6954326332772,-30.120682744817543,618.3553346940016,-30.007240764039302
12.629999999999775,617.5929145081204,-30.151839848309226,1191.7476432871463,191.74764328714627,1955.3448539396695,1955.1770775346927,620.4061855452842,-30.105592937370243,617.8029617533464,-29.969784670344524
12.639999999999775,617.2913971487368,-30.15163202843887,1191.7409990531462,191.7409990531462,1955.3980661980204,1955.1537989789676,620.197533883871,-30.14412349953688,618.3196689311516,-30.490898559036644
12.649999999999775,616.9898818735924,-30.151423000458916,1191.7343543669763,191.73435436697628,1955.53113983186,1955.2695413401987,619.9004502866836,-30.172644883528534,617.2266979119981,-30.429337339453376
12.659999999999775,616.6883686855759,-30.15121460281405,1191.7277099731016,191.72770997310158,1955.4451173501395,1955.2530192842494,619.60701775889,-30.198062450801668,616.9661250087471,-30.42682055625988
12.669999999999774,616.3868575750828,-30.151007495817318,1191.7210661389022,191.7210661389022,1955.2804048498272,1955.2487565163717,619.2641333998291,-30.20220965273037,616.1781741682803,-30.23953447008869
12.679999999999774,616.085348537206,-30.150800079552877,1191.7144222165089,191.71442221650886,1955.3063603242963,1955.1975263752443,618.995045749534,-30.169515062094348,616.5732568968783,-29.875263746370152
12.689999999999774,615.783841576736,-30.150592014458358,1191.707778068424,191.70777806842398,1955.3727813804971,1955.0967323405196,618.6116394634319,-30.165974734000756,615.1609828885128,-30.134111781158403
12.699999999999774,615.482336695135,-30.150384305746584,1191.701134101692,191.7011341016921,1955.3194092099357,1955.14250718166,618.2632301938647,-30.202170838495597,615.1275467677605,-30.527935778949185
12.709999999999773,615.1808338886012,-30.150177001009343,1191.6944903355818,191.6944903355818,1955.2603662924278,1955.2293148729786,617.9441397108171,-30.206225938400646,615.072325363389,-30.24272183754609
12.719999999999773,614.8793331598516,-30.149968748923428,1191.6878462229054,191.68784622290536,1955.3623606821907,1955.156297512653,617.7589948800379,-30.187611424692104,616.0926914030243,-30.02008080131522
12.729999999999773,614.5778345145783,-30.149760305749748,1191.6812020698962,191.68120206989624,1955.3742305512242,1955.090887566036,617.3719979684543,-30.200769532922997,613.8890257642012,-30.31919250700103
12.739999999999773,614.2763379475459,-30.149553100726212,1191.6745584552837,191.67455845528366,1955.2157805053814,1955.1502483361553,617.1135011311349,-30.132994606517222,614.7870295952606,-29.523020268865235
12.749999999999773,613.9748434602818,-30.149344352086295,1191.6679142526705,191.66791425267047,1955.388829027857,1954.9437321480068,616.7203361984377,-30.1910273126283,613.1818518041629,-30.71332166762801
12.759999999999772,613.6733510551043,-30.14913668343183,1191.6612705244056,191.6612705244056,1955.2492283215213,1955.2136001578626,616.5091859428729,-30.175149824387525,614.6088336427902,-30.03225243022056
12.769999999999772,613.371860728985,-30.148928540441673,1191.6546266411156,191.65462664111556,1955.2948522595777,1955.0470781852493,616.1520387848904,-30.15648882340927,612.9377143630468,-29.98853981460494
12.779999999999772,613.0703724825764,-30.148720741272278,1191.6479829340842,191.6479829340842,1955.242979320789,1955.0214175683554,615.7120847677081,-30.155610749997656,611.752498613068,-30.14770808929313
12.789999999999772,612.7688863220956,-30.148511354905246,1191.6413386214217,191.6413386214217,1955.4212165461797,1955.0457815813922,615.434155981789,-30.12717270630228,612.9327969085172,-29.871230313043895
12.799999999999772,612.4674022519038,-30.14830268345696,1191.634694635282,191.6346946352819,1955.3251209633602,1954.9656788324637,615.0867858111859,-30.126715089175647,611.9604542757575,-30.122596535035953
12.809999999999771,612.1659202565793,-30.148096381421,1191.6280516455718,191.62805164557176,1955.0318716720526,1955.0106476194912,614.7484280244223,-30.121191705729956,611.7032079435495,-30.071481254718705
12.819999999999771,611.8644403336531,-30.14788820382212,1191.621407933474,191.62140793347407,1955.244470320542,1954.9869927518,614.4152619392272,-30.13610438071398,611.4167671724716,-30.270318455570187
12.829999999999771,611.5629624901326,-30.147680500297177,1191.6147644503699,191.61476445036988,1955.1770775346927,1955.0245583925532,614.0802412245782,-30.117727905417592,611.0650547927374,-29.95233962775008
12.83999999999977,611.2614867231279,-30.14747290064914,1191.6081210463637,191.60812104636375,1955.1537989789676,1954.9380294117152,613.841288330266,-30.12774102203947,611.6907122814562,-30.217859071636365
12.84999999999977,610.9600130374336,-30.14726423821385,1191.6014772490776,191.60147724907756,1955.2695413401987,1954.9890528393728,613.5550727007308,-30.173151086095917,610.9791320349136,-30.581841662603914
12.85999999999977,610.6585414381278,-30.14705562294595,1191.5948335079315,191.59483350793153,1955.2530192842494,1955.0717888146667,613.2504357420701,-30.172047678292174,610.5087031141244,-30.162117008058473
12.86999999999977,610.3570719252533,-30.14684695196539,1191.5881897812699,191.58818978126988,1955.2487565163717,1954.9674473063878,613.0921390149399,-30.20288661643272,611.6674684707683,-30.48043705969764
12.87999999999977,610.0556044973963,-30.146638619429517,1191.5815462286828,191.58154622868278,1955.1975263752443,1955.0359886301546,612.8616944251231,-30.16735605352843,610.7876931167725,-29.847580987389776
12.88999999999977,609.7541391490927,-30.146431041294992,1191.5749030185832,191.5749030185832,1955.0967323405196,1954.874721791422,612.5649707177446,-30.11250493777923,609.8944573513378,-29.618844896036453
12.89999999999977,609.4526758789485,-30.14622298753162,1191.5682596529455,191.56825965294547,1955.14250718166,1954.797893127496,612.2723465074953,-30.104201966884432,609.6387286152519,-30.02947522883124
12.90999999999977,609.151214693442,-30.1460141137719,1191.5616159923445,191.5616159923445,1955.2293148729786,1954.8760756794245,611.957577293439,-30.07167611510062,609.1246543669332,-29.778943449046313
12.919999999999769,608.8497555940666,-30.145805761310125,1191.5549725798487,191.5549725798487,1955.156297512653,1954.800604261581,611.7016185851924,-30.097859398346454,609.397990210972,-30.33350894755899
12.929999999999769,608.5482985759285,-30.145597866311096,1191.5483293896089,191.54832938960885,1955.090887566036,1954.92035184502,611.3203242245361,-30.10872266426479,607.8886749786291,-30.206492057529793
12.939999999999769,608.2468436396887,-30.145389381652,1191.5416859976674,191.5416859976674,1955.1502483361553,1954.8843814751353,610.9729742378315,-30.114295073241973,607.8468243574898,-30.164446754036604
12.949999999999768,607.945390780087,-30.14518253869282,1191.5350433074461,191.53504330744613,1954.9437321480068,1954.8658236707965,610.7320877987912,-30.13110286943966,608.5641098474291,-30.282373035218857
12.959999999999768,607.6439400006966,-30.14497333939029,1191.528399700242,191.52839970024206,1955.2136001578626,1954.8859371851781,610.4211318499162,-30.13074923439047,607.6225283100408,-30.127566518947773
12.969999999999768,607.3424913067689,-30.144765446144294,1191.521756658862,191.52175665886193,1955.0470781852493,1954.840674861489,610.1556893397117,-30.19955753558539,607.7667067478716,-30.818832246339674
12.979999999999768,607.0410446911543,-30.144557676780096,1191.5151137046737,191.5151137046737,1955.0214175683554,1955.002641157539,609.8138898601177,-30.18771903893648,606.7376945437717,-30.081172569096253
12.989999999999768,606.7396001547131,-30.144349611459777,1191.5084706676992,191.50847066769916,1955.0457815813922,1954.824666727742,609.5664648373986,-30.198139169613995,607.3396396329265,-30.291920345711638
12.999999999999767,606.4381576960211,-30.144142126939446,1191.5018279029052,191.50182790290523,1954.9656788324637,1954.8636323278347,609.1598064879588,-30.174148121967555,605.4998813430002,-29.958228693149604
13.009999999999767,606.1367173145188,-30.143934173532774,1191.4951849853123,191.49518498531233,1955.0106476194912,1954.7720531683974,608.8257294511735,-30.20681672689679,605.819036120106,-30.500834171259882
13.019999999999767,605.8352790120152,-30.143726327178147,1191.488542148096,191.48854214809603,1954.9869927518,1954.8909452495132,608.495467137772,-30.2060434476546,605.5231063171586,-30.199083934474903
13.029999999999767,605.5338427900091,-30.143518074062527,1191.4818991832358,191.48189918323578,1955.0245583925532,1954.8129134452586,608.1690674697688,-30.265957892008366,605.23147045774,-30.805187891192247
13.039999999999766,605.2324086473602,-30.14331045569458,1191.4752565123918,191.47525651239175,1954.9380294117152,1954.9534845115538,607.9202548973724,-30.215446897138627,605.6809417458038,-29.760847943310964
13.049999999999766,604.9309765834937,-30.143102317614044,1191.4686136681755,191.46861366817552,1954.9890528393728,1954.6966170089047,607.6539031655516,-30.242343009298914,605.2567375791634,-30.48440801874149
13.059999999999766,604.6295466049373,-30.142893393649228,1191.4619705428313,191.4619705428313,1955.0717888146667,1954.8541178714145,607.3413929327928,-30.23259368719083,604.5288008379636,-30.144849788218064
13.069999999999766,604.3281187116994,-30.142685253938183,1191.4553277720283,191.45532777202834,1954.9674473063878,1954.765190478766,607.0700052301617,-30.203552629204022,604.6275159064803,-29.94218310732276
13.079999999999766,604.0266929031923,-30.142476447472177,1191.4486847683293,191.44868476832926,1955.0359886301546,1954.7013251893145,606.7289653075258,-30.194985144338432,603.659606003803,-30.11787778054811
13.089999999999765,603.7252691764396,-30.1422689030535,1191.4420423125978,191.44204231259778,1954.874721791422,1954.7272269271316,606.4514597146479,-30.146038850545537,603.9539093787472,-29.70552220640947
13.099999999999765,603.4238475223643,-30.142061911998077,1191.4354001179217,191.43540011792174,1954.797893127496,1954.6112353840954,606.1839238224107,-30.12196945606953,603.7761007922767,-29.905344905785423
13.109999999999765,603.122427941938,-30.141854173269767,1191.4287576575898,191.4287576575898,1954.8760756794245,1954.638194130116,605.88196556576,-30.081644153433448,603.1643412559026,-29.718716429708717
13.119999999999765,602.8210104361891,-30.141646976517986,1191.4221154537017,191.42211545370174,1954.800604261581,1954.5747588767401,605.5963581926009,-30.113477073047108,603.0258918341689,-30.399973349570057
13.129999999999765,602.5195950078904,-30.141438683214645,1191.4154728429241,191.41547284292415,1954.92035184502,1954.724231410748,605.3588503726361,-30.095336135887692,603.221279992953,-29.932067701452937
13.139999999999764,602.2181816614727,-30.1412306003415,1191.4088303543701,191.40883035437014,1954.8843814751353,1954.604452199162,605.0226313004633,-30.114310371355053,601.9966596509084,-30.285078490561276
13.149999999999764,601.9167703955623,-30.141022581751532,1191.4021879288734,191.40218792887345,1954.8658236707965,1954.677408830692,604.7268739872302,-30.103086048536674,602.0650581681326,-30.002067143171256
13.159999999999764,601.6153612111392,-30.14081430285972,1191.3955454350332,191.39554543503323,1954.8859371851781,1954.6006388234066,604.4255873229026,-30.097519613765694,601.7140073439548,-30.047421700826856
13.169999999999764,601.3139541080628,-30.140606312395498,1191.3889030949895,191.38890309498947,1954.840674861489,1954.5984105420948,604.1994218701475,-30.06968198906163,602.163932795351,-29.819143366725033
13.179999999999763,601.012549092146,-30.140396870977344,1191.3822602046016,191.3822602046016,1955.002641157539,1954.5291887590056,603.8902663719106,-30.048514159830177,601.1078668877784,-29.8580036967471
13.189999999999763,600.7111461636315,-30.14018883191193,1191.3756179189518,191.37561791895178,1954.824666727742,1954.5211829529069,603.5207281559063,-30.04574381553995,600.1948842118677,-30.02081071692789
13.199999999999763,600.4097453176005,-30.139980374302713,1191.3689755009011,191.36897550090112,1954.8636323278347,1954.5458322478917,603.3000951895624,-30.061708848278,601.314398492467,-30.205394142920426
13.209999999999763,600.1083465527595,-30.13977259389743,1191.3623333940266,191.36233339402656,1954.7720531683974,1954.580524801075,602.9385386294512,-30.089077889497734,599.6845295884499,-30.33539926047535
13.219999999999763,599.8069498711696,-30.13956372406452,1191.3556908831695,191.35569088316947,1954.8909452495132,1954.6062571255113,602.5708981017559,-30.117669330198243,599.2621333524985,-30.374992296502832
13.229999999999762,599.5055552754608,-30.139355417725746,1191.349048637456,191.349048637456,1954.8129134452586,1954.6122367772348,602.2458384141969,-30.162004949526352,599.3203012261657,-30.561025523479337
13.239999999999762,599.2041627691723,-30.139145839972294,1191.342405914097,191.34240591409707,1954.9534845115538,1954.6551325060982,601.942451766392,-30.132650723357347,599.211971936147,-29.8684626878363
13.249999999999762,598.9027723483382,-30.138938326840005,1191.3357640635465,191.33576406354655,1954.6966170089047,1954.482314490178,601.5930960155794,-30.087700965996362,598.4488942582648,-29.683153149747476
13.259999999999762,598.6013840097031,-30.138729400181045,1191.329121677825,191.32912167782501,1954.8541178714145,1954.4178887512217,601.3194644194182,-30.06188639184611,598.8567800539669,-29.829555224493827
13.269999999999762,598.2999977570598,-30.138521128487614,1191.3224795942692,191.32247959426923,1954.765190478766,1954.432491165699,600.9846260254898,-30.04391410869826,597.9710804801338,-29.88216356036763
13.279999999999761,597.9986135849103,-30.13831330139906,1191.315837727721,191.31583772772092,1954.7013251893145,1954.4284294307697,600.6314280864121,-30.026646602943245,597.4526466347127,-29.871239051148105
13.289999999999761,597.6972314925763,-30.13810516541175,1191.3091957731613,191.30919577316126,1954.7272269271316,1954.4104454088697,600.3466003940183,-30.021194922590553,597.783151162473,-29.972129799416315
13.299999999999761,597.3958514771913,-30.13789791159117,1191.3025542127284,191.3025542127284,1954.6112353840954,1954.4205912531113,599.9927457720544,-30.059717316758913,596.8080541743789,-30.40641886427415
13.30999999999976,597.0944735359333,-30.137690340003097,1191.2959125606926,191.2959125606926,1954.638194130116,1954.5170412713362,599.732779959355,-30.09596505921006,597.39308764506,-30.422194741270356
13.31999999999976,596.7930976681861,-30.137483209429842,1191.289271124203,191.28927112420297,1954.5747588767401,1954.5198563628296,599.461972044843,-30.141131008425845,597.0247008142356,-30.547624551367917
13.32999999999976,596.4917238784756,-30.13727473267452,1191.2826291798217,191.2826291798217,1954.724231410748,1954.5495166238534,599.2073559388397,-30.17772108029377,596.9158109848089,-30.507031727105073
13.33999999999976,596.1903521689627,-30.137067169898717,1191.2759876424375,191.27598764243749,1954.604452199162,1954.539899955194,598.933270558736,-30.15488676124489,596.4665021378024,-29.949377889804918
13.34999999999976,595.888982538597,-30.1368589032241,1191.2693458571543,191.26934585715435,1954.677408830692,1954.3988747232736,598.5940031658007,-30.13562317843027,595.5405966293822,-29.96225093309868
13.35999999999976,595.5876149881334,-30.13665118950578,1191.2627043327275,191.26270433272748,1954.6006388234066,1954.3856247121762,598.3063864612006,-30.151891235223605,595.7178361198002,-30.2983037463636
13.36999999999976,595.2862495151708,-30.13644340301643,1191.2560628158722,191.25606281587216,1954.5984105420948,1954.4540627502172,597.9539450323939,-30.209225222753062,594.7819721731327,-30.7252311105182
13.37999999999976,594.984886117625,-30.13623610613234,1191.249421534225,191.2494215342249,1954.5291887590056,1954.5541023481485,597.6745216432821,-30.24887039423185,595.1597111412749,-30.605676937540956
13.389999999999759,594.6835247931695,-30.136028784981782,1191.2427802797806,191.24278027978062,1954.5211829529069,1954.5277884255179,597.3801891682429,-30.245489679789312,594.7311968928901,-30.215063249806455
13.399999999999759,594.3821655434174,-30.13582116543853,1191.2361389415807,191.23613894158075,1954.5458322478917,1954.4292874642545,597.1143439445323,-30.243584193338933,594.7217369311364,-30.226434815285486
13.409999999999759,594.0808083717743,-30.135613163188548,1191.2294974854992,191.22949748549922,1954.580524801075,1954.4205262091295,596.7945179979391,-30.210830969195246,593.9160844786007,-29.91605195190206
13.419999999999758,593.7794532816911,-30.135404853444278,1191.222855941982,191.22285594198206,1954.6062571255113,1954.3316949628193,596.5097644277685,-30.193803678904665,593.9469822962332,-30.040558066289446
13.429999999999758,593.4781002754138,-30.13519640201953,1191.2162143781466,191.21621437814656,1954.6122367772348,1954.3438738848822,596.2300613920235,-30.234010114912365,593.7127340703181,-30.595868038981664
13.439999999999758,593.1767493559087,-30.13498749901004,1191.209572668556,191.2095726685559,1954.6551325060982,1954.4676852220691,595.9625696224114,-30.20573378950173,593.5551436959022,-29.95124686080596
13.449999999999758,592.8754005186371,-30.134779955288646,1191.2029315461825,191.20293154618253,1954.482314490178,1954.3058219669904,595.6030185556051,-30.20596082029065,592.3670589543489,-30.20800409739091
13.459999999999757,592.574053754556,-30.134572860938952,1191.196290642721,191.1962906427209,1954.4178887512217,1954.352183576539,595.2981567111188,-30.20285692788753,592.5544001107421,-30.174921896259473
13.469999999999757,592.2727090624886,-30.134365552533794,1191.1896496896418,191.18964968964178,1954.432491165699,1954.3332115203455,595.0123049445842,-30.15306678689722,592.4396390457729,-29.704955517984438
13.479999999999757,591.9713664437921,-30.13415818675505,1191.183008750364,191.18300875036402,1954.4284294307697,1954.2041856086878,594.7622994308888,-30.190542502685947,592.5122498076286,-30.527823944784473
13.489999999999757,591.670025898456,-30.133950880480096,1191.176367872194,191.17636787219408,1954.4104454088697,1954.3866968585103,594.4841755771608,-30.145015340879297,591.981060893609,-29.735270884619474
13.499999999999757,591.3686874270658,-30.13374339755845,1191.1697269595497,191.16972695954973,1954.4205912531113,1954.1871692997809,594.1919671881858,-30.111158733791633,591.5620916874103,-29.806449270002663
13.509999999999756,591.0673510350107,-30.1335350134547,1191.1630857191785,191.16308571917853,1954.5170412713362,1954.1828238271912,593.9801190951534,-30.082685075374734,592.0734862578611,-29.826422149622605
13.519999999999756,590.7660167273723,-30.133326514234103,1191.156444469242,191.15644446924193,1954.5198563628296,1954.168594085923,593.6711742881574,-30.056396565038128,590.8906710251931,-29.819799972008678
13.529999999999756,590.4646845064285,-30.1331176745246,1191.1498031185229,191.14980311852287,1954.5495166238534,1954.1490613020178,593.3577697016394,-30.063351584688228,590.5371284229769,-30.12594676153911
13.539999999999756,590.1633543739356,-30.132908824060635,1191.1431618004801,191.14316180048013,1954.539899955194,1954.2082668836515,593.0207574570834,-30.023404907860506,589.9876472560787,-29.663884816411002
13.549999999999756,589.8620263244851,-30.13270106605639,1191.136520961626,191.13652096162605,1954.3988747232736,1954.083731217053,592.6639629105265,-29.98836349193975,589.4528119915141,-29.672990748652957
13.559999999999755,589.5607003525158,-30.132493327813805,1191.1298801677942,191.12988016779423,1954.3856247121762,1954.0652628719627,592.3786298609125,-30.044755660771216,589.810632414386,-30.552285180254387
13.569999999999755,589.2593764612591,-30.13228492353068,1191.1232391414171,191.12323914141712,1954.4540627502172,1954.2655680398752,592.0850869855967,-30.11650938227671,589.4432011077548,-30.762292875826166
13.579999999999755,588.9580546587019,-30.132075587887485,1191.1165977751161,191.11659777511613,1954.5541023481485,1954.3214095432452,591.8036591537489,-30.09150905834812,589.2708086671174,-29.866506142990787
13.589999999999755,588.6567349488541,-30.131866381668075,1191.1099564982271,191.10995649822712,1954.5277884255179,1954.104642277005,591.4593489354768,-30.09183835980145,588.3605569710281,-30.0948020728814
13.599999999999755,588.3554173273911,-30.13165791092361,1191.103315556034,191.10331555603398,1954.4292874642545,1954.1447073099355,591.2466636463557,-30.110992716041522,589.3324960442662,-30.283381922202192
13.609999999999754,588.0541017907253,-30.13144942225026,1191.0966746436106,191.09667464361064,1954.4205262091295,1954.181176271276,590.8744620814399,-30.068588484588517,587.524647997197,-29.68695040151148
13.619999999999754,587.7527883356746,-30.131241587885786,1191.0900340330263,191.0900340330263,1954.3316949628193,1954.0260987020376,590.6604240663899,-30.07474292476281,588.73408193094,-30.13013288633143
13.629999999999754,587.4514769599361,-30.131033559793504,1191.0833933810593,191.0833933810593,1954.3438738848822,1954.1155354762327,590.3901025075149,-30.04012771079995,587.9572084776403,-29.72859078513424
13.639999999999754,587.1501676701336,-30.130824400736437,1191.0767523083946,191.0767523083946,1954.4676852220691,1954.0059307047904,590.0289848121498,-30.063756554854635,586.7789255538644,-30.276416151346798
13.649999999999753,586.8488604655842,-30.130616509152798,1191.070111785724,191.07011178572407,1954.3058219669904,1954.123474705136,589.772516103151,-30.019892121923196,587.4642977221615,-29.625112225540246
13.659999999999753,586.5475553423541,-30.130408136847606,1191.0634711055216,191.06347110552156,1954.352183576539,1953.955798287972,589.4781640700801,-30.057338154020698,586.8289957724413,-30.39435244289822
13.669999999999753,586.2462523025082,-30.130199832345525,1191.056830489784,191.05683048978403,1954.3332115203455,1954.1263843321503,589.2543259489079,-30.08055344878754,587.2397828583579,-30.289491101689116
13.679999999999753,585.9449513407483,-30.129992519649917,1191.050190312463,191.05019031246297,1954.2041856086878,1954.0987727073777,588.9066315990333,-30.075227220839093,585.7773824501626,-30.02729116930303
13.689999999999753,585.6436524602343,-30.129783583126883,1191.0435495149882,191.04354951498817,1954.3866968585103,1954.0282694607129,588.6580417061891,-30.055063577771307,586.4207326705917,-29.873590790161217
13.699999999999752,585.342355661167,-30.129576230347084,1191.0369093954866,191.03690939548665,1954.1871692997809,1953.977754717031,588.3472163767051,-30.048616187125344,585.5497884113479,-29.990589671311653
13.709999999999752,585.0410609359024,-30.129368822579856,1191.0302692907505,191.03026929075054,1954.1828238271912,1953.991206532959,588.0187765660571,-30.039947265235238,585.062818270224,-29.961926968224304
13.719999999999752,584.7397682845755,-30.12916144281402,1191.0236292343657,191.02362923436567,1954.168594085923,1953.9716720398533,587.5643977340243,-30.05776690676521,583.4749882457284,-30.21814368053496
13.729999999999752,584.4384777066836,-30.12895413557564,1191.016989244351,191.01698924435095,1954.1490613020178,1954.0228020961151,587.263871828036,-30.09941605215484,584.559138674142,-30.47425836066149
13.739999999999752,584.1371892048068,-30.128746239764485,1191.0103490531621,191.01034905316214,1954.2082668836515,1954.0805288927054,586.9705197316036,-30.108483207545387,584.3303508637125,-30.19008760606032
13.749999999999751,583.8359027771173,-30.128539298105494,1191.0037092851321,191.00370928513212,1954.083731217053,1954.0091413806765,586.7448318210708,-30.063298224844953,584.713640626275,-29.656633380541038
13.759999999999751,583.5346184185265,-30.12833242004426,1190.9970695798556,190.99706957985563,1954.0652628719627,1953.8672881889356,586.4005202023604,-30.074326775711885,583.3017156339674,-30.173583733514267
13.76999999999975,583.2333361375829,-30.128123768688557,1190.9904291939636,190.99042919396356,1954.2655680398752,1953.974473208956,586.0801044176023,-30.093256259294343,583.1963623547787,-30.263621611536443
13.77999999999975,582.9320559459545,-30.127914556980063,1190.983788618328,190.98378861832794,1954.3214095432452,1953.9889823910332,585.775050819639,-30.11947055112954,583.0295684379686,-30.35539917764634
13.78999999999975,582.6307778378005,-30.127707073847617,1190.9771487792443,190.97714877924432,1954.104642277005,1954.0059014209264,585.4040927547082,-30.10161286668434,582.0654701703317,-29.940893706677535
13.79999999999975,582.329501806617,-30.127499162836788,1190.9705088040241,190.97050880402412,1954.1447073099355,1953.8980720868276,585.1281101391103,-30.128330969089387,582.6442665987279,-30.368793890734786
13.80999999999975,582.0282278565322,-30.127290854135392,1190.9638687048862,190.96386870488618,1954.181176271276,1953.989825951874,584.8628896823906,-30.147174289468946,582.4759055719135,-30.31676417288499
13.81999999999975,581.7269559834812,-30.127083756069293,1190.9572291326854,190.95722913268537,1954.0260987020376,1953.9727410874093,584.5619545744016,-30.120554915750606,581.8535386025002,-29.880980552285557
13.82999999999975,581.425686185623,-30.12687581556836,1190.9505892565878,190.95058925658782,1954.1155354762327,1953.857749905389,584.2466471072886,-30.107544778368148,581.4088799032712,-29.990453541926023
13.83999999999975,581.1244184630257,-30.126668703902002,1190.9439497529156,190.94394975291561,1954.0059307047904,1953.8677067100916,583.9086027606679,-30.115351168424375,580.8662036410819,-30.185608678930432
13.84999999999975,580.8231528169372,-30.12646051378432,1190.9373098498415,190.93730984984154,1954.123474705136,1953.9024869640482,583.5897647947509,-30.138859453356577,580.720223101497,-30.35043401774639
13.859999999999749,580.5218892461677,-30.12625364012164,1190.930670516514,190.93067051651406,1953.955798287972,1953.9348882532863,583.2741385317369,-30.184057420998997,580.4335021646098,-30.590839129780765
13.869999999999749,580.220627751754,-30.126045242616144,1190.9240306035533,190.92403060355332,1954.1263843321503,1953.9901108825372,582.9442297663816,-30.186802467961805,579.975050878183,-30.211507890627043
13.879999999999749,579.9193683406136,-30.125836985477214,1190.917390784414,190.917390784414,1954.0987727073777,1953.8958209056632,582.62893463618,-30.18795084308947,579.7912784643659,-30.198286219238447
13.889999999999748,579.6181110095418,-30.125629228863854,1190.9107512048372,190.9107512048372,1954.0282694607129,1953.882445242551,582.3247640635233,-30.167335436124326,579.5872289096118,-29.981796773438035
13.899999999999748,579.3168557543729,-30.12542180494279,1190.904111796904,190.9041117969041,1953.977754717031,1953.8178538559682,582.0676990863149,-30.18263702981162,579.7541142914391,-30.32035137299727
13.909999999999748,579.0156025744652,-30.125214176594067,1190.8974723432632,190.8974723432632,1953.991206532959,1953.886582813265,581.7023293923604,-30.208156076857158,578.4140021467706,-30.437827500266998
13.919999999999748,578.7143514704782,-30.125006620801752,1190.8908329559983,190.89083295599835,1953.9716720398533,1953.909021328606,581.3791714541125,-30.210398770786114,578.4707500098807,-30.230583016146706
13.929999999999747,578.4131024446532,-30.12479854419203,1190.884193394999,190.8841933949991,1954.0228020961151,1953.8528341619685,581.0440647498566,-30.240722248054205,578.0281044115544,-30.513633543466998
13.939999999999747,578.1118555024754,-30.12458989136306,1190.8775536378503,190.87755363785027,1954.0805288927054,1953.913401378462,580.7280377837448,-30.223666213781673,577.8837950887382,-30.070161905328867
13.949999999999747,577.810610644286,-30.124381746500376,1190.8709141232687,190.87091412326868,1954.0091413806765,1953.7993579316633,580.4660465430907,-30.230460458646792,578.1081253772038,-30.29160866243287
13.959999999999747,577.5093678620469,-30.124174701328503,1190.864275090689,190.86427509068903,1953.8672881889356,1953.8396995987491,580.1497287838791,-30.247632832180383,577.3028689509753,-30.402184193982695
13.969999999999747,577.2081271552172,-30.12396666462709,1190.857635693906,190.8576356939061,1953.974473208956,1953.8582868100737,579.8539966624942,-30.260719074450776,577.1924075700298,-30.378495254884335
13.979999999999746,576.906888529821,-30.123758414607746,1190.8509962478226,190.85099624782265,1953.9889823910332,1953.8459018458943,579.587942239889,-30.300599003224498,577.1934524364416,-30.659518362187978
13.989999999999746,576.6056519880929,-30.123549931031064,1190.84435674425,190.84435674425004,1954.0059014209264,1953.9086732806325,579.2717317310868,-30.273860875829403,576.4258371518666,-30.03321772927354
13.999999999999746,576.3044175271305,-30.123342261455935,1190.83771760707,190.8377176070701,1953.8980720868276,1953.7513121088098,578.9841920365072,-30.17801800447264,576.3963347852917,-29.315432162261786
14.009999999999746,576.0031851471737,-30.12313372990658,1190.8310781581201,190.83107815812014,1953.989825951874,1953.5544257829765,578.7035813488022,-30.202651214921296,576.1780851594576,-30.424350108959185
14.019999999999746,575.7019548522724,-30.122925250341957,1190.8244387672228,190.82443876722277,1953.9727410874093,1953.7969386445127,578.3986454867947,-30.247966008467355,575.6542227287279,-30.655799150381892
14.029999999999745,575.400726637796,-30.122717644936007,1190.8177997670532,190.8177997670532,1953.857749905389,1953.8502033942268,578.0948236144301,-30.260432853824245,575.3604267631476,-30.372634462036235
14.039999999999745,575.0995005002491,-30.12250986444186,1190.8111607330516,190.81116073305157,1953.8677067100916,1953.7799857402522,577.84106081679,-30.26312676312387,575.5571956380292,-30.28737194682052
14.049999999999745,574.7982764424248,-30.12230170039878,1190.8045215808702,190.8045215808702,1953.9024869640482,1953.7510315877048,577.5309440835638,-30.268110992093497,574.7398934845272,-30.3129690528201
14.059999999999745,574.497054468059,-30.12209317277865,1190.7978823185927,190.79788231859266,1953.9348882532863,1953.7473489149959,577.314497689606,-30.26314649314555,575.3664801439857,-30.218466002614026
14.069999999999744,574.1958345817454,-30.121884089928436,1190.7912428686745,190.79124286867454,1953.9901108825372,1953.7142136047971,577.0942592309939,-30.22459569996029,575.1121131034851,-29.877638561292954
14.079999999999744,573.8946167827587,-30.12167570741297,1190.7846037391437,190.78460373914368,1953.8958209056632,1953.6170097108625,576.7983983225372,-30.203241706286036,574.1356501464264,-30.011055763217712
14.089999999999744,573.5934010674929,-30.121467345740278,1190.777964655062,190.77796465506208,1953.882445242551,1953.6299709232076,576.4975884619436,-30.25289444761183,573.790299716601,-30.699769119543962
14.099999999999744,573.2921874335891,-30.12125943501427,1190.771325790455,190.77132579045497,1953.8178538559682,1953.7860554476583,576.1631041894005,-30.214376207216546,573.1527457365137,-29.867712043658972
14.109999999999744,572.9909758821359,-30.121050855629676,1190.7646866923142,190.76468669231417,1953.886582813265,1953.5796994033549,575.8434464995004,-30.247199367461967,572.9665272903989,-30.54260780967075
14.119999999999743,572.6897664178762,-30.120841996321325,1190.7580475179298,190.75804751792975,1953.909021328606,1953.7280384457708,575.5254582688091,-30.18344046486024,572.6635641925874,-29.60961034144468
14.129999999999743,572.3885590403077,-30.120633517384444,1190.7514085344633,190.75140853446328,1953.8528341619685,1953.492239406273,575.2741129317357,-30.17901989039364,573.012004898075,-30.139234720194253
14.139999999999743,572.0873537505292,-30.120424438315762,1190.744769345196,190.7447693451959,1953.913401378462,1953.5979506220942,575.0030094774679,-30.184155555796895,572.5630783890583,-30.23037654442618
14.149999999999743,571.7861505472101,-30.120216225504496,1190.738130543436,190.738130543436,1953.7993579316633,1953.6088754479224,574.5961300051009,-30.205495602411542,570.9342147537968,-30.397556021943362
14.159999999999743,571.4849494281705,-30.12000758241597,1190.7314916045993,190.73149160459934,1953.8396995987491,1953.6411993748015,574.3631563858332,-30.205166592866863,572.2663938124246,-30.20220550696476
14.169999999999742,571.1837503967997,-30.11979869174174,1190.7248526026053,190.72485260260532,1953.8582868100737,1953.586941676795,574.0330465879612,-30.2056249486426,571.0620584071122,-30.209750150624203
14.179999999999742,570.8825534542731,-30.11958981359012,1190.718213642694,190.71821364269408,1953.8459018458943,1953.5779904020935,573.813204104071,-30.14824266767649,571.8346217490596,-29.631802138981502
14.189999999999742,570.5813586036212,-30.119380316776404,1190.7115744694922,190.71157446949223,1953.9086732806325,1953.4228628730705,573.6009585656985,-30.150127788898487,571.6907487203453,-30.16709387989642
14.199999999999742,570.2801658417872,-30.1191720500391,1190.7049358309869,190.70493583098687,1953.7513121088098,1953.5315847774707,573.2836605177448,-30.192531491495174,570.4279780861607,-30.574164814865338
14.209999999999742,569.9789751548103,-30.118965345346812,1190.6982978614803,190.69829786148034,1953.5544257829765,1953.62306919714,573.0270387027573,-30.220208263418378,570.7174423678695,-30.469299210727193
14.219999999999741,569.6777865455213,-30.11875651246149,1190.691659067941,190.69165906794092,1953.7969386445127,1953.596700211154,572.7029522652218,-30.242982164151677,569.7861743274026,-30.447947270751346
14.229999999999741,569.3766000272552,-30.11854714074452,1190.6850200934136,190.68502009341364,1953.8502033942268,1953.587526573607,572.3408737000882,-30.25565653474245,569.0821666138859,-30.36972587005943
14.23999999999974,569.0754156002153,-30.11833826725767,1190.6783813574784,190.67838135747843,1953.7799857402522,1953.562909559883,571.9839341270672,-30.25809838908844,568.7714779698773,-30.280075078202362
14.24999999999974,568.7742332611517,-30.11812954545523,1190.6717427199262,190.67174271992621,1953.7510315877048,1953.5329107023513,571.6355506007294,-30.21910148737171,568.5000988636892,-29.868129371921135
14.25999999999974,568.473053009609,-30.117920763094677,1190.6651040948875,190.6651040948875,1953.7473489149959,1953.419780146533,571.2640577019642,-30.20236717213359,567.9206216130777,-30.051758334990517
14.26999999999974,568.1718748449558,-30.117712167538414,1190.658465582439,190.65846558243902,1953.7142136047971,1953.4451835893085,571.0157373738788,-30.20929756260948,568.7808544211086,-30.27167107689243
14.27999999999974,567.8706987626337,-30.11750429688379,1190.651827400279,190.651827400279,1953.6170097108625,1953.485223805808,570.665337568217,-30.207033974792317,567.5117393172599,-30.186661684437865
14.28999999999974,567.5695247600198,-30.117296225893057,1190.645189174078,190.64518917407804,1953.6299709232076,1953.454950200214,570.4147425478153,-30.19223697097379,568.1593873642001,-30.05906393660705
14.29999999999974,567.2683528451279,-30.117086752498192,1190.6385504175187,190.63855041751867,1953.7860554476583,1953.4117309398564,570.0735428628162,-30.170205649590592,567.002745697824,-29.97192375714178
14.30999999999974,566.9671830167615,-30.116878920761867,1190.631912362135,190.63191236213493,1953.5796994033549,1953.3754918584093,569.707792270719,-30.144432191394433,566.4160369418433,-29.91247106762898
14.31999999999974,566.6660152733994,-30.116669751663,1190.625273802711,190.62527380271104,1953.7280384457708,1953.3443672059636,569.4240449363722,-30.150890201555455,566.8703189272502,-30.209012293004665
14.329999999999739,566.3648496122834,-30.116462471535584,1190.6186360445072,190.61863604450718,1953.492239406273,1953.4013046814919,569.076196114041,-30.17404785622197,565.9455567130598,-30.382466748220622
14.339999999999739,566.0636860288653,-30.11625421206879,1190.611997927108,190.61199792710795,1953.5979506220942,1953.4355296295457,568.8016859723407,-30.13139907673198,566.3310946970382,-29.74756006132207
14.349999999999739,565.7625245289581,-30.116045769361598,1190.6053597725872,190.60535977258724,1953.6088754479224,1953.271838621301,568.465904440651,-30.1161121448884,565.4438706554437,-29.97852975829615
14.359999999999738,565.4613651152929,-30.115836963678515,1190.5987215082332,190.5987215082332,1953.6411993748015,1953.3081650403485,568.061099157185,-30.13362315868713,564.4178516059918,-30.291222282875676
14.369999999999738,565.1602077878633,-30.11562852222477,1190.592083428241,190.59208342824104,1953.586941676795,1953.371762450279,567.7694570736094,-30.159114197550352,565.1446783214279,-30.38853354731932
14.379999999999738,564.8590525449299,-30.115420064470065,1190.5854453786644,190.58544537866442,1953.5779904020935,1953.3897143302522,567.431591302002,-30.174778170936392,564.3907993575351,-30.315753931410732
14.389999999999738,564.5578993805167,-30.11521281818249,1190.5788078561945,190.57880785619454,1953.4228628730705,1953.3671385456767,567.1588317462697,-30.174441506213192,564.7039957446799,-30.1714115237044
14.399999999999737,564.2567482935896,-30.115004567238604,1190.5721699642993,190.5721699642993,1953.5315847774707,1953.3242161506955,566.7567118393354,-30.232118816894786,563.1376326769271,-30.751214613029124
14.409999999999737,563.9555992934714,-30.114795456405318,1190.5655317615497,190.56553176154966,1953.62306919714,1953.4583293719757,566.4462573258561,-30.206655883264233,563.6521667045429,-29.977489480589252
14.419999999999737,563.6544523838116,-30.114586475563073,1190.5588936483991,190.55889364839913,1953.596700211154,1953.2685635280816,566.0297015895154,-30.212440847778666,562.280699962449,-30.264505528408563
14.429999999999737,563.3533075640324,-30.11437748028366,1190.5522555664197,190.55225556641972,1953.587526573607,1953.323198063325,565.7357497941413,-30.16098437768291,563.0901836357738,-29.697876146821127
14.439999999999737,563.0521648336296,-30.114168600283424,1190.545617568086,190.54561756808607,1953.562909559883,1953.17223326625,565.4481402075045,-30.144813130400735,562.8596539277731,-29.999271904861146
14.449999999999736,562.7510241912244,-30.113959880769652,1190.5389796716854,190.5389796716854,1953.5329107023513,1953.2239645309355,565.1854914628808,-30.205644799831845,562.8216527612681,-30.753129824711813
14.459999999999736,562.4498856317205,-30.113752020014978,1190.5323421596904,190.53234215969042,1953.419780146533,1953.3976328069086,564.9503412405963,-30.189993626686473,562.8339892400363,-30.04913306837809
14.469999999999736,562.1487491523483,-30.11354385440357,1190.525704561377,190.5257045613771,1953.4451835893085,1953.2260887657512,564.6955954637554,-30.064561518265094,562.4028834721855,-28.935672542472673
14.479999999999736,561.8476147567712,-30.113335260987053,1190.5190668270116,190.51906682701156,1953.485223805808,1952.933057931721,564.3065917460821,-30.017697993044457,560.805558287022,-29.595926266058722
14.489999999999736,561.5464824463144,-30.11312683037362,1190.5124291955124,190.51242919551237,1953.454950200214,1953.0560102058398,564.0162084401353,-30.018621009645287,561.4027586866142,-30.026928159052716
14.499999999999735,561.245352218806,-30.112918671306687,1190.5057917108677,190.5057917108677,1953.4117309398564,1953.1412918347546,563.7368472057374,-30.04077786581337,561.2225960961554,-30.240189571326102
14.509999999999735,560.9442240718237,-30.112710725159268,1190.4991543493595,190.49915434935951,1953.3754918584093,1953.1840852168486,563.429093245934,-30.038085889680772,560.6593076077042,-30.013858104487365
14.519999999999735,560.643098003453,-30.112502948975052,1190.4925170936096,190.49251709360965,1953.3443672059636,1953.122289038538,563.0746350368523,-30.023010220584545,559.8845111551171,-29.887329198718522
14.529999999999735,560.3419740156929,-30.11229460304567,1190.4858796443923,190.4858796443923,1953.4013046814919,1953.0792314637474,562.7805592144922,-30.06584073900187,560.1338768132503,-30.451315404757775
14.539999999999734,560.040852113287,-30.112085878145773,1190.4792420788822,190.47924207888218,1953.4355296295457,1953.2057064302512,562.484087861472,-30.032750776410385,559.8158456842891,-29.734941113087
14.549999999999734,559.7397322917125,-30.11187843675931,1190.4726050695767,190.47260506957673,1953.271838621301,1953.0265676308115,562.1828855501452,-30.02990993389899,559.4720647482044,-30.004342351296422
14.559999999999734,559.4386145465348,-30.111670598756803,1190.4659679368378,190.46596793683784,1953.3081650403485,1953.0748934946412,561.8719106359985,-30.015348344887062,559.0731364086771,-29.884294043779718
14.569999999999734,559.1374988828658,-30.11146213505384,1190.4593305880019,190.45933058800188,1953.371762450279,1953.033419052097,561.6327448476247,-29.96950145890485,559.4802527522609,-29.55687948506492
14.579999999999734,558.8363853050452,-30.111253429068352,1190.4526931781672,190.45269317816724,1953.3897143302522,1952.9371725100511,561.3443306960919,-29.963617011778467,558.7486033322956,-29.91065698764098
14.589999999999733,558.5352738137935,-30.111044821235893,1190.4460558450428,190.4460558450428,1953.3671385456767,1953.0034025602674,561.068328384839,-29.93948363926832,558.584307583563,-29.72228328667699
14.599999999999733,558.234164407275,-30.11083648247447,1190.439418657764,190.439418657764,1953.3242161506955,1952.9440855435835,560.7489703677021,-29.934268764202617,557.8747482134706,-29.887334888611285
14.609999999999733,557.9330570902345,-30.110626925643977,1190.432781014783,190.4327810147829,1953.4583293719757,1952.9685628575476,560.4576441751495,-29.953830225660006,557.8357084421762,-30.129883378776526
14.619999999999733,557.6319518612491,-30.110418871407912,1190.4261440166058,190.4261440166058,1953.2685635280816,1953.017143279693,560.179662567982,-29.961921878341997,557.6778281034733,-30.034746752479908
14.629999999999733,557.3308487155583,-30.11021026674242,1190.4195068327863,190.41950683278628,1953.323198063325,1952.9874975514367,559.8889697305835,-29.970309321686923,557.2727341939974,-30.045796311791264
14.639999999999732,557.0297476500308,-30.110002838755435,1190.412870161929,190.41287016192905,1953.17223326625,1952.9815306166472,559.6819534254064,-29.954715182825318,557.8188066788119,-29.81436793307087
14.649999999999732,556.7286486614134,-30.10979488472966,1190.4062333152945,190.40623331529446,1953.2239645309355,1952.9150189760148,559.430080678632,-29.98388933879647,557.1632259576619,-30.24645674253682
14.659999999999732,556.4275517600881,-30.109585380325715,1190.3995958785538,190.39959587855378,1953.3976328069086,1953.0083909521177,559.0853657453662,-29.96779992620226,555.982931345974,-29.82299521285439
14.669999999999732,556.1264569470591,-30.109377225488227,1190.3929590247014,190.39295902470144,1953.2260887657512,1952.89906646117,558.833277205162,-29.937777535858327,556.564480343324,-29.667576022762933
14.679999999999731,555.8253642037276,-30.109171440800694,1190.3863231665366,190.3863231665366,1952.933057931721,1952.8454376072577,558.5022868737201,-29.961803386013376,555.5233738907431,-30.1780360374088
14.689999999999731,555.5242735238647,-30.108964531781353,1190.379686890593,190.3796868905929,1953.0560102058398,1952.9547969231062,558.1225113306083,-29.988293633772,554.704531442602,-30.226705863599616
14.699999999999731,555.2231849171314,-30.10875681487099,1190.3730503248714,190.37305032487143,1953.1412918347546,1952.962220075164,557.8824072147895,-30.014334813258742,555.7214701724212,-30.24870542863945
14.70999999999973,554.9220983898222,-30.108548646988798,1190.3664136137427,190.36641361374268,1953.1840852168486,1952.9635912918945,557.6184003220528,-30.029471289811685,555.2423382874226,-30.16569957878814
14.71999999999973,554.6210139420534,-30.10834090676107,1190.3597771125906,190.35977711259056,1953.122289038538,1952.938598652275,557.334864535464,-30.071788993201093,554.7830424561643,-30.452648323705773
14.72999999999973,554.3199315703357,-30.10813343677581,1190.3531407577436,190.35314075774363,1953.0792314637474,1953.003368825776,557.0376317114329,-30.165157516685586,554.3625362951526,-31.005474228046026
14.73999999999973,554.0188512790878,-30.107924812817487,1190.3465039731482,190.34650397314817,1953.2057064302512,1953.1414038328567,556.7264088602903,-30.208348443610234,553.9254032000068,-30.59706678593203
14.74999999999973,553.7177730670122,-30.107717602302632,1190.3398677972473,190.33986779724728,1953.0265676308115,1953.0518925121546,556.4858450067899,-30.17496313889654,554.3207703252856,-29.87449539647328
14.75999999999973,553.416696929529,-30.107509894333404,1190.3332314571403,190.3332314571403,1953.0748934946412,1952.8712967915615,556.2022637481621,-30.122587627625443,553.650032420512,-29.65120802618559
14.76999999999973,553.1156228678408,-30.10730244331516,1190.326595257959,190.32659525795907,1953.033419052097,1952.796377751838,555.8461538340887,-30.06863821325695,552.6411646074283,-29.58309348394049
14.77999999999973,552.8145508770772,-30.107095709396166,1190.3199593858133,190.31995938581326,1952.9371725100511,1952.7555045957854,555.5896031166005,-30.07958062148744,553.2806466592074,-30.17806229556185
14.78999999999973,552.5134809568922,-30.106888327606416,1190.3133232886248,190.31332328862482,1953.0034025602674,1952.8800093322225,555.3387719079889,-30.115500197471686,553.0812910304836,-30.438776381329905
14.799999999999729,552.2124131084908,-30.106681352675245,1190.3066873929893,190.30668739298926,1952.9440855435835,1952.9371729782767,554.9849103199626,-30.132876004689233,551.8001560277269,-30.289258269647156
14.809999999999729,551.9113473313242,-30.106474080637355,1190.3000514141825,190.30005141418246,1952.9685628575476,1952.8980231934224,554.6511051356956,-30.161932541566852,551.6468584772922,-30.42344137346543
14.819999999999729,551.6102836293761,-30.10626630899222,1190.2934152703044,190.29341527030442,1953.017143279693,1952.9251626355144,554.4081771384185,-30.164131550320484,552.2218251629238,-30.18392262910317
14.829999999999728,551.3092220043565,-30.106058694932553,1190.2867792271595,190.2867792271595,1952.9874975514367,1952.8617965305607,554.1159068734302,-30.175434805774103,551.4854744885349,-30.277164104856656
14.839999999999728,551.0081624556841,-30.10585103952799,1190.2801432042895,190.28014320428952,1952.9815306166472,1952.8749062617928,553.7141022666282,-30.16037470839775,550.0978608054098,-30.024833832010565
14.849999999999728,550.7071049812293,-30.10564385143764,1190.273507407419,190.27350740741895,1952.9150189760148,1952.8038991503952,553.3177897893173,-30.156960644084307,549.7509774935195,-30.126234065263283
14.859999999999728,550.406049583035,-30.10543578741876,1190.2668712932805,190.26687129328047,1953.0083909521177,1952.814734193434,552.9582000167475,-30.092189878440827,549.7218920636186,-29.509252987649518
14.869999999999727,550.104996261346,-30.105228550406952,1190.2602355506149,190.26023555061488,1952.89906646117,1952.648884903048,552.7184477773161,-30.090321131899294,550.5606776224333,-30.07350241302551
14.879999999999727,549.8039450102315,-30.105021672488327,1190.2535999901745,190.2535999901745,1952.8454376072577,1952.7630046648628,552.4901828344904,-30.11718066528217,550.4357983490588,-30.358916465728047
14.889999999999727,549.5028958329475,-30.10481378431274,1190.2469640581428,190.2469640581428,1952.9547969231062,1952.8231413834897,552.2186281032697,-30.109949664173666,549.7746355222826,-30.044870654197126
14.899999999999727,549.2018487353145,-30.10460574229248,1190.240328100888,190.24032810088806,1952.962220075164,1952.7405946040612,551.9301511705409,-30.071244666982345,549.3338587759813,-29.72289969226045
14.909999999999727,548.9008037186167,-30.10439759727182,1190.233692138974,190.233692138974,1952.9635912918945,1952.6475438625473,551.6638410304874,-30.065898250126544,549.2670497700066,-30.01778049842431
14.919999999999726,548.5997607827766,-30.104189570751057,1190.2270562619824,190.2270562619824,1952.938598652275,1952.7008375564897,551.2746886339049,-30.09852877104738,547.7723170646624,-30.392203459334898
14.929999999999726,548.29871993038,-30.103980908567227,1190.2204201649085,190.22042016490855,1953.003368825776,1952.782356571777,550.9709563168726,-30.096272813571066,548.2373654635821,-30.07596919628423
14.939999999999726,547.9976811708615,-30.103770995153354,1190.2137835988065,190.21378359880646,1953.1414038328567,1952.7007051589849,550.6171186160378,-30.024672331461943,547.4325793085245,-29.38026799247983
14.949999999999726,547.6966445071743,-30.10356174229958,1190.2071473368544,190.2071473368544,1953.0518925121546,1952.5154646315793,550.4008909079141,-30.014497722933932,548.4548415348011,-29.922926246181834
14.959999999999726,547.3956099288863,-30.10335391529937,1190.2005116885473,190.2005116885473,1952.8712967915615,1952.6224783301152,550.1039646530755,-30.029749611267512,547.4316283595282,-30.167016606269716
14.969999999999725,547.0945774261784,-30.10314662628736,1190.193876294807,190.19387629480707,1952.796377751838,1952.6702075177475,549.7554300073847,-30.034764897213932,546.6186181961673,-30.0799024707317
14.979999999999725,546.7935469951009,-30.102939589219794,1190.1872410399494,190.1872410399494,1952.7555045957854,1952.6414926180873,549.4721293331635,-30.07883518367897,546.9224232651723,-30.47546776186428
14.989999999999725,546.4925186400818,-30.102731414589844,1190.180605362038,190.18060536203802,1952.8800093322225,1952.7308886494877,549.1908770847176,-30.0858825782348,546.6596068487042,-30.149309129237267
14.999999999999725,546.1914923696679,-30.102522668184637,1190.1739694898906,190.17396948989062,1952.9371729782767,1952.6496167647308,548.7955482353187,-30.113358137553167,545.2375885907292,-30.360638171418486
15.009999999999724,545.8904681855308,-30.102314159233373,1190.16733375077,190.16733375077,1952.8980231934224,1952.6934607610362,548.4843599536689,-30.055623110000983,545.68366541882,-29.536007862031315
15.019999999999724,545.5894460880809,-30.10210533076653,1190.1606979194326,190.16069791943255,1952.9251626355144,1952.4834221761437,548.2226962233368,-30.100335779150534,545.8677226503478,-30.5027498014965
15.029999999999724,545.288426076711,-30.1018969432274,1190.1540623034064,190.15406230340636,1952.8617965305607,1952.6999238573553,547.9535710231451,-30.146911015226372,545.5314442214197,-30.566088139908906
15.039999999999724,544.9874081502246,-30.101688354052968,1190.1474266428347,190.14742664283472,1952.8749062617928,1952.7161869112833,547.7110892885474,-30.15652248866357,545.5287536771682,-30.24302574959833
15.049999999999724,544.6863923071043,-30.101480270017035,1190.1407912235375,190.14079122353746,1952.8038991503952,1952.6363153525986,547.4039377809662,-30.11124436737265,544.6395742127347,-29.70374127575438
15.059999999999723,544.3853785457369,-30.101272003460725,1190.134155767424,190.1341557674241,1952.814734193434,1952.4931477232353,547.0377236790141,-30.152160676534844,543.7417967614448,-30.520407458994622
15.069999999999723,544.0843668605248,-30.101065038956424,1190.1275208748489,190.12752087484887,1952.648884903048,1952.675245299819,546.7132080308479,-30.115899747246424,543.7925671973518,-29.78955138365063
15.079999999999723,543.7833572502095,-30.1008570240974,1190.1208855945067,190.12088559450672,1952.7630046648628,1952.4920118323016,546.3442556490103,-30.199360142874838,543.0236842124712,-30.950503703530572
15.089999999999723,543.4823497230268,-30.100648412459535,1190.1142501098266,190.11425010982657,1952.8231413834897,1952.7624355257954,546.0355071134916,-30.17293674583598,543.2567702938223,-29.935126172486257
15.099999999999723,543.1813442789497,-30.10044040293924,1190.1076149056314,190.1076149056314,1952.7405946040612,1952.5187067567595,545.8101039175243,-30.179581952408867,543.7814751538191,-30.239388811564858
15.109999999999722,542.880340911516,-30.100233083807705,1190.1009800176128,190.10098001761276,1952.6475438625473,1952.5774175364731,545.4965562865676,-30.13703004352108,542.674627607958,-29.75406286353098
15.119999999999722,542.57933961997,-30.100025225396163,1190.0943449485078,190.0943449485078,1952.7008375564897,1952.446998832518,545.1113475349231,-30.14498518496408,541.6444687701223,-30.216581457951065
15.129999999999722,542.2783404108905,-30.099816590527332,1190.08770960241,190.0877096024101,1952.782356571777,1952.5412416919507,544.8375680170161,-30.126991763881858,542.373552355853,-29.96505097414182
15.139999999999722,541.9773432851864,-30.09960855026775,1190.081074533755,190.0810745337551,1952.7007051589849,1952.469598595681,544.5260552091736,-30.123220212169272,541.7224399385909,-30.089276246755997
15.149999999999721,541.6763482325597,-30.09940197506533,1190.0744400945277,190.07444009452774,1952.5154646315793,1952.4854077473428,544.1166681438416,-30.140585840828894,540.4321845558532,-30.296876498765485
15.159999999999721,541.3753552506384,-30.09919440918084,1190.0678052916792,190.06780529167918,1952.6224783301152,1952.5256171308688,543.865212290149,-30.16591551869173,541.6021096069156,-30.393882619457244
15.169999999999721,541.0743643468387,-30.098986350759,1190.061170326652,190.06117032665202,1952.6702075177475,1952.5434616875918,543.5890767068975,-30.145816426874376,541.1038564576335,-29.964924600518188
15.17999999999972,540.7733755228742,-30.09877844214635,1190.054535459195,190.054535459195,1952.6414926180873,1952.4318059589789,543.2903791284523,-30.13599871527168,540.6021009224453,-30.04763931084738
15.18999999999972,540.4723887822092,-30.09856969086256,1190.0479002879797,190.0479002879797,1952.7308886494877,1952.4367113783264,542.9604434655638,-30.13845415122165,539.991022499567,-30.160553074771375
15.19999999999972,540.1714041260999,-30.09836153102049,1190.0412653929177,190.0412653929177,1952.6496167647308,1952.451736414038,542.7120503400969,-30.129735700372482,540.4765122108945,-30.05126964272996
15.20999999999972,539.8704215538885,-30.098152911273036,1190.0346303488784,190.0346303488784,1952.6934607610362,1952.4142808850147,542.3985608979979,-30.119850929333815,539.5771559191065,-30.0308879899858
15.21999999999972,539.5694410595071,-30.097945965018003,1190.0279960185278,190.0279960185278,1952.4834221761437,1952.3962570877727,542.1513794036806,-30.17915867125956,539.9267459548254,-30.712928348591245
15.22999999999972,539.268462644142,-30.09773710799623,1190.0213609525276,190.02136095252763,1952.6999238573553,1952.5535483694966,541.9210414309746,-30.18110415709366,539.8479996766199,-30.198613529600554
15.23999999999972,538.9674863184879,-30.097528022823607,1190.0147258312672,190.01472583126724,1952.7161869112833,1952.4290477933098,541.646960416388,-30.1368291359573,539.180231285108,-29.738353945730037
15.24999999999972,538.666512080787,-30.097319517340715,1190.008090981402,190.0080909814019,1952.6363153525986,1952.303720372359,541.2803318979663,-30.154161404168466,537.9806752321717,-30.310151818068977
15.25999999999972,538.3655399225831,-30.097112123453897,1190.001456618005,190.00145661800502,1952.4931477232353,1952.4248526283777,540.9744252656343,-30.171969081730744,538.2212655746453,-30.332238179791226
15.269999999999719,538.0645698464266,-30.096903107864545,1189.99482163586,189.99482163586003,1952.675245299819,1952.423959617158,540.7701865525054,-30.190165647158928,538.932038134345,-30.353934736012583
15.279999999999719,537.7636018531844,-30.096695540568174,1189.9881872763226,189.9881872763226,1952.4920118323016,1952.4230870045294,540.441750743599,-30.174686965551764,537.485828463441,-30.035378831087282
15.289999999999718,537.462635947435,-30.096485609306626,1189.9815519979145,189.9815519979145,1952.7624355257954,1952.3372495072042,540.0837317876787,-30.178737251279937,536.861561184397,-30.215189822833505
15.299999999999718,537.1616721312149,-30.09627763471678,1189.9749175476707,189.97491754767066,1952.5187067567595,1952.367583433718,539.807398485095,-30.180477101755095,537.32039876184,-30.196135756031534
15.309999999999718,536.8607103976649,-30.09606907526949,1189.968282897934,189.96828289793393,1952.5774175364731,1952.3530846790543,539.508060333407,-30.187916262479987,536.8140169682149,-30.254868709004
15.319999999999718,536.5597507446869,-30.09586152032124,1189.961648691346,189.961648691346,1952.446998832518,1952.357454747343,539.137505859076,-30.169062991923937,535.8025155900965,-29.99938355691947
15.329999999999718,536.2587931716757,-30.095653081916193,1189.955014164531,189.9550141645309,1952.5412416919507,1952.2846958348305,538.9373812439184,-30.16116995199966,537.1362597074993,-30.09013259268116
15.339999999999717,535.9578376804957,-30.095445154092413,1189.9483798811514,189.94837988115137,1952.469598595681,1952.2919218426916,538.6506900934385,-30.13381578955543,536.0704697391195,-29.887628327557355
15.349999999999717,535.6568842697155,-30.09523700193423,1189.9417455440541,189.94174554405413,1952.4854077473428,1952.2285749773546,538.2878429862388,-30.078882471049425,535.0222190214422,-29.58448260449535
15.359999999999717,535.355932942604,-30.0950284203844,1189.9351110703296,189.93511107032964,1952.5256171308688,1952.1352023798806,538.0047684216966,-30.03154135901025,535.4570973408154,-29.605471350657666
15.369999999999717,535.0549837025152,-30.094819597386216,1189.9284765359712,189.92847653597119,1952.5434616875918,1952.115968389361,537.6731383000023,-29.983327325171114,534.6884672047532,-29.54940102061887
15.379999999999717,534.7540365464221,-30.094611621239256,1189.921842381007,189.92184238100708,1952.4318059589789,1952.0793675831808,537.419985899346,-29.97786455220236,535.1416142934395,-29.928699595483547
15.389999999999716,534.453091470754,-30.094403512388414,1189.915208209375,189.9152082093749,1952.4367113783264,1952.1513913873953,537.1349976792044,-29.9969743067632,534.5701036979306,-30.16896209781075
15.399999999999716,534.1521484772632,-30.094195185787125,1189.9085739866891,189.90857398668913,1952.451736414038,1952.1993439616908,536.896739341934,-30.00248559857015,534.7524143065001,-30.05208722483271
15.409999999999716,533.8512075659218,-30.09398708247929,1189.9019398912733,189.9019398912733,1952.4142808850147,1952.1641552413355,536.4938326791535,-30.045151340812275,532.8676727141282,-30.429143020991393
15.419999999999716,533.5502687353136,-30.093779039163838,1189.8953058571003,189.8953058571003,1952.3962570877727,1952.2490497787533,536.1901839971599,-30.040714141152463,533.4573458592172,-30.000779344214173
15.429999999999715,533.2493319922054,-30.093569582476697,1189.8886712884685,189.88867128846846,1952.5535483694966,1952.1418781597592,535.8932693722195,-30.009430561591078,533.2210377477554,-29.7278783455386
15.439999999999715,532.9483973388899,-30.093361080615097,1189.8820371428762,189.88203714287624,1952.4290477933098,1952.0617956089918,535.5012270756846,-30.013515975398324,531.9728464068705,-30.05028469966355
15.449999999999715,532.6474647657841,-30.093153540544485,1189.8754034231333,189.87540342313332,1952.303720372359,1952.1238289867733,535.1249518834252,-29.998688363048416,531.7384751530905,-29.865239851899233
15.459999999999715,532.3465342736265,-30.092944890974863,1189.8687692917958,189.86876929179584,1952.4248526283777,1952.0678425023007,534.8423871867233,-29.995525716680337,532.2993049164055,-29.96706189936763
15.469999999999715,532.0456058683845,-30.09273615742369,1189.8621351634927,189.86213516349267,1952.423959617158,1952.0788438183133,534.51951490686,-29.96686281280494,531.6136643880897,-29.708896677926365
15.479999999999714,531.7446795508988,-30.092527339718636,1189.8555010381547,189.85550103815467,1952.4230870045294,1952.00276456351,534.2941176044668,-29.961922936405955,532.2655418829282,-29.91746404881507
15.489999999999714,531.4437553184406,-30.092319151936138,1189.8488672044832,189.8488672044832,1952.3372495072042,1952.0369933972158,534.0026055135211,-29.957566839400123,531.3789966950088,-29.9183619663476
15.499999999999714,531.1428331695922,-30.092110617732793,1189.8422332677403,189.8422332677403,1952.367583433718,1952.0252360969512,533.6812836507288,-29.94535454746277,530.7893868855986,-29.83544392002658
15.509999999999714,530.841913105934,-30.091902113898488,1189.8355993802627,189.8355993802627,1952.3530846790543,1951.992670583596,533.4798206409655,-29.927890987306967,531.666653553096,-29.770718945904733
15.519999999999714,530.5409951279553,-30.091693481850797,1189.828965477936,189.82896547793598,1952.357454747343,1951.9626893693676,533.1494579661742,-29.933428717243157,530.1761938930516,-29.983268286668867
15.529999999999713,530.240079233697,-30.09148536982395,1189.8223318228363,189.8223318228363,1952.2846958348305,1952.0007138927504,532.7938630157386,-29.932062673165966,529.5935084618177,-29.919768276471245
15.539999999999713,529.9391654213199,-30.091277105584602,1189.8156981431835,189.81569814318345,1952.2919218426916,1951.9754768014236,532.5309234269398,-30.004078606593797,530.1644671277512,-30.65222200744425
15.549999999999713,529.6382536893806,-30.09106928227193,1189.8090646787764,189.8090646787764,1952.2285749773546,1952.1475021621097,532.1835672609883,-30.021271841063925,529.0573617674244,-30.176010951295062
15.559999999999713,529.337344032208,-30.090862152251393,1189.8024315316395,189.8024315316395,1952.1352023798806,1952.03570716909,531.8839019507533,-30.064515180245238,529.1869141586376,-30.453705232877034
15.569999999999713,529.0364364459847,-30.090655092418135,1189.7957984498578,189.79579844985778,1952.115968389361,1952.0986833497413,531.618604336744,-30.05958496319431,529.2309258106608,-30.01521300973598
15.579999999999712,528.7355309292789,-30.090448248738518,1189.7891654924415,189.7891654924415,1952.0793675831808,1951.989125536265,531.3205835393986,-30.085345036753484,528.6383963632896,-30.317185698786027
15.589999999999712,528.4346274844941,-30.090240708243062,1189.782532290296,189.7825322902961,1952.1513913873953,1952.0526407632503,531.084423290229,-30.03617239050979,528.9589810477023,-29.593618574316572
15.599999999999712,528.1337261175867,-30.090032673236834,1189.775898925213,189.7758989252129,1952.1993439616908,1951.8674432130472,530.7651754987725,-30.05992342629714,527.8919453756633,-30.27368274838328
15.609999999999712,527.8328268300079,-30.089824842510016,1189.7692656796974,189.76926567969736,1952.1641552413355,1952.0144200435684,530.4965010151666,-30.073654449310837,528.0784306627139,-30.19723365643411
15.619999999999711,527.5319296247615,-30.08961620676783,1189.7626321457192,189.76263214571918,1952.2490497787533,1951.9904996717926,530.193074016093,-30.053061030504796,527.4622310244298,-29.867720261250426
15.629999999999711,527.231034501826,-30.08940838032064,1189.7559989758988,189.75599897589882,1952.1418781597592,1951.9008077537055,529.8014022602908,-30.017146695740802,526.2763564580723,-29.69391768286484
15.639999999999711,526.930141454247,-30.089201135496584,1189.7493660781904,189.7493660781904,1952.0617956089918,1951.8414630192985,529.5179102059029,-30.036696934053246,526.9664817164116,-30.212649078865237
15.64999999999971,526.6292504821804,-30.08899327780281,1189.742732969699,189.7427329696991,1952.1238289867733,1951.9514219903201,529.2245825258196,-30.043053687777586,526.5846334050697,-30.100264471296654
15.65999999999971,526.3283615867954,-30.08878579920759,1189.7361000514438,189.73610005144383,1952.0678425023007,1951.9174677622502,528.848400366745,-30.00277875209699,525.4627609350729,-29.640304330971617
15.66999999999971,526.027474767116,-30.088578136670208,1189.7294670958074,189.72946709580742,1952.0788438183133,1951.7933215880264,528.5683740883957,-29.998068626640894,526.0481375832513,-29.955677497535994
15.67999999999971,525.7265900213221,-30.088371022124004,1189.72283439868,189.7228343986801,1952.00276456351,1951.8513507576163,528.331773170217,-30.037733739916018,526.2023649066091,-30.394719759392096
15.68999999999971,525.4257073485694,-30.088163528403975,1189.7162015852468,189.71620158524684,1952.0369933972158,1951.9491888223702,528.0648401830041,-30.050805951491775,525.662443298087,-30.168455855673614
15.69999999999971,525.1248267507173,-30.08795604203457,1189.7095688117636,189.70956881176357,1952.0252360969512,1951.8917939669973,527.8131773785362,-30.118337783156598,525.5482121383255,-30.72612426814002
15.70999999999971,524.8239482268175,-30.087748737918044,1189.7029361489344,189.70293614893444,1951.992670583596,1952.0237340299652,527.5092997483523,-30.133363498306263,524.7744010766969,-30.268594934653233
15.71999999999971,524.5230717751563,-30.087541594335732,1189.6963035879785,189.6963035879785,1951.9626893693676,1951.9154897407263,527.2322900985644,-30.114679982288163,524.7392032504733,-29.946528338125272
15.729999999999709,524.2221973969863,-30.08733403966816,1189.689670897819,189.68967089781904,1952.0007138927504,1951.8279847716333,526.8958995336654,-30.133310603951443,523.8683844495753,-30.300986198920974
15.739999999999709,523.9213250937596,-30.08712660565784,1189.6830382934127,189.68303829341266,1951.9754768014236,1951.9011833997693,526.592908821247,-30.15559147094154,523.8659924094809,-30.356119273852403
15.749999999999709,523.6204548725603,-30.08691763419799,1189.6764051044825,189.67640510448246,1952.1475021621097,1951.9088795047796,526.3377626111509,-30.15980030328061,524.0414467202864,-30.197679794332224
15.759999999999708,523.3195867368346,-30.08670951095714,1189.6697722954198,189.66977229541976,1952.03570716909,1951.8640940855803,525.8905956127531,-30.163735885746917,521.8660926271738,-30.19915612794368
15.769999999999708,523.0187206854455,-30.08650076687698,1189.6631392723707,189.6631392723707,1952.0986833497413,1951.854770226386,525.5514809289803,-30.204950648323752,522.4994487750236,-30.575883511515265
15.779999999999708,522.71785671735,-30.086292852223675,1189.6565066215874,189.65650662158737,1951.989125536265,1951.939190470556,525.2062471759061,-30.189802614558758,522.0991433982387,-30.053470310673784
15.789999999999708,522.4169948315277,-30.08608431219638,1189.6498737549862,189.64987375498617,1952.0526407632503,1951.808145966721,524.9937539828808,-30.170035250106572,523.0813152456518,-29.992128970036887
15.799999999999708,522.1161350237796,-30.085877237423595,1189.6432415176664,189.6432415176664,1951.8674432130472,1951.7782783792268,524.6756669175599,-30.147942322983152,521.8128833296718,-29.949105978872385
15.809999999999707,521.8152772934139,-30.085668835711893,1189.6366087809351,189.63660878093515,1952.0144200435684,1951.7518365658646,524.3666734396344,-30.162552985330922,521.5857321383045,-30.294048946460837
15.819999999999707,521.5144216465173,-30.085460543589207,1189.6299761254827,189.6299761254827,1951.9904996717926,1951.821804042476,524.023730126911,-30.2073986053593,520.9372403124008,-30.611009185614723
15.829999999999707,521.2135680792297,-30.085252913931868,1189.6233437747937,189.62334377479374,1951.9008077537055,1951.8939518660184,523.723217736815,-30.190442431518957,521.01860622595,-30.03783686695583
15.839999999999707,520.9127165862018,-30.08504569165237,1189.6167116257518,189.6167116257518,1951.8414630192985,1951.7511257832448,523.4373364382528,-30.19238176537072,520.8644047511943,-30.209835770036577
15.849999999999707,520.6118671704755,-30.08483745357943,1189.610079103081,189.61007910308103,1951.9514219903201,1951.779142384107,523.1075022084403,-30.16337994844104,520.1389941401271,-29.902363596073936
15.859999999999706,520.3110198361604,-30.084629409447572,1189.603446695783,189.60344669578308,1951.9174677622502,1951.6920144873525,522.7619973752151,-30.13222405712639,519.6524538761871,-29.85182103529453
15.869999999999706,520.010174577526,-30.08442231742872,1189.5968147103206,189.5968147103206,1951.7933215880264,1951.6613838931025,522.4367042444999,-30.150016940277215,519.5090660680626,-30.310152888634633
15.879999999999706,519.7093313927081,-30.08421464613521,1189.5901825276812,189.59018252768124,1951.8513507576163,1951.7574340671597,522.0906276997899,-30.158478775269586,518.9759387974003,-30.2346352902009
15.889999999999706,519.4084902891728,-30.08400606091408,1189.5835500125986,189.5835500125986,1951.9491888223702,1951.7322587524634,521.8711795816521,-30.135562661180717,519.8961465184118,-29.929317634380894
15.899999999999705,519.1076512695348,-30.08379786668555,1189.5769176925376,189.57691769253756,1951.8917939669973,1951.6473001228226,521.6437478560418,-30.114721905353182,519.5968623255488,-29.92715510290537
15.909999999999705,518.8068143378422,-30.083588471841068,1189.5702849241582,189.57028492415816,1952.0237340299652,1951.6302861029326,521.3048710127954,-30.121532238731795,518.254979423577,-30.182825239139337
15.919999999999705,518.5059794960058,-30.08337989544606,1189.5636525235814,189.56365252358137,1951.9154897407263,1951.6782483632594,520.9859719046606,-30.07779975728205,518.1158799314471,-29.684207424234348
15.929999999999705,518.2051467367127,-30.083171963170802,1189.5570204203373,189.55702042033727,1951.8279847716333,1951.5445520039436,520.6480499555445,-30.051526047189252,517.6067524134995,-29.81506265635407
15.939999999999705,517.9043160602765,-30.082963324073283,1189.5503880683718,189.55038806837183,1951.9011833997693,1951.5555886843556,520.4183242595232,-29.99978116882617,518.350792995331,-29.53407726355846
15.949999999999704,517.6034874710123,-30.08275452879161,1189.543755690256,189.54375569025592,1951.9088795047796,1951.4680294984494,520.1163562510407,-29.986708840035313,517.3986441746976,-29.869057880917563
15.959999999999704,517.3026609682757,-30.082546018514048,1189.5371234643162,189.5371234643162,1951.8640940855803,1951.5280939806507,519.949069314591,-30.014821808191197,518.4434868865452,-30.267838521594157
15.969999999999704,517.0018365507075,-30.082337495133608,1189.5304912700578,189.53049127005784,1951.854770226386,1951.6137768525996,519.5775940258261,-30.07797367790267,516.2343164269413,-30.646340505305936
15.979999999999704,516.7010142223788,-30.08212817057408,1189.5238587889485,189.52385878894847,1951.939190470556,1951.704686435868,519.3255716469245,-30.13488363341157,517.0573702368094,-30.647073232991655
15.989999999999704,516.400193982245,-30.08191985617546,1189.5172267531143,189.5172267531143,1951.808145966721,1951.7099129658202,519.0144179278096,-30.11646786007679,516.2140344557761,-29.950725900063773
15.999999999999703,516.0993758244573,-30.0817117013839,1189.510594818767,189.510594818767,1951.7782783792268,1951.5393097234141,518.7321724943159,-30.100228898281976,516.1919635928723,-29.95407824212865
16.009999999999703,515.7985597475633,-30.081503677402715,1189.5039629742662,189.5039629742662,1951.7518365658646,1951.524800131954,518.4499257124307,-30.05999040179465,515.9097046754638,-29.6978439334087
16.019999999999705,515.4977457543076,-30.081294973734657,1189.4973308920235,189.49733089202346,1951.821804042476,1951.445938226234,518.1070918975815,-30.082430713142408,515.0215875639383,-30.284393515272217
16.029999999999706,515.1969338515788,-30.08108557203888,1189.49069856463,189.49069856463007,1951.8939518660184,1951.571772024345,517.7774431207177,-30.057390444676177,514.8106041289434,-29.832028028480096
16.039999999999708,514.8961240373206,-30.08087727958112,1189.4840667225444,189.4840667225444,1951.7511257832448,1951.4535463601064,517.5343311417978,-30.046202368587117,515.3463233315182,-29.945509683785566
16.04999999999971,514.5953163076223,-30.08066866010493,1189.4774347852615,189.4774347852615,1951.779142384107,1951.4649131226377,517.2996043417247,-30.084990223760194,515.1870631410673,-30.434080920317843
16.05999999999971,514.2945106609136,-30.08046068163126,1189.4708031440298,189.4708031440298,1951.6920144873525,1951.5735151743502,517.0824561792211,-30.038840110895933,515.1281227166892,-29.62348909511758
16.069999999999713,513.9937070931595,-30.080252869192865,1189.4641716068777,189.4641716068777,1951.6613838931025,1951.3698209230479,516.8103623704773,-29.989527419462494,514.3615180917824,-29.545713196561547
16.079999999999714,513.6929056080246,-30.080044157769212,1189.4575397433573,189.4575397433573,1951.7574340671597,1951.3280963300062,516.4157855338482,-30.01431253738105,512.8645940041857,-30.237378598648007
16.089999999999716,513.3921062094032,-30.079835566511942,1189.4509079653799,189.45090796537988,1951.7322587524634,1951.4779408887666,516.0766524283696,-29.99922046058142,513.0244544790622,-29.86339176938474
16.099999999999717,513.0913088935804,-30.079627598036293,1189.444276476083,189.4442764760829,1951.6473001228226,1951.3798969806069,515.7256110379105,-29.984536319846782,512.5662385237794,-29.852379053235047
16.10999999999972,512.7905136571846,-30.079419681123323,1189.4376450445977,189.43764504459773,1951.6302861029326,1951.3626277697088,515.5006281070378,-29.973168568971918,513.475781729183,-29.870858811098124
16.11999999999972,512.4897205024315,-30.079211269497087,1189.4310134501418,189.4310134501418,1951.6782483632594,1951.3528337549847,515.2137248977602,-30.013409039251457,512.6315960142623,-30.375573271767312
16.129999999999722,512.188929426632,-30.079003890423095,1189.4243823099719,189.42438230997186,1951.5445520039436,1951.4654272494147,514.8689028023412,-29.982479957209723,511.7655039435693,-29.704118218834097
16.139999999999723,511.8881404255444,-30.078796327086497,1189.4177511323005,189.4177511323005,1951.5555886843556,1951.296881156676,514.6097940148568,-29.993282179778724,512.277814927497,-30.090502182899762
16.149999999999725,511.58735349686685,-30.078589408427003,1189.411120252146,189.41112025214602,1951.4680294984494,1951.3750023693542,514.2866544857695,-30.062587138836893,511.37839872398393,-30.686331770360418
16.159999999999727,511.2865686403582,-30.07838189330669,1189.4044891678986,189.40448916789865,1951.5280939806507,1951.5159182960115,513.9331032802942,-30.00682404166968,510.751142431016,-29.504956167164774
16.169999999999728,510.9857858630601,-30.078173566327717,1189.3978577925102,189.3978577925102,1951.6137768525996,1951.2271582784963,513.5743487600206,-30.008274599498854,510.34555807755885,-30.021329619961392
16.17999999999973,510.68500517331074,-30.077964383532834,1189.3912261082205,189.3912261082205,1951.704686435868,1951.3315680392745,513.3357866000093,-30.05289125794232,511.18872715990835,-30.454441183933522
16.18999999999973,510.38422657606657,-30.07775506530243,1189.3845944061718,189.3845944061718,1951.7099129658202,1951.4294652411754,513.0498661213542,-30.027240172553014,510.47658181345713,-29.796380404049234
16.199999999999733,510.08345006529026,-30.077547089960376,1189.3779632838146,189.37796328381455,1951.5393097234141,1951.2653608534963,512.7538494818432,-29.946218772623748,510.0896997262439,-29.217026173260347
16.209999999999734,509.7826756341148,-30.077339145132274,1189.3713322107594,189.37133221075942,1951.524800131954,1951.103367106233,512.3733021341264,-29.927568953978085,508.9483760046757,-29.75972058616711
16.219999999999736,509.4819032795297,-30.077131771880737,1189.3647014056687,189.3647014056687,1951.445938226234,1951.208043021128,512.0755221617969,-29.91936763112325,509.3955024108315,-29.845555725429733
16.229999999999738,509.1811330044245,-30.076923249165056,1189.3580701730082,189.35807017300817,1951.571772024345,1951.2140974470353,511.80814860364467,-29.957117878840734,509.4017865802741,-30.296870108298055
16.23999999999974,508.8803648100337,-30.07671562899331,1189.3514393420658,189.35143934206576,1951.4535463601064,1951.3141331151287,511.5268200439065,-30.02481469739794,508.99486300626336,-30.634086064412795
16.24999999999974,508.5795986927799,-30.076507821775266,1189.3448084725003,189.3448084725003,1951.4649131226377,1951.39713271996,511.2622602838224,-30.021039255855957,508.88122244306555,-29.98706028197811
16.259999999999742,508.27883465862124,-30.07629900995491,1189.3381772339167,189.33817723391667,1951.5735151743502,1951.2415584702946,510.99585072973446,-29.99482168151324,508.5981647429428,-29.758863512428764
16.269999999999744,507.97807270447487,-30.07609181931497,1189.3315466874644,189.33154668746442,1951.3698209230479,1951.1728228110164,510.712453919219,-29.998506012699465,508.16188262457973,-30.03166499337549
16.279999999999745,507.67731282093814,-30.07588488802853,1189.3249162827879,189.32491628278785,1951.3280963300062,1951.2237273024145,510.3648863925579,-30.027610523141846,507.2367786526075,-30.289551117123246
16.289999999999747,507.3765550134712,-30.075676605361853,1189.3182853689555,189.31828536895546,1951.4779408887666,1951.2783786605721,510.1253899856581,-29.98932706919267,507.96992232355984,-29.64477598365006
16.29999999999975,507.0757992851665,-30.07546905558324,1189.3116547882657,189.31165478826574,1951.3798969806069,1951.113718924406,509.8085253937934,-29.99656118541413,506.9567440670105,-30.06166823140726
16.30999999999975,506.77504563209095,-30.07526155953363,1189.305024266255,189.30502426625503,1951.3626277697088,1951.1976295821407,509.45994669887347,-29.969248517468056,506.32273844459405,-29.723434505953396
16.31999999999975,506.47429405402147,-30.075054054360944,1189.2983937775232,189.2983937775232,1951.3528337549847,1951.104138234175,509.1946522755729,-29.921592548063433,506.80700246586736,-29.49268882342182
16.329999999999753,506.1735445561947,-30.074845510992354,1189.2917629062108,189.2917629062108,1951.4654272494147,1951.02888225481,508.84862534977606,-29.948258081326873,505.73438301760484,-30.18824788069782
16.339999999999755,505.8727971371731,-30.07463829333545,1189.2851326076,189.28513260759996,1951.296881156676,1951.180116015252,508.5626148246421,-29.94150141639596,505.9885200984359,-29.88069143201772
16.349999999999756,505.57205179406975,-30.074430327332454,1189.2785020435417,189.27850204354172,1951.3750023693542,1951.0991522026484,508.25277513970747,-29.98098314020322,505.4642179752959,-30.336318654468563
16.359999999999758,505.2713085370082,-30.07422108496456,1189.2718710006661,189.27187100066612,1951.5159182960115,1951.2006283282537,507.99869885588373,-29.968672873802987,505.71201230147,-29.857880476200886
16.36999999999976,504.97056736068765,-30.074014179143802,1189.2652409389661,189.26524093896614,1951.2271582784963,1951.0801469251803,507.65007200133596,-29.938543720303905,504.5124303104058,-29.667381338812152
16.37999999999976,504.66982825827233,-30.07380630392079,1189.258610522493,189.25861052249297,1951.3315680392745,1951.018703874279,507.41055756248943,-29.94804108374816,505.25492761287063,-30.03351735474645
16.389999999999763,504.3690912391825,-30.07359751404132,1189.2519797733755,189.25197977337552,1951.4294652411754,1951.0919643152013,507.11039082327756,-29.943974993643998,504.40889017037057,-29.90738018270655
16.399999999999764,504.06835630154944,-30.07339001256947,1189.2453495818675,189.24534958186746,1951.2653608534963,1951.0520625494821,506.76310221759195,-29.956015551161624,503.63750476642133,-30.064380568820244
16.409999999999766,503.7676234325777,-30.073183781779562,1189.2387199407967,189.23871994079673,1951.103367106233,1951.0795552132415,506.3559351618601,-29.941438704858328,502.6914316602731,-29.81024708812868
16.419999999999767,503.4668926307721,-30.07297657933733,1189.2320899440485,189.23208994404854,1951.208043021128,1951.0082919639135,505.9889562476292,-29.90948989745336,502.6861460195512,-29.62195063080863
16.42999999999977,503.1661639017029,-30.072769234514176,1189.225459926728,189.22545992672804,1951.2140974470353,1950.9468330432755,505.6901710083382,-29.932167840617378,503.00110385471964,-30.13626932909353
16.43999999999977,502.8654372507451,-30.072560957035527,1189.2188295694968,189.21882956949685,1951.3141331151287,1951.0566848879362,505.37631093727464,-29.954848318476856,502.5515702977029,-30.15897261921215
16.449999999999772,502.56471268650927,-30.072351890140528,1189.212198930242,189.21219893024204,1951.39713271996,1951.0572890175424,505.1660776794555,-30.041232935339277,503.2739783590833,-30.81869448710105
16.459999999999773,502.26399020685875,-30.072144039966897,1189.205568819612,189.20556881961193,1951.2415584702946,1951.2171479683866,504.9397172015003,-30.03418334136899,502.9024728999028,-29.970736995636386
16.469999999999775,501.96326980327734,-30.07193667631195,1189.1989389425382,189.19893894253823,1951.1728228110164,1951.0160139705154,504.58172137928517,-30.070218046654762,501.3597589793487,-30.39453039422672
16.479999999999777,501.6625514759301,-30.071728793127683,1189.1923088924964,189.19230889249638,1951.2237273024145,1951.109459520811,504.3736240403101,-30.098734327700335,502.5007479895342,-30.355380857110504
16.489999999999778,501.36183523017,-30.071520358898255,1189.185678656755,189.18567865675504,1951.2783786605721,1951.0979401317857,504.01477763376636,-30.061893494549185,500.78515997487204,-29.730325996188835
16.49999999999978,501.06112106228636,-30.07131321782733,1189.17904898051,189.17904898051006,1951.113718924406,1950.9380645049157,503.73633962043266,-30.09097323417309,501.2303975004293,-30.35269089078825
16.50999999999978,500.7604089697989,-30.07110527966819,1189.1724190191455,189.17241901914554,1951.1976295821407,1951.073705444761,503.44957780413955,-30.11975901923181,500.86872145750124,-30.37883108476027
16.519999999999783,500.4596989532195,-30.070898036218633,1189.1657893754546,189.16578937545455,1951.104138234175,1951.0767698907493,503.20563098896866,-30.0830317919843,501.0101096524308,-29.75248674675669
16.529999999999784,500.1589910063677,-30.070691334144907,1189.1591599874755,189.1591599874755,1951.02888225481,1950.9166402297337,502.9275673006497,-30.070947914362954,500.4249941057787,-29.9621930157708
16.539999999999786,499.8582851333528,-30.07048326883567,1189.1525300856201,189.15253008562013,1951.180116015252,1950.9491453816493,502.70869849016333,-30.07091085998858,500.73887919578647,-30.0705773706192
16.549999999999788,499.5575813380441,-30.070275792899324,1189.1459004588712,189.1459004588712,1951.0991522026484,1950.9624800599502,502.3344930686804,-30.057363135894683,498.9666442753337,-29.935433619049633
16.55999999999979,499.2568796222189,-30.07006737213636,1189.1392704873172,189.13927048731716,1951.2006283282537,1950.9179448631312,502.1310340765111,-30.089076344314428,500.29990314698745,-30.374495220092115
16.56999999999979,498.9561799859929,-30.069859873070875,1189.1326409251462,189.13264092514623,1951.0801469251803,1951.0135827784507,501.79547552912464,-30.07466131604703,498.7754486026459,-29.94492606164044
16.579999999999792,498.65548242263134,-30.069652799236316,1189.126011571752,189.1260115717521,1951.018703874279,1950.9033789002258,501.478780976025,-30.103629571777283,498.62852999812844,-30.36434387334951
16.589999999999794,498.3547869335459,-30.069445017846213,1189.119381969427,189.11938196942697,1951.0919643152013,1950.9938900435877,501.22247446458863,-30.03060989472366,498.9157158616611,-29.373432801241037
16.599999999999795,498.05409352105397,-30.069237480536394,1189.1127525026836,189.11275250268363,1951.0520625494821,1950.7426643837264,500.91544294318635,-30.061594701997013,498.15215925056594,-30.340457967457194
16.609999999999797,497.75340218554857,-30.06902962054913,1189.1061229425231,189.10612294252314,1951.0795552132415,1950.955426019893,500.5217908411699,-30.05459891441559,496.9789219230218,-29.991636826182777
16.6199999999998,497.45271292610386,-30.068822268385002,1189.0994936245077,189.09949362450766,1951.0082919639135,1950.8652270489326,500.2700769168291,-30.04176621741767,498.004651597762,-29.926271944436387
16.6299999999998,497.1520257380539,-30.0686153416013,1189.092864515323,189.09286451532307,1950.9468330432755,1950.8363973864155,499.95815160690563,-30.062129279389712,497.15082381759447,-30.24539683713809
16.6399999999998,496.8513406243483,-30.068407399521156,1189.0862350328737,189.08623503287367,1951.0566848879362,1950.9022312784625,499.592862327014,-30.03771455161311,496.3052588079893,-29.81798200162369
16.649999999999803,496.5506575905463,-30.068199360881607,1189.0796055483713,189.07960554837132,1951.0572890175424,1950.789728573509,499.33433043443654,-30.087134926140685,497.00754340123905,-30.531918296888826
16.659999999999805,496.24997664431004,-30.067989886369862,1189.0729755206853,189.0729755206853,1951.2171479683866,1950.951369200487,499.10538700433295,-30.067998285536785,497.04489613340036,-29.89576852010166
16.669999999999806,495.9492977848188,-30.06778201188162,1189.0663461764314,189.06634617643135,1951.0160139705154,1950.793946205071,498.85975781463884,-30.10824049062582,496.6490951073917,-30.470420336427154
16.679999999999808,495.64862100845914,-30.067573260042035,1189.0597165146594,189.05971651465939,1951.109459520811,1950.9220854613097,498.47035292625014,-30.108642846860462,494.9657089307514,-30.112264052972225
16.68999999999981,495.34794631959096,-30.067364513592775,1189.053086892029,189.0530868920289,1951.0979401317857,1950.8318668896477,498.183251486929,-30.050624188845884,495.5993385330386,-29.528456266714684
16.69999999999981,495.0472737119219,-30.067157020218325,1189.046457812639,189.0464578126389,1950.9380645049157,1950.675275543481,497.90495765511906,-30.059557910287488,495.4003131688294,-30.139961403261935
16.709999999999813,494.74660318534774,-30.066948294616182,1189.0398282723554,189.0398282723554,1951.073705444761,1950.802908054502,497.5378037477587,-30.023396931538784,494.2334185815148,-29.697948122800437
16.719999999999814,494.4459347466159,-30.066739451754074,1189.0331987216591,189.03319872165912,1951.0767698907493,1950.6838983094879,497.18038157635687,-29.978877126917144,493.9635820337405,-29.57819888532238
16.729999999999816,494.1452683900365,-30.06653186412467,1189.0265697150664,189.02656971506644,1950.9166402297337,1950.634180883303,496.8626510252445,-29.939925138459362,494.00307606523324,-29.589357242339315
16.739999999999817,493.8446041111577,-30.06632391164427,1189.0199405980247,189.01994059802473,1950.9491453816493,1950.6151015307219,496.59479289833877,-29.95667488046113,494.18406975618734,-30.10742255847701
16.74999999999982,493.5439419128218,-30.06611575553649,1189.0133114356731,189.01331143567313,1950.9624800599502,1950.7241406930343,496.26373798119573,-29.977846204289047,493.28424372690876,-30.168388118740314
16.75999999999982,493.2432817946316,-30.06590788250345,1189.0066824246474,189.00668242464735,1950.9179448631312,1950.7328302755911,495.9831081971581,-29.984337677223955,493.45744014081924,-30.042760933638135
16.769999999999822,492.94262375965087,-30.065699113641024,1189.000053088654,189.0000530886541,1951.0135827784507,1950.6959773124106,495.649369183004,-29.99744276317519,492.6457180556165,-30.115388536736315
16.779999999999824,492.6419678081819,-30.06549118015244,1188.993424127122,188.9934241271219,1950.9033789002258,1950.7050175571098,495.3525578970077,-30.06810962770536,492.68125632304145,-30.704111408476884
16.789999999999825,492.3413139403114,-30.065282393943416,1188.9867948580427,188.98679485804269,1950.9938900435877,1950.8447356288505,495.0743419070775,-30.09721854107067,492.57039799770575,-30.35919876135846
16.799999999999827,492.0406621501957,-30.06507562918522,1188.9801664426013,188.98016644260133,1950.7426643837264,1950.7654347672953,494.7133073112291,-30.14462458029545,491.46399594859287,-30.571278933318432
16.809999999999828,491.7400124371322,-30.064866983514897,1188.9735373042186,188.97353730421855,1950.955426019893,1950.8149940056117,494.326283198926,-30.177312245710763,490.84306618819824,-30.471501234448585
16.81999999999983,491.4393648071897,-30.06465900498686,1188.9669084723223,188.9669084723223,1950.8652270489326,1950.7911618865203,494.0021403118708,-30.107449147512575,491.08485432837443,-29.47868126372889
16.82999999999983,491.13871925627745,-30.06445117745621,1188.9602797383861,188.96027973838613,1950.8363973864155,1950.540390102522,493.6895042225167,-30.0978168473189,490.87577941832984,-30.0111261455758
16.839999999999833,490.83807578686645,-30.064242704738284,1188.9536507807536,188.9536507807536,1950.9022312784625,1950.6452969994577,493.424385448277,-30.09052747747436,491.03831648011965,-30.02492314887353
16.849999999999834,490.53743439790895,-30.064035086768545,1188.947022205393,188.94702220539307,1950.789728573509,1950.6355992638692,493.1318181702039,-30.123737051311757,490.49871266754593,-30.42262321584832
16.859999999999836,490.2367950923861,-30.063826017796053,1188.940393080795,188.94039308079505,1950.951369200487,1950.7224636460676,492.9148622398361,-30.06353004865105,490.9622588665257,-29.521667024704687
16.869999999999838,489.93615787139015,-30.063618181393505,1188.9337644911036,188.9337644911036,1950.793946205071,1950.4947878098922,492.5328588682854,-30.094259719651888,489.0948285243288,-30.37082675865942
16.87999999999984,489.6355227346044,-30.063409175747204,1188.9271354660086,188.92713546600862,1950.9220854613097,1950.6812876774156,492.2291347377985,-30.120110799108723,489.4956175634159,-30.35277051422026
16.88999999999984,489.33488968453855,-30.063200837433644,1188.9205067474668,188.9205067474668,1950.8318668896477,1950.6737170134022,491.9650085101453,-30.136267969013417,489.5878724612665,-30.28168249815563
16.899999999999842,489.0342587117277,-30.062993724725327,1188.9138785610055,188.9138785610055,1950.675275543481,1950.6516692552125,491.78018633369385,-30.0932240867543,490.11678674563103,-29.70582914642225
16.909999999999844,488.73362981586894,-30.062785447025554,1188.9072499408626,188.90724994086258,1950.802908054502,1950.501007547688,491.48615938344295,-30.059370634881834,488.83991683118506,-29.754689568029633
16.919999999999845,488.4330029982396,-30.06257807884434,1188.9006217251022,188.90062172510216,1950.6838983094879,1950.4917233178935,491.23613876614047,-30.076609803919833,488.98595321041824,-30.231762325261812
16.929999999999847,488.13237825265855,-30.06237103737057,1188.8939936782763,188.89399367827627,1950.634180883303,1950.5917904347016,490.88495185256517,-30.07284163537582,487.7242696303876,-30.038928118479678
16.93999999999985,487.83175557714713,-30.062164064907908,1188.8873656962799,188.88736569627986,1950.6151015307219,1950.5371542394075,490.6227140312483,-30.067602066369428,488.2625736393961,-30.02044594531188
16.94999999999985,487.5311349764035,-30.06195608382426,1188.88073734378,188.88073734378008,1950.7241406930343,1950.5208543231454,490.2347063016542,-30.091122201433436,486.742636735308,-30.302803417009514
16.95999999999985,487.2305164562935,-30.061747938170946,1188.874108961754,188.87410896175402,1950.7328302755911,1950.5793958677687,489.9305886739384,-30.09045474323696,487.19353002449634,-30.084447619468694
16.969999999999853,486.9299000165476,-30.061540011018625,1188.8674807049504,188.86748070495037,1950.6959773124106,1950.519948973267,489.72914691703886,-30.129142908287097,487.9161711049425,-30.477336393738323
16.979999999999855,486.6292856569108,-30.061331916346877,1188.860852417429,188.860852417429,1950.7050175571098,1950.6072665262634,489.4444402531179,-30.077688415843227,486.8820802778287,-29.61459798384839
16.989999999999856,486.32867338455424,-30.061122554968193,1188.8542236551605,188.85422365516047,1950.8447356288505,1950.3905161392688,489.24643605353265,-30.088163752451244,487.46439825726566,-30.18244178192338
16.999999999999858,486.0280632029337,-30.060913769130938,1188.8475951623477,188.84759516234772,1950.7654347672953,1950.5088748708017,488.9491702411088,-30.068345943403255,486.27377792929383,-29.889985661971345
17.00999999999986,485.72745511171337,-30.060704474937605,1188.8409665011382,188.84096650113815,1950.8149940056117,1950.4276415166091,488.6367728147469,-30.070547152593868,485.82519597749,-30.090358035309396
17.01999999999986,485.4268491128901,-30.060495289715565,1188.8343379209075,188.8343379209075,1950.7911618865203,1950.462041726522,488.3375792140362,-30.14550934886263,485.64483680764016,-30.82016911528147
17.029999999999863,485.12624519582954,-30.060288122393047,1188.8277101927727,188.82771019277266,1950.540390102522,1950.6343064988391,488.0505492867187,-30.133201889105813,485.46727994086086,-30.02243475129446
17.039999999999864,484.82564335531174,-30.060079981160513,1188.8210821081752,188.82108210817523,1950.6452969994577,1950.4428765373311,487.71693494873915,-30.0644838324397,484.7144059069226,-29.446021322444647
17.049999999999866,484.52504359625584,-30.05987183002136,1188.8144540565297,188.8144540565297,1950.6355992638692,1950.2849588181318,487.3639991125513,-30.076114911869816,484.1875765868606,-30.18079462674087
17.059999999999867,484.22444592282216,-30.059662856720358,1188.8078257097284,188.80782570972838,1950.7224636460676,1950.4407351863733,487.1496214586886,-30.099431545500366,485.2202225739245,-30.309281248175314
17.06999999999987,483.9238503300031,-30.059455707090052,1188.8011981365453,188.80119813654528,1950.4947878098922,1950.4650266897713,486.79953858167323,-30.09984472436226,483.64879268853485,-30.103563334119308
17.07999999999987,483.6232568169818,-30.05924689718361,1188.7945699296554,188.79456992965538,1950.6812876774156,1950.4086897011084,486.52394712931056,-30.089550866423796,484.04362405804653,-29.996906144977615
17.089999999999872,483.3226653921985,-30.05903805947224,1188.7879417484899,188.78794174848986,1950.6737170134022,1950.3713910033769,486.13918768824175,-30.102464642622454,482.67635271862235,-30.218688628410398
17.099999999999874,483.02207605532243,-30.05882931573628,1188.7813136422403,188.78131364224032,1950.6516692552125,1950.4135255062622,485.7971088032892,-30.100417741290528,482.7183988387163,-30.081995629303194
17.109999999999875,482.72148880000435,-30.058621747875275,1188.774686047923,188.77468604792307,1950.501007547688,1950.3718431684108,485.51083898589224,-30.083691969272362,482.93441062931925,-29.933160021108883
17.119999999999877,482.4209036204318,-30.058414166638816,1188.7680584851528,188.76805848515278,1950.4917233178935,1950.3233858382355,485.11304486164374,-30.04924595938218,481.53289774340755,-29.73923187037056
17.129999999999878,482.1203205213378,-30.058205652156012,1188.761430582365,188.76143058236494,1950.5917904347016,1950.2599857058583,484.826400869913,-30.00860596723175,482.2466049443361,-29.642846037877842
17.13999999999988,481.8197395055481,-30.0579975057941,1188.7548028652252,188.7548028652252,1950.5371542394075,1950.2165405427463,484.54794464984104,-29.980505432355912,482.04183866919345,-29.72760061847337
17.14999999999988,481.5191605709938,-30.057789405068686,1188.7481752034707,188.74817520347074,1950.5208543231454,1950.2168322880912,484.2683935075288,-29.947847056941107,481.75243322671884,-29.653921678207862
17.159999999999883,481.2185837203665,-30.057580720398917,1188.7415473427984,188.7415473427984,1950.5793958677687,1950.1806506072637,483.98952506061346,-29.961757880680178,481.4797090383754,-30.086955294331787
17.169999999999884,480.91800895454287,-30.057372444324667,1188.7349196841203,188.7349196841203,1950.519948973267,1950.270007283152,483.7959951860288,-29.94464822337623,482.0542263147663,-29.7906613076407
17.179999999999886,480.6174362756101,-30.057163342226072,1188.7282917287464,188.7282917287464,1950.6072665262634,1950.1886746853554,483.50682651603717,-29.994188867757366,480.9043084861123,-30.440054667187574
17.189999999999888,480.3168656790389,-30.05695597201616,1188.7216645098672,188.7216645098672,1950.3905161392688,1950.3360083232103,483.1234150514641,-29.99168411371899,479.6727118703072,-29.969141327373602
17.19999999999989,480.0162971616056,-30.056747514653054,1188.7150368888176,188.71503688881762,1950.5088748708017,1950.2199290547676,482.81997932236675,-30.016614130762648,480.08905776048977,-30.240984284155548
17.20999999999989,479.7157307257865,-30.056539649176553,1188.7084095437904,188.70840954379037,1950.4276415166091,1950.2765268593532,482.51660359768937,-29.97294787476273,479.78622207559255,-29.579951570763473
17.219999999999892,479.41516637052644,-30.05633140283063,1188.7017820818749,188.70178208187485,1950.462041726522,1950.106764886322,482.2412299987006,-30.015516482862104,479.7628676078016,-30.398633955756452
17.229999999999894,479.1146041054332,-30.056121615818427,1188.695154034622,188.69515403462196,1950.6343064988391,1950.2897824302672,481.9229919680167,-30.043725990583315,479.0588496918617,-30.297611560074195
17.239999999999895,478.81404393061547,-30.055913347727845,1188.6885266378279,188.68852663782786,1950.4428765373311,1950.2644315468217,481.5927121684561,-30.057353196266657,478.6201939724112,-30.17999804741674
17.249999999999897,478.5134858322935,-30.05570631665862,1188.6818997776213,188.6818997776213,1950.2849588181318,1950.2313441627812,481.26090725570964,-30.094842569465055,478.27466304099147,-30.43224692825064
17.2599999999999,478.2129298112921,-30.055497883624085,1188.6752723881032,188.67527238810317,1950.4407351863733,1950.287077670876,480.949726777192,-30.107726329986377,478.149102470533,-30.22368017467828
17.2699999999999,477.9123758761002,-30.055289154747516,1188.6686449160452,188.6686449160452,1950.4650266897713,1950.2335719547632,480.49951925258273,-30.04089345172744,476.4476515310991,-29.439397547397018
17.2799999999999,477.6118240262848,-30.05508080833371,1188.6620176354143,188.66201763541426,1950.4086897011084,1950.0299857333391,480.2651882126638,-30.05360120913582,478.15620885339314,-30.16797102581121
17.289999999999903,477.311274258822,-30.054872684223852,1188.6553904815203,188.65539048152027,1950.3713910033769,1950.1846846887559,479.97073776976663,-30.08887798706415,477.3206837836923,-30.40636898841912
17.299999999999905,477.0107265748301,-30.054664114161202,1188.6487631844577,188.64876318445772,1950.4135255062622,1950.2367251294518,479.7595227941635,-30.028537938930665,477.8585880137355,-29.485477505729268
17.309999999999906,476.71018097524285,-30.054455803282696,1188.6421360290274,188.64213602902737,1950.3718431684108,1950.00458523202,479.4624232986838,-30.000423806040306,476.7885278393661,-29.747396610027092
17.319999999999908,476.4096374571835,-30.054247808590922,1188.63550903825,188.6355090382499,1950.3233858382355,1950.0442440042639,479.1659090534805,-30.04590796946165,476.4972808466505,-30.4552654402537
17.32999999999991,476.10909601686154,-30.054040255805596,1188.6288822628992,188.6288822628992,1950.2599857058583,1950.2034469535386,478.8396365813705,-30.042763359092884,475.90318433237974,-30.01446186577401
17.33999999999991,475.80855665069726,-30.053832977052366,1188.6222556351706,188.62225563517063,1950.2165405427463,1950.0938817247059,478.51380120236604,-30.050429919211883,475.5812827913255,-30.119428960282878
17.349999999999913,475.50801935779015,-30.053625604373263,1188.6156290064507,188.61562900645072,1950.2168322880912,1950.1086022088207,478.208653040033,-30.053175842663986,475.4623195790356,-30.0778891537329
17.359999999999914,475.2074841375451,-30.053418444623585,1188.6090025006722,188.6090025006722,1950.1806506072637,1950.0893987586865,477.91114907430915,-30.085018254851846,475.23361338279386,-30.371599964542565
17.369999999999916,474.90695099311387,-30.053210441628654,1188.6023756912693,188.60237569126934,1950.270007283152,1950.1527780028907,477.5748784587333,-30.120375001500527,474.5484429185499,-30.438585721338644
17.379999999999917,474.6064199257486,-30.053003031425128,1188.595749158226,188.595749158226,1950.1886746853554,1950.1667496139041,477.3269233829192,-30.176807212748198,475.09532770059167,-30.684697113977226
17.38999999999992,474.3058909391405,-30.052794290188213,1188.5891221245586,188.58912212455857,1950.3360083232103,1950.2263816651957,477.0824996557072,-30.122815438574317,474.882686110799,-29.63688947100936
17.39999999999992,474.00536403551916,-30.052586434077526,1188.582495485316,188.58249548531603,1950.2199290547676,1949.9678020127244,476.75967706433926,-30.19388665075946,473.85427374202783,-30.833527560425715
17.409999999999922,473.7048392132972,-30.052378010309994,1188.5758686537604,188.57586865376038,1950.2765268593532,1950.2427284359621,476.43612775113667,-30.181661311553178,473.5241839323135,-30.07163325869664
17.419999999999924,473.40431646862896,-30.0521709233388,1188.5692423990376,188.56924239903765,1950.106764886322,1950.059287196456,476.0824167118895,-30.184168824545985,472.8990173586645,-30.206736441481272
17.429999999999925,473.10379580298684,-30.051962205084457,1188.5626155224409,188.56261552244086,1950.2897824302672,1950.0792721246996,475.8610643809424,-30.15100034773078,473.8688934024185,-29.852484056393934
17.439999999999927,472.80327722391826,-30.05175360863294,1188.5559887319837,188.5559887319837,1950.2644315468217,1949.9806003665892,475.5090574595211,-30.18900364890886,472.3409951667292,-30.531033359511568
17.44999999999993,472.5027607298797,-30.05154519907839,1188.549362053954,188.54936205395393,1950.2313441627812,1950.1312101726242,475.1920769206765,-30.181661507306323,472.33925207107484,-30.115582232883522
17.45999999999993,472.2022463227387,-30.05133622911941,1188.5427351865476,188.5427351865476,1950.287077670876,1950.0261129978535,474.9179038202509,-30.18468848086466,472.45034591642036,-30.211931242889708
17.46999999999993,471.9017340035038,-30.051127617849335,1188.536108500948,188.5361085009481,1950.2335719547632,1950.0376291897562,474.6418618173443,-30.11327777336132,472.15748379118475,-29.47058140583127
17.479999999999933,471.6012237622745,-30.050920628008758,1188.5294825071128,188.5294825071128,1950.0299857333391,1949.8423132432101,474.37857306295956,-30.10848471404599,472.0089742734966,-30.06534718020799
17.489999999999934,471.30071559790895,-30.050712245100367,1188.5228559876268,188.52285598762683,1950.1846846887559,1949.9624178999152,474.06162979290184,-30.113407661176822,471.2091403623823,-30.15771418535433
17.499999999999936,471.0002095200192,-30.050503332850138,1188.516229291313,188.51622929131304,1950.2367251294518,1949.9735764248057,473.8145198112362,-30.125936631722695,471.5905299762453,-30.238697366635527
17.509999999999938,470.6997055219435,-30.05029628230111,1188.5096033837858,188.50960338378582,1950.00458523202,1949.9843177088803,473.50529951775695,-30.116836659724108,470.7223168764435,-30.034936911736786
17.51999999999994,470.399203596499,-30.05008880659833,1188.5029773415024,188.5029773415024,1950.0442440042639,1949.925775867598,473.1696007159906,-30.151335840848056,470.1483115000932,-30.46182847096356
17.52999999999994,470.0987037529665,-30.049879899896926,1188.4963507582643,188.49635075826427,1950.2034469535386,1950.019489575906,472.8786597448691,-30.143020365908605,470.2601910047753,-30.06818109145354
17.539999999999942,469.79820599434913,-30.04967182358705,1188.489724547317,188.4897245473171,1950.0938817247059,1949.9189674614636,472.5956263932889,-30.149693520869626,470.0483262290674,-30.2097519155188
17.549999999999944,469.4977103175715,-30.049463531938155,1188.4830982863514,188.48309828635138,1950.1086022088207,1949.9415468370107,472.34687585065785,-30.165973735412834,470.108120966978,-30.312495666301707
17.559999999999945,469.1972167233599,-30.049255310386073,1188.476472090637,188.4764720906369,1950.0893987586865,1949.9581665206822,472.11751195212895,-30.206730988205006,470.05323686536883,-30.573546263334553
17.569999999999947,468.89672521448756,-30.049046464070653,1188.4698456795666,188.46984567956656,1950.1527780028907,1950.0167647865187,471.81717178159266,-30.176699615315773,469.114110246766,-29.906417259312665
17.57999999999995,468.5962357951237,-30.048837408706703,1188.4632192210222,188.4632192210222,1950.1667496139041,1949.8494370627773,471.4553003295487,-30.151181576519036,468.19845726115324,-29.921519227348398
17.58999999999995,468.29574846927966,-30.048627760093904,1188.4565925598545,188.45659255985447,1950.2263816651957,1949.834969848722,471.20332107700983,-30.207430760057147,468.9355078041597,-30.713673411900125
17.59999999999995,467.99526322950044,-30.048420195743468,1188.4499667773127,188.44996677731274,1949.9678020127244,1950.015893694069,470.90765253263345,-30.26632782823568,468.24663563324583,-30.79640144184249
17.609999999999953,467.6947800773887,-30.048210226599167,1188.4433400606003,188.44334006060035,1950.2427284359621,1950.0399042297217,470.53808204693286,-30.195641077125,467.21194767562713,-29.559460317128885
17.619999999999955,467.3942990177082,-30.048001709495633,1188.4367139672017,188.43671396720174,1950.059287196456,1949.734657934514,470.1946146423408,-30.21609353929433,467.10340800101216,-30.400165698818324
17.629999999999956,467.09382004449697,-30.047792932745416,1188.4300878058966,188.43008780589662,1950.0792721246996,1949.9164283208527,469.87463829610715,-30.137226288494535,466.9948511800046,-29.42742103129635
17.639999999999958,466.79334315535937,-30.047584894776882,1188.4234619798674,188.4234619798674,1949.9806003665892,1949.6676208882004,469.4749246696721,-30.15980144647195,465.87750203175636,-30.362977868268686
17.64999999999996,466.49286835339535,-30.047375498020916,1188.4168356420823,188.41683564208233,1950.1312101726242,1949.871059446576,469.25159062220337,-30.092827781320715,467.24158419498514,-29.490064794959597
17.65999999999996,466.1923956414347,-30.047166894116003,1188.4102096614063,188.41020966140627,1950.0261129978535,1949.6477403005313,468.940499562912,-30.125433273676045,466.14068002928957,-30.418882704873997
17.669999999999963,465.89192501645505,-30.046958101820746,1188.4035836415992,188.4035836415992,1950.0376291897562,1949.852467273027,468.74043428335676,-30.06975248473804,466.93984676735965,-29.568625384295988
17.679999999999964,465.5914564716382,-30.046750861552518,1188.396958285455,188.39695828545496,1949.8423132432101,1949.637320163884,468.45948385157305,-30.09182439288761,465.93092996551934,-30.290471566233744
17.689999999999966,465.2909900047346,-30.046542519169066,1188.390332521208,188.39033252120794,1949.9624178999152,1949.79312843518,468.14018299984735,-30.0921070079471,465.2664753343156,-30.094650543482516
17.699999999999967,464.99052562218174,-30.04633399140624,1188.3837067190454,188.38370671904545,1949.9735764248057,1949.7389574184497,467.84175982731153,-30.043999663149073,465.1559512744895,-29.611033559966838
17.70999999999997,464.69006332581586,-30.046125281772444,1188.3770808803852,188.37708088038517,1949.9843177088803,1949.607390026832,467.5705610292189,-30.076533507320953,465.1297718463846,-30.36933810486787
17.71999999999997,464.38960311454065,-30.045916973271382,1188.3704552406439,188.37045524064388,1949.925775867598,1949.7742054682285,467.32129006025207,-30.064077889715602,465.0778513395504,-29.951977331267436
17.729999999999972,464.0891449907508,-30.045707784697427,1188.3638292824735,188.3638292824735,1950.019489575906,1949.6672651994904,467.03242884309486,-30.018244653435424,464.43267788868025,-29.605745526913847
17.739999999999974,463.7886889550747,-30.045499350517478,1188.3572036658663,188.35720366586634,1949.9189674614636,1949.5668592917646,466.6524758418172,-30.022044890504823,463.23289883031794,-30.056247024129416
17.749999999999975,463.4882350051478,-30.045290634848303,1188.350577972537,188.35057797253694,1949.9415468370107,1949.6572928580947,466.30947903058234,-30.071405247700135,463.22250772946825,-30.51564846245794
17.759999999999977,463.18778314353443,-30.04508168783666,1188.3439522227357,188.34395222273565,1949.9581665206822,1949.7623596537505,466.0146449407578,-29.993426195166258,463.3611381323369,-29.291614722361334
17.76999999999998,462.8873333743141,-30.044872156226397,1188.3373262738237,188.3373262738237,1950.0167647865187,1949.4579575933474,465.60990989688815,-29.999539209603757,461.96729450206124,-30.05455633954124
17.77999999999998,462.58688569382696,-30.044663941202327,1188.3307008934735,188.33070089347348,1949.8494370627773,1949.6184641972714,465.33963462333577,-30.000359336713927,462.90715716136435,-30.007740480705472
17.78999999999998,462.2864400953387,-30.044455756440435,1188.3240755622812,188.32407556228122,1949.834969848722,1949.5975553700046,465.02865876791026,-30.043745469589954,462.22987606908083,-30.434220665474182
17.799999999999983,461.9859965867681,-30.04424595768439,1188.3174496163292,188.3174496163292,1950.015893694069,1949.6936474114427,464.73603188694307,-30.066498437709875,462.10238995823823,-30.271275150789165
17.809999999999985,461.6855551776528,-30.04403586537396,1188.310823588792,188.3108235887919,1950.0399042297217,1949.6530235335483,464.3214881307651,-30.028414413860872,460.5905943251635,-29.68565819921984
17.819999999999986,461.3851158570744,-30.043828250301953,1188.304198598449,188.30419859844892,1949.734657934514,1949.5015733730754,464.07577019438816,-30.02840596819945,461.86430876699546,-30.02832995724663
17.829999999999988,461.08467862075247,-30.043619014092734,1188.2975729904697,188.2975729904697,1949.9164283208527,1949.5669878222643,463.7881147714349,-29.997697732407314,461.19921596485534,-29.721323610278066
17.83999999999999,460.784243466781,-30.043411780204494,1188.2909482279115,188.29094822791149,1949.6676208882004,1949.4795006391805,463.4989446238084,-29.975148610544192,460.89641329517,-29.772206513776098
17.84999999999999,460.48381039416586,-30.043202742818874,1188.2843227740907,188.2843227740907,1949.871059446576,1949.4738121907626,463.18255709080046,-29.94259451161444,460.3350692937289,-29.64960762124669
17.859999999999992,460.18337940298534,-30.042995493283264,1188.2776980790845,188.27769807908453,1949.6477403005313,1949.4267919519748,462.89867860831555,-29.94681305147315,460.34377226595166,-29.984779910201503
17.869999999999994,459.882950493372,-30.042786429388308,1188.271072688438,188.27107268843793,1949.852467273027,1949.4917144935712,462.5336027423856,-29.947801713635616,459.24791994901597,-29.956699673097795
17.879999999999995,459.58252366580206,-30.042579084591527,1188.2644480288384,188.2644480288384,1949.637320163884,1949.4750159364123,462.19689708885255,-29.976427932527063,459.1665462070548,-30.234063902550076
17.889999999999997,459.28209891869363,-30.042370337097065,1188.2578228398188,188.2578228398188,1949.79312843518,1949.5338722107647,461.86464849042085,-30.015009220941042,458.87441110453557,-30.362240816666834
17.9,458.9816762572381,-30.04216195400089,1188.2511978348666,188.25119783486662,1949.7389574184497,1949.5623401878051,461.68258983725343,-29.97778432238738,460.0440619587466,-29.642760235404367
17.91,458.68125567453484,-30.041954586656516,1188.2445732769663,188.24457327696632,1949.607390026832,1949.3813828565706,461.4784747960888,-30.02088819940096,459.64143942560696,-30.408823092523185
17.92,458.3808371729817,-30.0417457239584,1188.237948152245,188.23794815224505,1949.7742054682285,1949.5528605624133,461.17227372127365,-30.06177918061283,458.41646404793715,-30.42979801151963
17.930000000000003,458.08042075601315,-30.041537669761585,1188.2313233908953,188.23132339089534,1949.6672651994904,1949.5581475593674,460.82830368088776,-30.087298839030204,457.7325733174146,-30.31697576478656
17.940000000000005,457.7800064158189,-30.04133036908777,1188.2246989707144,188.22469897071437,1949.5668592917646,1949.5294326296003,460.585453154703,-30.094588882379014,458.39979841903966,-30.160199272518298
17.950000000000006,457.4795941528941,-30.04112221586097,1188.2180742432497,188.2180742432497,1949.6572928580947,1949.4858868604445,460.32828622120684,-30.071118589039553,458.0137838197411,-29.859885948984413
17.960000000000008,457.1791839763802,-30.040913086914706,1188.2114491587793,188.21144915877926,1949.7623596537505,1949.4018989819056,460.1285579343294,-30.112481365521262,458.3310033524326,-30.484746353856625
17.97000000000001,456.87877587880405,-30.04070642832735,1188.2048251086346,188.20482510863462,1949.4579575933474,1949.5415138729466,459.8665413907662,-30.07091064568985,457.50839249869745,-29.69677416720713
17.98000000000001,456.5783698550252,-30.040498327442734,1188.1982005131056,188.19820051310558,1949.6184641972714,1949.3441305591703,459.48905529529077,-30.037655413770942,456.09168043601164,-29.738358326500787
17.990000000000013,456.2779659118328,-30.04029031104843,1188.1915759886224,188.1915759886224,1949.5975553700046,1949.3334020742789,459.1847536050963,-30.044743191297297,456.4460383933459,-30.108533189034453
18.000000000000014,455.9775640533053,-30.04008139444936,1188.1849511376288,188.1849511376288,1949.6936474114427,1949.4069002522697,458.82283787556867,-30.06585029515598,455.5655963098193,-30.255814229884116
18.010000000000016,455.6771642826917,-30.039872728259244,1188.1783264246708,188.1783264246708,1949.6530235335483,1949.434760198254,458.6107611210703,-30.06323205389758,456.70207033058466,-30.039667882571997
18.020000000000017,455.3767665928243,-30.039665245223937,1188.1717022263242,188.17170222632421,1949.5015733730754,1949.375268352399,458.3264681683223,-30.08460235448024,455.76783159359,-30.276935059724202
18.03000000000002,455.07637098099735,-30.03945712016786,1188.1650778057065,188.16507780570646,1949.5669878222643,1949.4231993850508,457.96246580227876,-30.047628286771506,454.6864445078865,-29.71486167739288
18.04000000000002,454.7759774471968,-30.039249639952743,1188.1584536823607,188.1584536823607,1949.4795006391805,1949.277292053213,457.57633815619295,-30.059246835126785,454.10118934142105,-30.163813770324325
18.050000000000022,454.47558598841636,-30.039042116140166,1188.1518295783437,188.15182957834372,1949.4738121907626,1949.3695554796984,457.26796430996893,-30.053885185172923,454.49259969395246,-30.00563033558815
18.060000000000024,454.1751966033527,-30.038834896596146,1188.1452056340966,188.14520563409656,1949.4267919519748,1949.3221832095956,456.9497328750565,-30.040505562882366,454.0856499608446,-29.920088962267368
18.070000000000025,453.8748092936739,-30.038627039162147,1188.1385814692494,188.1385814692494,1949.4917144935712,1949.2887266640967,456.6768833047091,-30.018278584146564,454.2212371715828,-29.818235775524347
18.080000000000027,453.57442406232406,-30.038419230794155,1188.1319573611422,188.1319573611422,1949.4750159364123,1949.2491873147858,456.3173471900372,-30.028817301749186,453.08152215799015,-30.123665760172795
18.09000000000003,453.2740409119922,-30.038210835580706,1188.1253330530478,188.12533305304783,1949.5338722107647,1949.3092570111303,456.0727547053266,-30.002917239505123,453.87142234293066,-29.769816679308544
18.10000000000003,452.9736598472679,-30.03800210927926,1188.118708648222,188.11870864822208,1949.5623401878051,1949.212698041202,455.69420224694665,-29.995881329471974,452.2872301215274,-29.9325581391736
18.11000000000003,452.67328086264877,-30.037794814547958,1188.1120848582702,188.11208485827024,1949.3813828565706,1949.2361768547894,455.2931988460481,-29.998664630917762,451.6841682379614,-30.023714343929846
18.120000000000033,452.3729039586507,-30.037585985066226,1188.1054604856554,188.10546048565539,1949.5528605624133,1949.2464763887483,455.0960577081457,-30.030993547850677,453.3217874670237,-30.321953800246924
18.130000000000035,452.0725291436274,-30.037377019596423,1188.0988360950757,188.09883609507574,1949.5581475593674,1949.311000594553,454.75198869941926,-30.008711001578067,451.6553676208816,-29.808168085124567
18.140000000000036,451.7721564175078,-30.03716820432448,1188.0922118020665,188.09221180206646,1949.5294326296003,1949.1799048822668,454.3768653954677,-30.03053937274926,451.000755659903,-30.226994713289994
18.150000000000038,451.4717857781658,-30.036959664082445,1188.085587657021,188.08558765702105,1949.4858868604445,1949.268309548065,454.1161794906166,-30.050209977313262,451.7700063469567,-30.227245418389266
18.16000000000004,451.171417221149,-30.0367517392727,1188.0789637973576,188.07896379735757,1949.4018989819056,1949.263098202159,453.8099047643093,-30.026538582199755,451.0534322275435,-29.81349602617819
18.17000000000004,450.8710507497134,-30.03654254785295,1188.0723394632976,188.07233946329757,1949.5415138729466,1949.1538478525922,453.53709666702656,-30.019534426876213,451.08182379148167,-29.95649702896433
18.180000000000042,450.5706863623426,-30.036334926315025,1188.0657157999249,188.06571579992487,1949.3441305591703,1949.1729488333333,453.2234995225947,-30.010112643362024,450.4011252227076,-29.925316591734337
18.190000000000044,450.27032405119303,-30.036127303604005,1188.0590921730065,188.05909217300655,1949.3334020742789,1949.152672350531,452.92199534144953,-29.99897994108845,450.2084577111431,-29.89878562062627
18.200000000000045,449.9699638198211,-30.035918970777,1188.0524682963492,188.05246829634916,1949.4069002522697,1949.1329538862678,452.6019455880308,-30.00815091328869,449.7214978072621,-30.090689663090863
18.210000000000047,449.6696056734074,-30.035710311965882,1188.0458443250268,188.0458443250268,1949.434760198254,1949.1674160411305,452.2592137069409,-30.0119570814566,449.1746267771314,-30.046212594967752
18.22000000000005,449.36924961153545,-30.035502062421777,1188.0392205558512,188.03922055585122,1949.375268352399,1949.1478586836076,451.9296672542189,-30.04773297305798,448.96374917972105,-30.369715997470376
18.23000000000005,449.0688956346336,-30.035293317948906,1188.032596623811,188.03259662381106,1949.4231993850508,1949.2189555702107,451.65652314965314,-30.040106814271343,449.19822620856127,-29.971471385191606
18.24000000000005,448.76854373949317,-30.035085710130797,1188.0259731875485,188.02597318754852,1949.277292053213,1949.1176076201364,451.4068688953846,-30.052538470944544,449.15998060696745,-30.164423381003328
18.250000000000053,448.46819392477136,-30.034877234226443,1188.0193494377847,188.01934943778474,1949.3695554796984,1949.1532091126473,451.13340404066514,-30.034248420104525,448.67222034818974,-29.869637962544342
18.260000000000055,448.1678461932723,-30.034669065587337,1188.012725848987,188.01272584898697,1949.3221832095956,1949.0718901975836,450.85908694631746,-30.05906009513687,448.39023309718806,-30.28236517042798
18.270000000000056,447.86750054250894,-30.034461087084658,1188.0061023738708,188.00610237387082,1949.2887266640967,1949.159769272992,450.5673964800502,-30.04567598545001,447.9421822836445,-29.92521899826826
18.280000000000058,447.5671569703239,-30.034253349923883,1187.9994790331052,187.99947903310522,1949.2491873147858,1949.0659556190221,450.267731452423,-30.10712805164853,447.57074620377784,-30.66019664743521
18.29000000000006,447.266815478496,-30.034045015649212,1187.9928554882292,187.99285548822922,1949.3092570111303,1949.235624191852,449.975664336229,-30.03344381686668,447.3470602904828,-29.37028570383004
18.30000000000006,446.96647606640437,-30.033837402682213,1187.9862322714503,187.98623227145026,1949.212698041202,1948.917779329801,449.6567435458087,-30.055325488383893,446.7864564320259,-30.25226053203881
18.310000000000063,446.66613873188794,-30.033629500604697,1187.979608974893,187.97960897489293,1949.2361768547894,1949.109122366976,449.3763504924022,-30.043784543291977,446.85281301174365,-29.939916037464727
18.320000000000064,446.3658034772832,-30.03342142035094,1187.9729856433387,187.9729856433387,1949.2464763887483,1949.0257769207888,449.13493254916114,-30.080484275675143,446.96217105999136,-30.410781867123607
18.330000000000066,446.06547030665405,-30.03321270547146,1187.9663620925382,187.96636209253825,1949.311000594553,1949.1298783448126,448.8645553375392,-30.058044456817232,446.43116043294157,-29.85608608709602
18.340000000000067,445.7651392181135,-30.033005002635086,1187.959738987187,187.95973898718694,1949.1799048822668,1948.9896491806048,448.5475063987496,-30.045379891861366,445.69406594964323,-29.931398807258578
18.35000000000007,445.4648102107796,-30.032796464150355,1187.9531155814461,187.95311558144613,1949.268309548065,1948.9921379752618,448.2907096540325,-30.017952087689412,445.9795389515788,-29.771101850141818
18.36000000000007,445.16448328906864,-30.03258787804847,1187.9464921934127,187.94649219341272,1949.263098202159,1948.9381676774435,447.9209360519325,-29.994810921122657,444.59297363303176,-29.786540422021826
18.370000000000072,444.8641584490778,-30.03238012011778,1187.9398691766005,187.9398691766005,1949.1538478525922,1948.9244404807564,447.61202386139536,-29.996381618081703,444.83181414656156,-30.010517890713125
18.380000000000074,444.5638356879277,-30.03217210991955,1187.9332460948851,187.93324609488513,1949.1729488333333,1948.9639202690519,447.3108648935987,-30.004467956929435,444.60043418342855,-30.07724500655903
18.390000000000075,444.26351500648343,-30.03196417892883,1187.9266230820672,187.92662308206718,1949.152672350531,1948.970265329874,447.0657152797425,-30.00972911792485,444.85936875503694,-30.057079566883594
18.400000000000077,443.9631964039765,-30.031756322450043,1187.9200001362503,187.92000013625034,1949.1329538862678,1948.9565162739023,446.6994860857468,-30.02373773405646,443.4034233397849,-30.14981527924096
18.41000000000008,443.66287988194233,-30.031548084388408,1187.913377073335,187.9133770733349,1949.1674160411305,1948.970286320017,446.4047602012069,-29.987642325560746,443.75222724034757,-29.662783649099293
18.42000000000008,443.362565441923,-30.031339919480914,1187.906754076873,187.90675407687309,1949.1478586836076,1948.8413012045917,446.13069545952595,-30.017528143315175,443.6641127843974,-30.286500503105028
18.43000000000008,443.06225308700266,-30.031131064586532,1187.9001308388317,187.90013083883173,1949.2189555702107,1948.9774773117008,445.94811071810756,-30.010945176112973,444.3048480453421,-29.95169847129314
18.440000000000083,442.7619428168229,-30.03092297137213,1187.8935079451599,187.89350794515985,1949.1176076201364,1948.8905186125596,445.69326346487907,-30.017494388646206,443.3996381858224,-30.0764373014453
18.450000000000085,442.4616346295312,-30.03071448697453,1187.886884930518,187.8868849305179,1949.1532091126473,1948.9093284905487,445.3967685435796,-29.993632343343485,442.72831425188394,-29.77887393561901
18.460000000000086,442.161328524118,-30.030506595659933,1187.880262192189,187.8802621921891,1949.0718901975836,1948.8258456685055,445.13413427722116,-29.965598719413784,442.7704258799951,-29.713296104046464
18.470000000000088,441.86102450177435,-30.030297873069696,1187.8736391552566,187.87363915525657,1949.159769272992,1948.792756863194,444.85043314968016,-29.981521236715196,442.29712300181086,-30.12482389242793
18.48000000000009,441.5607225631652,-30.030089848753196,1187.8670164370926,187.86701643709262,1949.0659556190221,1948.8779010844762,444.49287478893086,-29.97639987260927,441.27484954218716,-29.930307595655936
18.49000000000009,441.2604227123984,-30.029880304610465,1187.8603931424132,187.86039314241316,1949.235624191852,1948.8225238361829,444.2162859848947,-29.98842953683269,441.72698674856895,-30.096696514843448
18.500000000000092,440.9601249441516,-30.029673344747327,1187.8537709277366,187.8537709277366,1948.917779329801,1948.8521109875726,443.9439284791061,-29.948975415259568,441.4927109270088,-29.593888321101474
18.510000000000094,440.65982925401494,-30.029464682586454,1187.8471480628968,187.84714806289685,1949.109122366976,1948.718688367417,443.5697025106433,-29.98213196310615,440.2016687944782,-30.280540893725338
18.520000000000095,440.35953564744904,-30.02925663059004,1187.840525481256,187.840525481256,1949.0257769207888,1948.8697589391393,443.24166707137863,-29.977616049808862,440.2893481179964,-29.936972830133282
18.530000000000097,440.05924412624245,-30.02904761072136,1187.8339025458895,187.8339025458895,1949.1298783448126,1948.7814274779446,442.89719642617666,-29.942193125534097,439.7969606193589,-29.623386807061216
18.5400000000001,439.75895468978933,-30.0288396799071,1187.8272800870068,187.82728008700678,1948.9896491806048,1948.6911728385585,442.6045755956138,-29.949674369524175,439.97098812054855,-30.01700556543488
18.5500000000001,439.45866733320645,-30.028631636661686,1187.8206576196674,187.82065761966737,1948.9921379752618,1948.7699934136933,442.2181892931797,-29.99704457073075,438.7407125712722,-30.42337638158994
18.5600000000001,439.15838205524165,-30.028423956300383,1187.8140353357132,187.81403533571324,1948.9381676774435,1948.8627280316398,441.9262590319,-30.06416037807236,439.29888668038257,-30.668202644146835
18.570000000000103,438.85809885396003,-30.0282163000301,1187.8074130984028,187.80741309840278,1948.9244404807564,1948.9250490475752,441.6700748845882,-30.065310585599303,439.36441755878207,-30.075662453341796
18.580000000000105,438.55781773136033,-30.028008219908884,1187.8007907269441,187.80079072694411,1948.9639202690519,1948.782964927266,441.52100381774517,-29.99234286151178,440.1793642161577,-29.33563334472405
18.590000000000106,438.2575386902863,-30.027799994888785,1187.7941683339257,187.79416833392565,1948.970265329874,1948.5875169602305,441.18558485153693,-29.99907868492542,438.16681415566256,-30.05970109564818
18.600000000000108,437.9572617313412,-30.027591794139596,1187.787545987625,187.78754598762498,1948.9565162739023,1948.7395636902497,440.91253161521746,-29.950834817549296,438.45505248834223,-29.516640011164185
18.61000000000011,437.6569868554406,-30.027383385978528,1187.7809235945351,187.78092359453512,1948.970286320017,1948.594754173975,440.50507568636795,-30.01208093835286,436.8379723267226,-30.563296025584933
18.62000000000011,437.3567140586494,-30.027175972267024,1187.774301639723,187.77430163972303,1948.8413012045917,1948.8336289339304,440.15913778331844,-29.996108314249064,437.04569665587223,-29.852354697314865
18.630000000000113,437.0564433421851,-30.02696732060129,1187.7676792221991,187.76767922219915,1948.9774773117008,1948.6604775652684,439.87371201873054,-29.967101071234772,437.3048801374389,-29.706035884106136
18.640000000000114,436.75617470903427,-30.026759309567613,1187.7610571001514,187.76105710015145,1948.8905186125596,1948.6091763895515,439.50197341134265,-30.04255121095712,436.15632594485163,-30.721602468458276
18.650000000000116,436.455908157243,-30.026551048690223,1187.75443491419,187.75443491418991,1948.9093284905487,1948.8450883871687,439.2402675956978,-30.065797082919392,436.8849152548941,-30.27500993057979
18.660000000000117,436.1556436850036,-30.026343399193134,1187.747813011894,187.7478130118941,1948.8258456685055,1948.741574846372,438.830880811409,-30.05749980216799,435.1463997528093,-29.98282427540532
18.67000000000012,435.85538128832366,-30.02613593680496,1187.7411912220305,187.74119122203047,1948.792756863194,1948.6636124188497,438.5729896435114,-30.058025129595325,436.251969132433,-30.062753076441343
18.68000000000012,435.5551209703092,-30.02592766608498,1187.734569142856,187.7345691428559,1948.8779010844762,1948.6707929993418,438.2483103568821,-30.059596250208667,435.32619677721794,-30.07373633572875
18.690000000000122,435.25486273312816,-30.02571977012517,1187.7279472518474,187.72794725184735,1948.8225238361829,1948.6629423777579,437.9304364563867,-30.096650015558524,435.0695713519278,-30.430133903707222
18.700000000000124,434.95460657660965,-30.02551153357995,1187.7213252603049,187.72132526030487,1948.8521109875726,1948.7417070864717,437.5971194345595,-30.07389777021025,434.59726623811446,-29.869127562075807
18.710000000000125,434.6543524972972,-30.0253043289022,1187.7147037221182,187.7147037221182,1948.718688367417,1948.5999913161024,437.3189266679021,-30.063996631900444,434.8151917679855,-29.974886387112157
18.720000000000127,434.3541004968486,-30.025095760810625,1187.7080816706098,187.70808167060977,1948.8697589391393,1948.6100160691622,436.9726866267041,-30.06555163965553,433.85652625592195,-30.079546709451325
18.73000000000013,434.05385057881983,-30.02488784494685,1187.701459919242,187.7014599192421,1948.7814274779446,1948.622978141726,436.5719497695935,-30.056130960268103,432.9653180555984,-29.971344845781232
18.74000000000013,433.75360273660755,-30.02468059751473,1187.6948384745501,187.69483847455012,1948.6911728385585,1948.5855891905317,436.36155795168565,-30.09720988795403,434.46803159051433,-30.46692023712736
18.75000000000013,433.45335697064513,-30.02447259496825,1187.6882167620342,187.68821676203424,1948.7699934136933,1948.69640112812,436.0414414699157,-30.08006295529415,433.16039313398625,-29.92574056135521
18.760000000000133,433.15311328906955,-30.02426372014296,1187.681594734416,187.68159473441597,1948.8627280316398,1948.5606487668229,435.8152507835524,-30.087929770268033,433.7795346062833,-30.158731105033006
18.770000000000135,432.8528716993233,-30.024054229100177,1187.6749724950375,187.67497249503754,1948.9250490475752,1948.6038819848359,435.4844003586662,-30.14060991042373,432.50674653469036,-30.614731171825003
18.780000000000136,432.5526321989634,-30.023845842882917,1187.668350738446,187.66835073844595,1948.782964927266,1948.7091206774842,435.19639544916134,-30.067671222465336,432.60435126361745,-29.411223030839793
18.790000000000138,432.25239477469484,-30.023639010826233,1187.6617296459656,187.66172964596558,1948.5875169602305,1948.4106864315984,434.91586330481294,-30.063936370676938,432.3910740056772,-30.030322704581348
18.80000000000014,431.9521594256053,-30.023430807083983,1187.6551080368467,187.65510803684674,1948.7395636902497,1948.536500508226,434.6355970324305,-30.060218574436103,432.1132005809888,-30.026758408268563
18.81000000000014,431.65192615291414,-30.02322373114933,1187.6484869197752,187.64848691977522,1948.594754173975,1948.5239487144281,434.29657922586586,-30.031820692637094,431.2454189667841,-29.776239756446017
18.820000000000142,431.3516949614963,-30.023014552420122,1187.6418649910327,187.64186499103266,1948.8336289339304,1948.4496633927565,434.0133788755845,-30.030411681057387,431.4645757230522,-30.017730576840023
18.830000000000144,431.0514658550335,-30.022806740140954,1187.63524365064,187.63524365063995,1948.6604775652684,1948.4922091028423,433.6684192721655,-29.990545949007704,430.56378284139436,-29.631754360560528
18.840000000000146,430.75123882499105,-30.022599268345154,1187.6286224845633,187.62862248456327,1948.6091763895515,1948.3846362244412,433.4099363647147,-30.01033890606247,431.0835901976576,-30.188475519555343
18.850000000000147,430.451013880056,-30.02238971866362,1187.6220005168827,187.62200051688274,1948.8450883871687,1948.5031237921335,433.164135358933,-30.02647111247414,430.95192630689695,-30.171660970179182
18.86000000000015,430.15079102671723,-30.022180949088806,1187.6153789009302,187.61537890093018,1948.741574846372,1948.4931408064108,432.8237007510859,-30.048833189660016,429.7597892804617,-30.250091884332893
18.87000000000015,429.8505702582493,-30.0219727444879,1187.6087575498857,187.6087575498857,1948.6636124188497,1948.5060545687088,432.4378342741478,-30.032000873730258,428.9650359817053,-29.880510030362437
18.88000000000015,429.5503515725872,-30.021764387942774,1187.6021361744422,187.6021361744422,1948.6707929993418,1948.4085230358205,432.05752876007483,-30.067830540089485,428.634779133418,-30.390297537322503
18.890000000000153,429.2501349706174,-30.021556006019054,1187.5955148256744,187.5955148256744,1948.6629423777579,1948.5210352053598,431.6730099806752,-30.065785177466168,428.21234096607816,-30.047376913856322
18.900000000000155,428.9499204562404,-30.02134686938323,1187.5888932092726,187.58889320927256,1948.7417070864717,1948.433535881079,431.39318500521813,-30.071142233053468,428.87476022610446,-30.119355733339138
18.910000000000156,428.6497080277207,-30.021138834561935,1187.5822720744056,187.58227207440564,1948.5999913161024,1948.4402922267232,431.06670842273485,-30.101308905807414,428.1284191803854,-30.372808960592927
18.920000000000158,428.3494976804286,-30.020930623847697,1187.5756509054756,187.57565090547564,1948.6100160691622,1948.4942685589488,430.81820584168156,-30.1097876355627,428.5816826122019,-30.186096203360243
18.93000000000016,428.0492894162469,-30.020722212504335,1187.569029692502,187.569029692502,1948.622978141726,1948.4444057441626,430.5571321152149,-30.12743855384059,428.207468577015,-30.2862968183416
18.94000000000016,427.7490832350618,-30.02051402451298,1187.562408606572,187.56240860657203,1948.5855891905317,1948.4608492153295,430.28538036433815,-30.07764775978835,427.83961460644736,-29.62953061331816
18.950000000000163,427.44887914087957,-30.02030481193598,1187.555787144115,187.5557871441149,1948.69640112812,1948.2903442344366,430.03103853201196,-30.084285879549604,427.74196204107596,-30.144028957400923
18.960000000000164,427.1486771335649,-30.0200966509901,1187.5491661429298,187.54916614292983,1948.5606487668229,1948.3957943527637,429.75566234068503,-30.08508691192956,427.27727661874286,-30.092296203349164
18.970000000000166,426.8484772101374,-30.019888034508867,1187.542544994843,187.54254499484296,1948.6038819848359,1948.373794672271,429.46533783686505,-30.08833535575195,426.85241730248475,-30.11757135015342
18.980000000000167,426.5482793777631,-30.019678440352507,1187.5359234891662,187.53592348916618,1948.7091206774842,1948.3695874571665,429.1654152306606,-30.07510686361978,426.4661117748204,-29.956050434430253
18.99000000000017,426.2480836292226,-30.01947126775341,1187.5293029975371,187.52930299753712,1948.4106864315984,1948.3192924999948,428.8240141355377,-30.10001966884284,425.75140427943165,-30.324234915850404
19.00000000000017,425.9478899581627,-30.01926294422329,1187.5226820784053,187.5226820784053,1948.536500508226,1948.3973063008777,428.4669745901087,-30.139952129515997,425.2536186812471,-30.4993442755744
19.010000000000172,425.64769837026705,-30.019054634907427,1187.516061201923,187.5160612019231,1948.5239487144281,1948.4365859531208,428.12418283351354,-30.123078504851016,425.0390570241568,-29.971215882866186
19.020000000000174,425.3475088627942,-30.01884685966083,1187.5094405778545,187.50944057785455,1948.4496633927565,1948.303811150211,427.80187606066704,-30.097246906405065,424.90111510504823,-29.8647625203915
19.030000000000175,425.0473214353226,-30.01863863466049,1187.5028198092202,187.50281980922023,1948.4922091028423,1948.262253992435,427.5281562855702,-30.14844120563375,425.0646783096989,-30.609189898691906
19.040000000000177,424.74713608602906,-30.018431224052932,1187.496199406107,187.49619940610705,1948.3846362244412,1948.431177292211,427.2828030448272,-30.111116248107916,425.0746238781399,-29.77519163037542
19.05000000000018,424.44695281628793,-30.018222724179278,1187.4895786003858,187.4895786003858,1948.5031237921335,1948.224751246896,426.9495248882315,-30.0892211494282,423.9500214788705,-29.89216526131078
19.06000000000018,424.14677163158257,-30.018014216888602,1187.4829578285855,187.48295782858554,1948.4931408064108,1948.2339377099797,426.62642465069615,-30.07917034487179,423.71852251287794,-29.9887131038641
19.07000000000018,423.8465925329513,-30.017805509363807,1187.4763370129058,187.4763370129058,1948.5060545687088,1948.2418752456317,426.2852165185739,-30.12682705489703,423.2143433294738,-30.55573744512418
19.080000000000183,423.5464155177461,-30.01759753168623,1187.4697165286277,187.4697165286277,1948.4085230358205,1948.3703929084065,425.9921955590105,-30.119615970964198,423.3550069229396,-30.054716215568682
19.090000000000185,423.2462405875125,-30.01738851503441,1187.4630956620454,187.46309566204536,1948.5210352053598,1948.2463265939934,425.69771607718,-30.144914142117894,423.0474007407052,-30.372597682501176
19.100000000000186,422.94606774421857,-30.017180143751133,1187.4564750927764,187.45647509277637,1948.433535881079,1948.3132683858798,425.40255629077734,-30.124061899703797,422.746118213153,-29.936391717976914
19.110000000000188,422.6458969853794,-30.016971624086658,1187.44985450055,187.44985450054992,1948.4402922267232,1948.1998161153217,425.12464570873146,-30.10787784122411,422.6234504703181,-29.962221314906895
19.12000000000019,422.34572831446707,-30.01676255838023,1187.4432337249177,187.44323372491772,1948.4942685589488,1948.1903350945436,424.81324820928234,-30.063614775498237,422.01067071423995,-29.66524718396538
19.13000000000019,422.04556173256964,-30.016553821099947,1187.436613118714,187.43661311871392,1948.4444057441626,1948.1013198906642,424.47767089478333,-30.044281871145806,421.4574750642922,-29.870285731973933
19.140000000000192,421.74539723919486,-30.016344853853283,1187.4299924566371,187.42999245663714,1948.4608492153295,1948.1307883791849,424.2635380838725,-30.027060926634086,422.33634278567484,-29.872072426028616
19.150000000000194,421.4452348287704,-30.016137231032474,1187.423372373918,187.42337237391803,1948.2903442344366,1948.115676354046,423.97158154700907,-30.041817468473813,421.343972715238,-30.174626345031367
19.160000000000196,421.1450744994719,-30.01592862867814,1187.4167519328907,187.41675193289075,1948.3957943527637,1948.1762850636637,423.7407352248077,-30.081917832252095,421.663118324995,-30.44282110625664
19.170000000000197,420.844916255728,-30.015720120111112,1187.410131566616,187.41013156661597,1948.373794672271,1948.2362977749658,423.4026471148807,-30.08722479400275,420.35985412553816,-30.13498744975863
19.1800000000002,420.54476009735,-30.015511555490843,1187.4035112146369,187.40351121463686,1948.3695874571665,1948.1586394584208,423.17874110100325,-30.068660441070335,421.163586976106,-29.901581264678573
19.1900000000002,420.2446060229577,-30.015303322955745,1187.3968910335545,187.39689103355454,1948.3192924999948,1948.090889682382,422.8369253052732,-30.072633960420426,419.7605831437026,-30.108395634571217
19.200000000000202,419.94445403463334,-30.015094341923255,1187.3902705873898,187.39027058738975,1948.3973063008777,1948.1272274932687,422.5169620210044,-30.088173668337717,419.6372924625852,-30.228031039593315
19.210000000000203,419.6443041382308,-30.014884938593806,1187.3836500077568,187.38365000775684,1948.4365859531208,1948.1474046015749,422.2786407106549,-30.121997089241233,420.1337489175092,-30.426407877372856
19.220000000000205,419.3441563307279,-30.014676561982444,1187.3770298792786,187.37702987927855,1948.303811150211,1948.1901583989938,422.0656313154489,-30.086418145809816,420.1485467585951,-29.766207654927058
19.230000000000206,419.0440106056986,-30.014468443878705,1187.370409892007,187.37040989200705,1948.262253992435,1948.0228395904735,421.81801232800404,-30.093111360977467,419.5894414410004,-30.153350297486284
19.240000000000208,418.74386696942105,-30.01425881162697,1187.3637893307523,187.3637893307523,1948.431177292211,1948.1000061358757,421.50310075619177,-30.12822066047816,418.6688966098815,-30.444204355984382
19.25000000000021,418.4437254212309,-30.014050826401608,1187.3571694709112,187.35716947091123,1948.224751246896,1948.1636676450591,421.17093010234237,-30.101994031641212,418.1813942176975,-29.86595437210866
19.26000000000021,418.1435859537373,-30.013842672327986,1187.3505495798554,187.3505495798554,1948.2339377099797,1948.017158301023,420.932998840571,-30.126393600213966,418.791617484628,-30.34598971736872
19.270000000000213,417.84344856857604,-30.013634359922396,1187.3439296618287,187.34392966182872,1948.2418752456317,1948.1198862566184,420.60576851652223,-30.119656652791786,417.6606956000834,-30.059024125992153
19.280000000000214,417.5433132724082,-30.013424873637632,1187.3373093071127,187.33730930711272,1948.3703929084065,1948.043520483714,420.2297335320012,-30.09129299762362,416.84541867131196,-29.836020101110112
19.290000000000216,417.2431800663362,-30.01321634076898,1187.330689373961,187.33068937396092,1948.2463265939934,1947.9753602659982,419.8948786688476,-30.089347042473467,416.8811849004649,-30.07183344612209
19.300000000000217,416.9430489488693,-30.01300715261422,1187.324069213348,187.3240692133479,1948.3132683858798,1948.0164983967531,419.57709822825416,-30.105393208659134,416.7170742629134,-30.249808704330125
19.31000000000022,416.64291991896374,-30.012798828495885,1187.3174494382338,187.31744943823378,1948.1998161153217,1948.0497810623247,419.2833281480511,-30.10260205799985,416.63939742622347,-30.077481702066294
19.32000000000022,416.34279297235753,-30.012590492746956,1187.310829695335,187.3108296953351,1948.1903350945436,1947.99998681762,418.97068173636785,-30.11545475012497,416.1568640312182,-30.231128979251057
19.330000000000222,416.0426681058176,-30.012382815236,1187.3042102549005,187.30421025490045,1948.1013198906642,1948.0269768657556,418.69385660685197,-30.05553903858131,416.20243044120906,-29.516297634688314
19.340000000000224,415.74254531775114,-30.012174798052595,1187.2975907143352,187.29759071433523,1948.1307883791849,1947.8407587091422,418.40571983958387,-30.021319068081105,415.8124889341707,-29.713339333579256
19.350000000000225,415.4424246096775,-30.01196681667042,1187.290971225119,187.29097122511894,1948.115676354046,1947.8643165502633,418.03987922033554,-30.015650999761224,414.7473136471008,-29.96463838488229
19.360000000000227,415.14230598442754,-30.01175823333003,1187.2843515299608,187.28435152996076,1948.1762850636637,1947.9078627479337,417.69525348079617,-30.059569470944062,414.593621824942,-30.454835711589602
19.37000000000023,414.8421894479957,-30.011549053041715,1187.2777316308857,187.27773163088568,1948.2362977749658,1948.018271156374,417.3729785071432,-30.019010449121424,414.47250374426613,-29.653979252717644
19.38000000000023,414.5420750005537,-30.011340435348007,1187.2711119956853,187.27111199568526,1948.1586394584208,1947.8183124229504,417.13738894791777,-30.010953306082452,415.01708291488853,-29.93843901873169
19.39000000000023,414.241962636893,-30.011132296802398,1187.2644925906914,187.26449259069136,1948.090889682382,1947.8685637999733,416.7712112888208,-30.016859624696085,413.47561235694803,-30.07001649221878
19.400000000000233,413.9418523566054,-30.010923760712497,1187.2578730622256,187.2578730622256,1948.1272274932687,1947.8887204464954,416.50336039604434,-30.01099995141037,414.0927023610563,-29.958262891838917
19.410000000000235,413.6417441629859,-30.010714963190043,1187.2512534652,187.25125346520008,1948.1474046015749,1947.8515349899392,416.1250090935645,-30.03768098802893,412.7198473712455,-30.277810317596003
19.420000000000236,413.3416380595996,-30.010505714071858,1187.2446337229017,187.24463372290165,1948.1901583989938,1947.9192331808758,415.8434681019606,-30.018874733347708,413.30959917752523,-29.849618441216702
19.430000000000238,413.04153404211536,-30.010297782763868,1187.2380145491347,187.23801454913473,1948.0228395904735,1947.8081314884123,415.4534683049211,-30.02288075755372,411.9434701315654,-30.058934975407826
19.44000000000024,412.7414321076515,-30.010089110010277,1187.2313951131641,187.23139511316413,1948.1000061358757,1947.8450359967874,415.1894171236881,-29.996113233143895,412.812956492591,-29.75520551345541
19.45000000000024,412.4413322630537,-30.009879809551546,1187.2247754608786,187.22477546087862,1948.1636676450591,1947.7593816510782,414.9492515168365,-29.980012751220396,412.78776105517244,-29.835108413908905
19.460000000000242,412.1412345057477,-30.009671651647793,1187.2181563064162,187.21815630641618,1948.017158301023,1947.7619416583868,414.62845279039254,-30.040218705376837,411.7412642523968,-30.582072292784783
19.470000000000244,411.8411388348046,-30.00946253697996,1187.2115368028951,187.21153680289513,1948.1198862566184,1947.9339344773957,414.3300687569807,-30.007094133780893,411.64461245627393,-29.708972989417394
19.480000000000246,411.54104525224943,-30.009253974056712,1187.2049175588568,187.20491755885678,1948.043520483714,1947.7199875443887,414.1208391328838,-29.98599364473954,412.23777251601166,-29.796089243367376
19.490000000000247,411.2409537529103,-30.0090458937712,1187.1982985464197,187.19829854641966,1947.9753602659982,1947.7227622896353,413.85431763602656,-29.976909680191127,411.45562416431113,-29.895153999255413
19.50000000000025,410.940864336564,-30.008837375490963,1187.1916793941996,187.19167939419958,1948.0164983967531,1947.7315305561988,413.5351663687423,-29.984004258527722,410.6628049631836,-30.04785546355705
19.51000000000025,410.64077700725966,-30.008628485377645,1187.1850601288884,187.18506012888838,1948.0497810623247,1947.7567119045407,413.32918090888535,-30.01474342138647,411.4753117701728,-30.291395887115208
19.520000000000252,410.3406917652168,-30.008419923206166,1187.1784410327728,187.17844103277275,1947.99998681762,1947.8086474452102,413.111070934054,-30.023771916203202,411.1480811605717,-30.105028369553782
19.530000000000253,410.0406086103897,-30.00821104220281,1187.1718218449478,187.17182184494777,1948.0269768657556,1947.759017420827,412.8702963071423,-30.06442027908809,410.70332466493727,-30.43025554505207
19.540000000000255,409.74052753698726,-30.00800363829659,1187.1652032898724,187.16520328987235,1947.8407587091422,1947.8318582541294,412.5866146401851,-30.08088171908737,410.0334796375696,-30.229034679080875
19.550000000000257,409.4404485390734,-30.00779594447982,1187.1585846547498,187.1585846547498,1947.8643165502633,1947.7809930691355,412.20123467047773,-30.067017120354286,408.7328149431113,-29.942235731756536
19.560000000000258,409.1403716203891,-30.00758779237675,1187.151965871662,187.15196587166201,1947.9078627479337,1947.7026865034056,411.9456219548987,-30.086422430714336,409.6451075146871,-30.2610702239548
19.57000000000026,408.8402967883334,-30.00737861876496,1187.1453467134181,187.14534671341812,1948.018271156374,1947.76820654817,411.56013864021924,-30.08127339244945,408.09078880810415,-30.034932048065446
19.58000000000026,408.54022404004945,-30.00717103802672,1187.1387282346127,187.1387282346127,1947.8183124229504,1947.7058002954325,411.2537754137634,-30.057413568180543,408.4965063756609,-29.84267514976037
19.590000000000263,408.24015337014674,-30.00696294251545,1187.1321095850585,187.13210958505852,1947.8685637999733,1947.645726875625,410.99989293796995,-30.05415096105221,408.714950655829,-30.024787496897197
19.600000000000264,407.94008478250555,-30.006754585730903,1187.1254908670142,187.12549086701415,1947.8887204464954,1947.6745677940644,410.78668728816325,-30.04268428118402,408.8678364399027,-29.939484162370317
19.610000000000266,407.6400182773234,-30.00654645070242,1187.118872275322,187.11887227532202,1947.8515349899392,1947.6417039854186,410.45469906177897,-30.087417518908946,407.46680502431997,-30.49001665843327
19.620000000000267,407.33995385680026,-30.006337653919942,1187.1122534535987,187.11225345359867,1947.9192331808758,1947.765748320926,410.1300915652653,-30.08940114077238,407.20862409664215,-30.10725373754328
19.63000000000027,407.03989152002293,-30.00612970154794,1187.105635009387,187.10563500938702,1947.8081314884123,1947.670518408943,409.8690868005551,-30.067199488127933,407.52004391816365,-29.867384614327886
19.64000000000027,406.7398312647811,-30.005921346818994,1187.0990164397779,187.09901643977787,1947.8450359967874,1947.600325153982,409.4971927908961,-30.055904042404705,406.1501467039648,-29.95424503089568
19.650000000000272,406.43977308993624,-30.005713622150054,1187.092398161213,187.09239816121294,1947.7593816510782,1947.6057677621961,409.2250273793866,-30.00504405959761,406.77553867580076,-29.547304214333703
19.660000000000274,406.1397169929033,-30.005505784439396,1187.0857798739494,187.08577987394938,1947.7619416583868,1947.4904870853495,408.96087153910895,-29.982264832452444,406.58346897661033,-29.777251788145954
19.670000000000275,405.8396629819491,-30.00529640638515,1187.0791610022725,187.07916100227249,1947.9339344773957,1947.524537357734,408.65175498312374,-29.97291862968301,405.8697059792567,-29.888802804758114
19.680000000000277,405.53961105622153,-30.005088739133203,1187.0725428575645,187.07254285756449,1947.7199875443887,1947.5360077329842,408.40301583546886,-30.016118962552422,406.1643635065746,-30.4049219583771
19.69000000000028,405.23956120774073,-30.00488095703085,1187.0659247034282,187.0659247034282,1947.7227622896353,1947.6519795762697,408.0691984063352,-30.038172224462954,405.06484154413226,-30.23665158165772
19.70000000000028,404.9395134379077,-30.004673009586458,1187.0593065194983,187.05930651949825,1947.7315305561988,1947.6099906556062,407.7751875654288,-29.997915637705784,405.12908999727074,-29.635606356891223
19.71000000000028,404.63946774906714,-30.00446475853104,1187.0526882500048,187.05268825000485,1947.7567119045407,1947.4545212069258,407.43176686945657,-30.07027968081239,404.3409806057066,-30.72155606877187
19.720000000000283,404.3394241453821,-30.00425597847666,1187.0460698040401,187.04606980404014,1947.8086474452102,1947.7052228916275,407.1019215597979,-30.036273098618295,404.1333137728699,-29.730213858871437
19.730000000000285,404.0393826278646,-30.004047525031023,1187.0394515267128,187.0394515267128,1947.759017420827,1947.464756467466,406.82254916175214,-30.02020495382525,404.30819757933955,-29.87559165068785
19.740000000000286,403.73934319840714,-30.00383836646642,1187.0328330018801,187.03283300188014,1947.8318582541294,1947.4818776606014,406.5002289003239,-30.056939217175962,403.5993465474699,-30.387547587332357
19.750000000000288,403.4393058588502,-30.003629544916446,1187.026214649882,187.02621464988192,1947.7809930691355,1947.5951275983352,406.2199013122578,-30.076636704251047,403.69695301966243,-30.253914087926834
19.76000000000029,403.13927060466784,-30.003421291564788,1187.0195965639612,187.01959656396116,1947.7026865034056,1947.5601810590845,406.02104307816785,-30.05219994673179,404.23131897135806,-29.83226912905843
19.77000000000029,402.8392374362362,-30.003212394759828,1187.0129782554102,187.0129782554102,1947.76820654817,1947.4489728919445,405.673830098847,-30.06564274895625,402.5489132849592,-30.186627968976417
19.780000000000292,402.5392063546014,-30.003003932207395,1187.006360158909,187.00636015890905,1947.7058002954325,1947.5207317526917,405.3557205140918,-30.06656392494202,402.4927342512946,-30.07485450881392
19.790000000000294,402.2391773555191,-30.002795884262184,1186.999742266531,186.99974226653103,1947.645726875625,1947.4854277718753,405.099907887011,-30.05459463578172,402.79759424328404,-29.94687103333897
19.800000000000296,401.93915043858846,-30.00258750186376,1186.9931242761545,186.9931242761545,1947.6745677940644,1947.4429412113507,404.74725055522333,-29.99268070183525,401.5733345691342,-29.435455296317027
19.810000000000297,401.63912560455486,-30.002379304847683,1186.9865063974457,186.98650639744574,1947.6417039854186,1947.301373810395,404.43890347673255,-29.970585371857428,401.663779770315,-29.771727402057014
19.8200000000003,401.33910285817404,-30.00216997131421,1186.9798880972476,186.97988809724757,1947.765748320926,1947.3592423898353,404.0985120895045,-29.96285036297077,401.03498960445165,-29.893235282990855
19.8300000000003,401.03908220157456,-30.00196134857393,1186.9732701206306,186.97327012063056,1947.670518408943,1947.3733738812532,403.8081246002687,-30.02345094029397,401.19463719714616,-30.568856136202776
19.840000000000302,400.73906362870315,-30.001753225710672,1186.9666523825226,186.96665238252262,1947.600325153982,1947.5296242202148,403.6019822586352,-29.982561835007964,401.74670118393345,-29.61455988743391
19.850000000000303,400.439047137747,-30.00154496551353,1186.9600346259213,186.96003462592125,1947.6057677621961,1947.2954795666187,403.2658289807391,-30.017528240272195,400.24044947967406,-30.33222588765029
19.860000000000305,400.1390327249942,-30.00133758506033,1186.9534172610313,186.9534172610313,1947.4904870853495,1947.453953024657,402.9705274358548,-30.013308243768577,400.312813531896,-29.975328275236013
19.870000000000307,399.8390203879376,-30.00112982626343,1186.9467997804422,186.94679978044223,1947.524537357734,1947.3627500917478,402.67516017849124,-30.00634308013224,400.0168548622192,-29.943656607405202
19.880000000000308,399.5390101294095,-30.000921879352134,1186.9401822608781,186.94018226087815,1947.5360077329842,1947.3430568571098,402.38685722304837,-29.962381789072477,399.7921306240625,-29.56673016953459
19.89000000000031,399.23900195569325,-30.00071286389639,1186.933564347254,186.9335643472541,1947.6519795762697,1947.2363635750394,402.10047685656934,-29.997704561522166,399.5230535582576,-30.31560951356937
19.90000000000031,398.93899587082024,-30.000504110709546,1186.9269465763039,186.92694657630386,1947.6099906556062,1947.4018720682122,401.85245690063005,-29.948766079536256,399.6202772971765,-29.50831974166306
19.910000000000313,398.63899186738723,-30.000296575883375,1186.9203293336222,186.92032933362225,1947.4545212069258,1947.1981595294085,401.6887132340314,-29.987623950168157,400.21502023464325,-30.337344785855255
19.920000000000314,398.3389899503209,-30.000086837379822,1186.913711239083,186.9137112390831,1947.7052228916275,1947.382461236816,401.36588500631785,-30.051333199984995,398.46043095689606,-30.624716448336518
19.930000000000316,398.03899012096724,-29.999879033358127,1186.907093961623,186.9070939616231,1947.464756467466,1947.453297306941,401.06085297560173,-30.062633792267313,398.3155646991568,-30.16433912280816
19.940000000000317,397.7389923708324,-29.999670993608696,1186.900476625987,186.90047662598704,1947.4818776606014,1947.343410298528,400.82483920486607,-30.07957596150201,398.7007152682449,-30.23205548461427
19.95000000000032,397.43899670632334,-29.99946190821398,1186.89385890554,186.8938589055399,1947.5951275983352,1947.3524444533195,400.40179580311343,-30.085702468394285,396.5944051873397,-30.14084103042474
19.96000000000032,397.13900313165345,-29.99925302576467,1186.8872413038373,186.8872413038373,1947.5601810590845,1947.3231556749565,399.9767421474066,-30.054524540496104,396.1512592460449,-29.77392318941248
19.970000000000322,396.8390116415806,-29.9990449887994,1186.8806240800081,186.88062408000815,1947.4489728919445,1947.2222373266682,399.5597149445112,-30.048122857890938,395.80647011845247,-29.990507714444455
19.980000000000324,396.53902223535783,-29.998836255753798,1186.87400661235,186.87400661235006,1947.5207317526917,1947.2578690733485,399.1537550826031,-30.052803131813324,395.50011632542976,-30.09492559711479
19.990000000000325,396.2390349154357,-29.998627728674073,1186.8673892646511,186.86738926465114,1947.4854277718753,1947.2716528257586,398.94445197367656,-30.036566154756326,397.06072399333794,-29.890433361243335
20.000000000000327,395.9390496794519,-29.998419468081305,1186.860772061317,186.860772061317,1947.4429412113507,1947.210979731999,398.6007370640059,-30.033687590756998,395.50730287696945,-30.00778051476303
20.01000000000033,395.63906652056755,-29.99821230879481,1186.854155339014,186.85415533901391,1947.301373810395,1947.2255374067136,398.3054708532643,-30.01596115218548,395.64807495658977,-29.856423205041786
20.02000000000033,395.3390854361713,-29.998004570458722,1186.8475384200794,186.84753842007945,1947.3592423898353,1947.1762593481524,397.940489393391,-29.996388475797385,394.65565625453087,-29.820234388304524
20.03000000000033,395.03910643021106,-29.99779662157867,1186.8409214531277,186.84092145312775,1947.3733738812532,1947.1520611256512,397.5151315154929,-30.015425826946426,393.68691061440967,-30.186761987287813
20.040000000000333,394.73912951077966,-29.99758726469674,1186.834303955254,186.83430395525397,1947.5296242202148,1947.2280803698384,397.213117622899,-29.994642165939318,394.4949925895539,-29.807589216875368
20.050000000000335,394.43915467551034,-29.997379789170655,1186.8276872529789,186.82768725297888,1947.2954795666187,1947.127326168467,396.93685287079404,-30.03708281987814,394.4504701018488,-30.41904870532754
20.060000000000336,394.13918192213,-29.99717088690168,1186.821070012228,186.8210700122279,1947.453953024657,1947.2642760676426,396.6078361196368,-30.027131226294074,393.64668535922146,-29.93756688403746
20.070000000000338,393.83921125438746,-29.996962661607267,1186.8144530813747,186.81445308137472,1947.3627500917478,1947.1437958457882,396.3270202660186,-30.041488093114467,393.7996775834552,-30.17069989449799
20.08000000000034,393.5392426685256,-29.996754510764468,1186.807836217437,186.80783621743694,1947.3430568571098,1947.1888717720253,396.0242008167937,-30.01612969496469,393.29882577376964,-29.787904111616683
20.09000000000034,393.23927616013464,-29.996547167434304,1186.8012197160317,186.8012197160317,1947.2363635750394,1947.0860427234309,395.71982372248436,-30.016814179532524,392.9804298737,-30.022974540643027
20.100000000000342,392.93931173260717,-29.996338338055665,1186.794602652246,186.7946026522461,1947.4018720682122,1947.1277519988735,395.55026935290067,-30.05747707449136,394.02428002664743,-30.42344312912084
20.110000000000344,392.63934938524847,-29.996131133681985,1186.7879862806542,186.7879862806542,1947.1981595294085,1947.2173206238022,395.16658521955674,-30.027834790466464,391.71342801946116,-29.7610542342424
20.120000000000346,392.3393891181556,-29.995922284892238,1186.7813692828247,186.7813692828247,1947.382461236816,1947.0511706018433,394.84993345635195,-30.03419066574132,392.00006758750857,-30.091393543215023
20.130000000000347,392.03943094299245,-29.995712747738114,1186.7747520443017,186.77475204430175,1947.453297306941,1947.1156253215966,394.52982538610945,-30.038136878164025,391.6488527539269,-30.073652789968367
20.14000000000035,391.73947485902863,-29.995504045017196,1186.7681351791632,186.7681351791632,1947.343410298528,1947.1020591756962,394.3307172390062,-30.009809741090802,392.5387439150768,-29.75486550743176
20.15000000000035,391.4395208629301,-29.995295174685,1186.7615182833274,186.7615182833274,1947.3524444533195,1947.0126295866435,394.08470877699295,-30.050845096124,391.8706326188736,-30.420163291422796
20.160000000000352,391.13956895475843,-29.995086459659493,1186.754901487012,186.75490148701192,1947.3231556749565,1947.1611528771189,393.73263710794185,-30.130441592262112,390.563992086482,-30.84681005750512
20.170000000000353,390.83961912994255,-29.994878503518873,1186.7482850336062,186.74828503360618,1947.2222373266682,1947.2673541973666,393.4028662690878,-30.08818418779622,390.43492871940117,-29.707867547603175
20.180000000000355,390.53967138664666,-29.994670155652432,1186.7416684591276,186.7416684591276,1947.2578690733485,1946.9917990394085,393.14239410663106,-30.085478182470403,390.79814464452085,-30.06112413453807
20.190000000000357,390.23972572786766,-29.994461600154807,1186.7350518378132,186.73505183781322,1947.2716528257586,1947.0588299843703,392.8510122545688,-30.09704309051611,390.2285755860086,-30.20112726292743
20.200000000000358,389.93978215254475,-29.99425346443221,1186.7284354226595,186.72843542265946,1947.210979731999,1947.082435338607,392.5701271884865,-30.063787779523302,390.0421615937456,-29.764489980588024
20.21000000000036,389.6398406596498,-29.994045114558016,1186.7218189580403,186.72181895804033,1947.2255374067136,1946.9654486524846,392.19630419623235,-30.047824082391656,388.8318972659446,-29.90415080820681
20.22000000000036,389.33990124863476,-29.99383708844573,1186.7152026608628,186.71520266086281,1947.1762593481524,1946.981331358958,391.9572856450203,-30.054878391665966,389.8061186841121,-30.11836717513474
20.230000000000363,389.03996391731874,-29.99362917476299,1186.7085864459082,186.70858644590817,1947.1520611256512,1947.0201761249796,391.7005885028562,-29.964313836641495,389.39031422337905,-29.149232841421224
20.240000000000364,388.7400286687998,-29.993420529012802,1186.7019699726484,186.70196997264839,1947.2280803698384,1946.7689378506432,391.39931537980124,-29.955425294378465,388.68785727230636,-29.875428414011203
20.250000000000366,388.4400955029507,-29.99321264080298,1186.6953538417406,186.6953538417406,1947.127326168467,1946.9171269183537,391.06649053793313,-29.953766494142855,388.07106696112004,-29.938837292022367
20.260000000000367,388.1401644222114,-29.99300350707069,1186.6887372454917,186.68873724549167,1947.2642760676426,1946.9200388702202,390.7968715076101,-29.951844925227533,388.37030023470254,-29.934550804989648
20.27000000000037,387.8402354281905,-29.992795297110213,1186.6821210586218,186.68212105862176,1947.1437958457882,1946.9078336624798,390.4502231336827,-29.949749109276038,387.3303877683361,-29.93088676571258
20.28000000000037,387.54030851862586,-29.9925866158196,1186.6755047185886,186.67550471858863,1947.1888717720253,1946.8957190377023,390.23234146911295,-29.94057378699496,388.2714064879847,-29.857995886465243
20.290000000000372,387.2403836919989,-29.99237870957243,1186.6688887279577,186.66888872795766,1947.0860427234309,1946.866253893049,389.98124505085514,-29.952864638353088,387.7213772865348,-30.06348230057622
20.300000000000374,386.9404609466492,-29.992170360364877,1186.6622725956029,186.66227259560287,1947.1277519988735,1946.9046137611845,389.7146616524057,-29.94841717540777,387.31541106636104,-29.908390008899918
20.310000000000375,386.6405402890229,-29.99196116487942,1186.6556561589034,186.6556561589034,1947.2173206238022,1946.85819526669,389.3597039795831,-29.94321594421097,386.16508492417927,-29.89640486343976
20.320000000000377,386.3406217168082,-29.991753278054826,1186.6490402867641,186.64904028676415,1947.0511706018433,1946.8433684871354,389.0082109201336,-29.9670560858419,385.84477338508805,-30.181617360520264
20.33000000000038,386.04070522663494,-29.991544756586247,1186.6424241956145,186.64242419561447,1947.1156253215966,1946.902653590741,388.72092676614835,-29.960587624714933,386.13536938028113,-29.90237147457221
20.34000000000038,385.7407908215622,-29.99133625795621,1186.6358081505612,186.63580815056116,1947.1020591756962,1946.828084086999,388.3634515484359,-29.932042914903576,385.14617458902364,-29.675140526601346
20.35000000000038,385.44087849816503,-29.991128421480912,1186.62919240938,186.62919240938004,1947.0126295866435,1946.7589412417383,388.09979455732383,-29.959093318629638,385.7268816373153,-30.202546952164177
20.360000000000383,385.1409682598482,-29.99091924188772,1186.6225761635326,186.62257616353259,1947.1611528771189,1946.8729391699628,387.7270326877538,-29.96662304832789,384.3721758616236,-30.03439061561215
20.370000000000385,384.8410601182597,-29.990709075813744,1186.6159595568245,186.61595955682446,1947.2673541973666,1946.8269443684835,387.41613824511137,-29.965637437364883,384.6180882613291,-29.956766938697836
20.380000000000386,384.54115406717847,-29.990501140429437,1186.6093438864234,186.6093438864234,1946.9917990394085,1946.7987019788122,387.1104839942603,-30.02834751349369,384.3595957366007,-30.59273819865294
20.390000000000388,384.24125009873296,-29.99029254867162,1186.6027279882583,186.60272798825827,1947.0588299843703,1946.9467310050104,386.8041432577925,-30.03371059034353,384.04707662958236,-30.08197828199211
20.40000000000039,383.94134821765715,-29.99008366649553,1186.5961120098848,186.5961120098848,1947.082435338607,1946.8240007898498,386.54954680501766,-30.05029388819706,384.25817873004416,-30.199543568878845
20.41000000000039,383.641448420931,-29.98987567873165,1186.5894964290196,186.58949642901962,1946.9654486524846,1946.844014995819,386.3426707002776,-30.101601283770073,384.4807857576173,-30.56336784392718
20.420000000000393,383.34155070520916,-29.98966746563674,1186.5828807941866,186.58288079418662,1946.981331358958,1946.928399648043,386.1081170756609,-30.097137471083084,383.9971344541105,-30.05696315690017
20.430000000000394,383.0416550737125,-29.989458833693373,1186.5762650273632,186.5762650273632,1947.0201761249796,1946.80390799675,385.84445011908326,-30.083975562822353,383.4714475098843,-29.965518388475754
20.440000000000396,382.741761518406,-29.989252227601302,1186.5696501142206,186.56965011422062,1946.7689378506432,1946.7692133092182,385.5911590358168,-30.086124088236836,383.31153928641874,-30.105460816967145
20.450000000000397,382.4418700358622,-29.98904428115896,1186.5630346975474,186.56303469754744,1946.9171269183537,1946.790192279985,385.22129911456244,-30.033800978910918,381.8925598232733,-29.56289299497764
20.4600000000004,382.14198063336295,-29.988836218696722,1186.5564192709799,186.55641927097986,1946.9200388702202,1946.6443704808307,384.9076932341484,-30.02265774868077,382.08524031042185,-29.92236867660946
20.4700000000004,381.8420933114314,-29.988628167616785,1186.549803885884,186.5498038858841,1946.9078336624798,1946.7104416328675,384.6628708375789,-30.05021344783721,382.4594692684538,-30.298214740245115
20.480000000000402,381.54220806995755,-29.988420127156438,1186.5431885419525,186.54318854195253,1946.8957190377023,1946.7909004173637,384.38057910569876,-30.061730958463016,381.8399535187772,-30.165388554095305
20.490000000000403,381.2423249081041,-29.988212243543828,1186.5365732981404,186.5365732981404,1946.866253893049,1946.7538659384466,384.0601452181571,-30.05221071800957,381.1762402302819,-29.96652855392854
20.500000000000405,380.94244382716056,-29.988003945160326,1186.5299579239856,186.52995792398565,1946.9046137611845,1946.6963136210854,383.67336398598513,-30.06915515200926,380.1923328964371,-30.221655058006455
20.510000000000407,380.64256482770224,-29.987795946506225,1186.523342707556,186.5233427075559,1946.85819526669,1946.746998280861,383.4378377147775,-30.034433495801412,381.31810127390884,-29.721938589930787
20.520000000000408,380.34268790806306,-29.987587981332574,1186.516727541506,186.51672754150604,1946.8433684871354,1946.6155886217257,383.1251907552397,-30.022455240599143,380.31136811939945,-29.914650943778707
20.53000000000041,380.0428130710313,-29.987379425023175,1186.5101121740117,186.51011217401174,1946.902653590741,1946.644369727135,382.8022408615371,-29.97825015746671,379.89569181821304,-29.58040440927478
20.54000000000041,379.74294031687765,-29.98717140570575,1186.5034970598965,186.50349705989652,1946.828084086999,1946.5470966343676,382.4862931781815,-29.972187019526572,379.64276402798055,-29.917618778065297
20.550000000000413,379.44306964046086,-29.98696387765324,1186.4968821807213,186.4968821807213,1946.7589412417383,1946.6096324709156,382.2392723316165,-29.996985849884616,380.0160847125319,-30.22017532310701
20.560000000000414,379.1432010445859,-29.98675529733239,1186.4902669141934,186.4902669141934,1946.8729391699628,1946.673039718427,382.0076046621383,-30.041876636921696,379.92259563683433,-30.445893720255402
20.570000000000416,378.8433345330334,-29.986547013179905,1186.4836518039508,186.4836518039508,1946.8269443684835,1946.7249522935283,381.7726597557835,-30.04752394206608,379.65815559858976,-30.0983496883655
20.580000000000418,378.5434701035896,-29.986338875579197,1186.4770367896729,186.47703678967287,1946.7987019788122,1946.6385725037223,381.43760585317284,-30.098105740552878,378.4221207296769,-30.55334192693408
20.59000000000042,378.2436077622174,-29.986129398862538,1186.4704212724082,186.4704212724082,1946.9467310050104,1946.74301606652,381.0954663082084,-30.118102302314654,378.01621040352853,-30.298071358170603
20.60000000000042,377.94374751089777,-29.985920865064433,1186.4638061721678,186.46380617216778,1946.8240007898498,1946.6811267359824,380.7499121112087,-30.1090034875633,377.639924338211,-30.027114154801097
20.610000000000422,377.643889346217,-29.98571207109307,1186.457191003921,186.45719100392103,1946.844014995819,1946.6076701131908,380.48719941543317,-30.09044624537426,378.12278515345344,-29.92343106567288
20.620000000000424,377.3440332734895,-29.98550247440125,1186.4505755489442,186.45057554894424,1946.928399648043,1946.5687580646613,380.1882666339089,-30.112817449942327,377.4978716001901,-30.31415829105492
20.630000000000425,377.04417929194005,-29.98529383549022,1186.4439605169769,186.44396051697686,1946.80390799675,1946.6510835233971,379.8298201952319,-30.046103337946576,376.6038022471387,-29.445676329984828
20.640000000000427,376.74432739577503,-29.98508539751848,1186.4373456028984,186.4373456028984,1946.7692133092182,1946.4288394824844,379.48451086354805,-29.99031529634205,376.3767268783934,-29.48822292190129
20.65000000000043,376.44447758533124,-29.98487669123917,1186.4307306175356,186.43073061753557,1946.790192279985,1946.4120814416576,379.16835447578234,-29.989702797747455,376.3229469858908,-29.98419031039612
20.66000000000043,376.14462985626227,-29.984669122552308,1186.4241161276598,186.42411612765977,1946.6443704808307,1946.5114100020924,378.9195002718418,-29.95104265756978,376.67981243637723,-29.60310139597071
20.67000000000043,375.84478420612203,-29.984460905497627,1186.4175014132811,186.41750141328112,1946.7104416328675,1946.4052691752383,378.6064880372559,-29.96603177396821,375.7893779259825,-30.10093382155409
20.680000000000433,375.5449406420006,-29.984251918795238,1186.4108864255122,186.41088642551222,1946.7909004173637,1946.5093464092965,378.29753727530425,-29.957715062603953,375.5169804177395,-29.882864660325602
20.690000000000435,375.24509916664283,-29.984043152758,1186.4042715635824,186.40427156358237,1946.7538659384466,1946.4478601179035,378.0368586487816,-29.960220975849534,375.6907510100777,-29.982774195059758
20.700000000000436,374.94525977697737,-29.9838347803315,1186.3976568972091,186.39765689720912,1946.6963136210854,1946.4600422474196,377.7586430765024,-29.913431564329606,375.25470292598897,-29.492326860650216
20.710000000000438,374.6454224736297,-29.983625889206646,1186.3910420586149,186.39104205861486,1946.746998280861,1946.3273411326038,377.46638649682836,-29.911101411137167,374.8360772797621,-29.890130032405214
20.72000000000044,374.3455872541125,-29.983418014234463,1186.3844276665366,186.38442766653657,1946.6155886217257,1946.4043785341398,377.0783610313023,-29.99725497555177,373.58613184156746,-30.77263705528318
20.73000000000044,374.04575411501537,-29.983209805189137,1186.3778131766633,186.37781317666327,1946.644369727135,1946.6137074363944,376.7945191261351,-29.998695185453933,374.23994197963043,-30.0116570745734
20.740000000000443,373.74592305436653,-29.983002324578706,1186.3711990173135,186.37119901731353,1946.5470966343676,1946.434285358726,376.46392038521253,-29.989819993240822,373.48853171690916,-29.909943263322802
20.750000000000444,373.44609407161676,-29.982794225376,1186.3645846454738,186.36458464547377,1946.6096324709156,1946.3985020202422,376.15911756739314,-29.955284008935326,373.4158922070183,-29.644460150185832
20.760000000000446,373.1462671729887,-29.982585500225966,1186.357970058183,186.3579700581829,1946.673039718427,1946.3191971615242,375.8621380713656,-29.980421856616495,373.1893226071182,-30.206662485747017
20.770000000000447,372.84644236425754,-29.98237624600906,1186.3513552944985,186.3513552944985,1946.7249522935283,1946.440398117927,375.61007681260276,-29.987131227804138,373.3415254837372,-30.047515568492923
20.78000000000045,372.5466196448854,-29.982167628411784,1186.3447408243235,186.34474082432348,1946.6385725037223,1946.3961799333651,375.3300579300147,-30.000957189050688,372.8098879867216,-30.125390840269624
20.79000000000045,372.2467990165486,-29.98195803894697,1186.3381259992605,186.33812599926046,1946.74301606652,1946.4066106524226,374.98924069439323,-29.996532227134743,371.9218855737999,-29.95670756989126
20.800000000000452,371.94698048195556,-29.98174887966874,1186.3315113844908,186.3315113844908,1946.6811267359824,1946.3571803085376,374.68565610532664,-29.98065908132714,371.9533948037274,-29.83780076905869
20.810000000000453,371.6471640363168,-29.981540248089516,1186.3248970193188,186.32489701931877,1946.6076701131908,1946.3156316919235,374.36837461076016,-30.03583799151649,371.5128411596619,-30.532448183220634
20.820000000000455,371.3473496758112,-29.98133185302881,1186.3182827863657,186.31828278636567,1946.5687580646613,1946.4746099874335,374.0446334230859,-30.006572823653407,371.130962734017,-29.743186312885666
20.830000000000457,371.0475374031834,-29.981122672526666,1186.3116682736795,186.31166827367952,1946.6510835233971,1946.280374190013,373.7300550171335,-30.011419310616173,370.89884936356185,-30.05503769328103
20.840000000000458,370.7477272134511,-29.98091527393541,1186.305054516155,186.305054516155,1946.4288394824844,1946.3403052325946,373.48114106206054,-30.029728103765862,371.2409154664041,-30.194507242113087
20.85000000000046,370.4479190974558,-29.98070792513392,1186.2984408155723,186.29844081557235,1946.4120814416576,1946.3656699543535,373.10067870468794,-30.029645019488434,369.67651748833435,-30.02889726099157
20.86000000000046,370.1481130595923,-29.980499647562013,1186.291826777482,186.2918267774819,1946.5114100020924,1946.3181304624165,372.7812134426159,-30.05371787188839,369.9060260839679,-30.270373543487988
20.870000000000463,369.8483091004883,-29.980292173235373,1186.2852131000468,186.2852131000468,1946.4052691752383,1946.3677640202648,372.47915408560823,-30.031630132605688,369.76061987253894,-29.83284047906134
20.880000000000464,369.5485072209716,-29.980083730097803,1186.2785990689683,186.27859906896833,1946.5093464092965,1946.2536848098134,372.1856249710662,-30.017266060174315,369.5438629401877,-29.887989408291933
20.890000000000466,369.2487074237522,-29.979875713788264,1186.2719852468138,186.27198524681376,1946.4478601179035,1946.2512353769532,371.98260360126056,-30.023813391382436,370.1554112730099,-30.08273937225553
20.900000000000468,368.94890970766676,-29.979667503306562,1186.2653713832656,186.26537138326557,1946.4600422474196,1946.2856174579458,371.6931516436334,-30.034675203452824,369.0880840249891,-30.132431512086303
20.91000000000047,368.64911406855026,-29.979460319989197,1186.2587579706217,186.25875797062167,1946.3273411326038,1946.2889628667576,371.3464299001308,-30.046700944708995,368.22593420860676,-30.154932616014527
20.92000000000047,368.3493205049714,-29.97925239578669,1186.2521442962127,186.2521442962127,1946.4043785341398,1946.2865898672742,371.0227810320388,-30.02917181589035,368.10994121921055,-29.871409656522555
20.930000000000472,368.04952902991505,-29.979042615481582,1186.2455299105266,186.24552991052656,1946.6137074363944,1946.2080014101725,370.8429096211615,-30.04564019893775,369.2240669232654,-30.193855646364334
20.940000000000474,367.74973964555664,-29.97883425619777,1186.2389161344975,186.23891613449746,1946.434285358726,1946.2735153206168,370.51276135832023,-30.04085329505709,367.54142699274894,-29.997771160131148
20.950000000000475,367.4499523437403,-29.978626107084246,1186.2323024800564,186.23230248005643,1946.3985020202422,1946.2178969776533,370.22627039929773,-30.026724051901162,367.64785176809517,-29.89956086349781
20.960000000000477,367.1501671205297,-29.978418535033708,1186.2256890950848,186.22568909508482,1946.3191971615242,1946.1814335573301,369.98286486111834,-30.094685262330476,367.7922150175038,-30.70633615619427
20.97000000000048,366.8503839786057,-29.97820984977245,1186.2190752982851,186.21907529828513,1946.440398117927,1946.3688813860615,369.5502702793573,-30.097914066234978,365.65691904350786,-30.126973301375497
20.98000000000048,366.5506029221279,-29.978001445789875,1186.2124616517342,186.2124616517342,1946.3961799333651,1946.2303166241486,369.3051685530115,-30.13289224513864,367.09925301589976,-30.447695855271554
20.99000000000048,366.250823950587,-29.977792862390388,1186.2058479697407,186.20584796974072,1946.4066106524226,1946.3005903561861,368.84935247578437,-30.10024692467724,364.74700778074015,-29.806439040524626
21.000000000000483,365.951047063254,-29.977584604214627,1186.1992344557063,186.19923445570635,1946.3571803085376,1946.138306532396,368.57170479571647,-30.12068694483496,366.07287567510537,-30.304647126254455
21.010000000000485,365.6512722572088,-29.97737660482332,1186.1926210828497,186.19262108284966,1946.3156316919235,1946.2439833309775,368.2303845618296,-30.135448222422838,365.15850245684834,-30.26829972071372
21.020000000000486,365.3514995383161,-29.977167173712456,1186.1860071698018,186.18600716980177,1946.4746099874335,1946.2292928206039,367.948022825352,-30.13840957583729,365.40676719705306,-30.165061756567358
21.030000000000488,365.0517289060046,-29.97695928858798,1186.1793939167464,186.17939391674645,1946.280374190013,1946.1964591098265,367.683096629366,-30.207903346999494,365.29876086549234,-30.833347287459297
21.04000000000049,364.75196035552796,-29.976750806741016,1186.1727804600519,186.17278046005185,1946.3403052325946,1946.3535573609536,367.3471404087258,-30.218569711800978,364.32353442296403,-30.31456699501433
21.05000000000049,364.4521938913964,-29.976542019572594,1186.1661669171706,186.16616691717059,1946.3656699543535,1946.2305219307875,367.04482872307426,-30.210508375332846,364.3240235522102,-30.137956347119637
21.060000000000493,364.15242951359005,-29.976333541698697,1186.1595535358235,186.15955353582353,1946.3181304624165,1946.1783219205465,366.7954809911206,-30.242870995119233,364.5513514035379,-30.534134573196713
21.070000000000494,363.85266722311206,-29.976124553900906,1186.1529399858268,186.15293998582683,1946.3677640202648,1946.2646374651667,366.5034741881363,-30.199446258301048,363.87541296127745,-29.808623626937393
21.080000000000496,363.55290701816074,-29.975916436370692,1186.146326823459,186.14632682345905,1946.2536848098134,1946.0806364325538,366.30124984296685,-30.19154625524082,364.4812307364417,-30.120446227698736
21.090000000000497,363.25314889473884,-29.97570824801008,1186.1397136694143,186.13971366941428,1946.2512353769532,1946.1370225755038,366.01266267836166,-30.224078338294618,363.4153781969151,-30.516867085778788
21.1000000000005,362.95339285510727,-29.97549967830258,1186.1331003985429,186.13310039854287,1946.2856174579458,1946.2234394797063,365.5871378858206,-30.173877241021962,361.75741475295075,-29.72206736556807
21.1100000000005,362.6536389017713,-29.975290988904966,1186.1264871163041,186.12648711630413,1946.2889628667576,1946.022159071605,365.29350997273326,-30.11866323511631,362.65085875494725,-29.62173718196544
21.120000000000502,362.3538870356866,-29.97508222802653,1186.1198738421285,186.11987384212853,1946.2865898672742,1945.9738127341598,364.93087753458013,-30.088708070221468,361.66718559120176,-29.819111586167903
21.130000000000503,362.05413725435534,-29.974874038227753,1186.113260834988,186.11326083498807,1946.2080014101725,1945.9986393295694,364.7366443985849,-30.064733498771382,362.9885461746273,-29.848962355720573
21.140000000000505,361.7543895581412,-29.974665204606328,1186.1066476052383,186.10664760523832,1946.2735153206168,1945.9879001591664,364.4522479898201,-30.05546998693015,361.8926803109367,-29.97209838035902
21.150000000000507,361.45464394837614,-29.974456748411374,1186.1000345644738,186.10003456447384,1946.2178969776533,1946.0019770902688,364.0739435128194,-30.006701475006963,360.6692032198132,-29.56778486769827
21.160000000000508,361.1549004220933,-29.97424850815471,1186.0934216476082,186.09342164760824,1946.1814335573301,1945.887869708105,363.7514963217566,-29.98832168063025,360.84947160219076,-29.822903531239803
21.17000000000051,360.85515898657235,-29.974038596035964,1186.0868080938149,186.08680809381485,1946.3688813860615,1945.9287443206872,363.3837108729096,-30.022277162106054,360.07364183328673,-30.3278764953883
21.18000000000051,360.5554196447888,-29.9738297606679,1186.0801950108498,186.08019501084982,1946.2303166241486,1946.0396786559847,363.17263612005866,-30.027851490630972,361.2729633443999,-30.078020447355254
21.190000000000513,360.25568239477883,-29.973620241323903,1186.0735816891022,186.07358168910218,1946.3005903561861,1945.9749903199422,362.95360452133286,-30.02477528547202,360.9823201328001,-29.99708943904146
21.200000000000514,359.95594723357857,-29.97341199872768,1186.0669689187775,186.06696891877755,1946.138306532396,1945.9454375687637,362.5617439039096,-29.992876928805636,359.03499834709964,-29.705791718808165
21.210000000000516,359.6562141597166,-29.973202773664234,1186.0603557893744,186.0603557893744,1946.2439833309775,1945.86113139949,362.2416963136026,-29.969948848885984,359.36126800083883,-29.76359612960912
21.220000000000518,359.35648317794346,-29.972993580967415,1186.0537427098882,186.05374270988818,1946.2292928206039,1945.8568946433902,361.95443554341364,-30.016546868932416,359.3690886117135,-30.435929049350275
21.23000000000052,359.0567542871706,-29.972784573609424,1186.0471297419674,186.0471297419674,1946.1964591098265,1946.008532664578,361.6728821560579,-29.946283945135534,359.13890166985584,-29.313917630963584
21.24000000000052,358.7570274935515,-29.972574150207578,1186.0405162402435,186.0405162402435,1946.3535573609536,1945.7289663069614,361.405946012733,-29.950638498232905,359.00352072280873,-29.989829476109218
21.250000000000522,358.4573027994372,-29.97236467266207,1186.033903156581,186.0339031565809,1946.2305219307875,1945.8696646645058,361.1648488615013,-29.94649106171973,358.9949745004156,-29.909164133101136
21.260000000000524,358.1575801983551,-29.972155543743067,1186.0272902502882,186.02729025028816,1946.1783219205465,1945.8398737714947,360.87459870669977,-29.98180626508684,358.2623473134865,-30.2996430953908
21.270000000000525,357.85785969265856,-29.971945595561735,1186.0206770507045,186.02067705070453,1946.2646374651667,1945.9257437447445,360.5846172065851,-29.94975689564182,357.97478370555336,-29.661312570636653
21.280000000000527,357.5581412791443,-29.971737107294295,1186.0140644763367,186.01406447633667,1946.0806364325538,1945.7642765310725,360.24016650623605,-29.909220042169657,357.1401102030943,-29.544388360920212
21.29000000000053,357.2584249533473,-29.971528052116398,1186.0074517103749,186.00745171037488,1946.1370225755038,1945.716320765806,359.93740704973993,-29.94208392851049,357.21257194127475,-30.23785890557796
21.30000000000053,356.9587107222026,-29.971318176810193,1186.0008386507775,186.0008386507775,1946.2234394797063,1945.8688415077445,359.68941902083225,-29.953611180412608,357.45752676066274,-30.057356447531674
21.31000000000053,356.6589985817829,-29.97110990713911,1185.9942262751097,185.99422627510967,1946.022159071605,1945.8212187082702,359.42435272130166,-29.964113812053014,357.03875602552597,-30.05863749681667
21.320000000000533,356.35928852247906,-29.97090195362954,1185.9876140637175,185.9876140637175,1945.9738127341598,1945.813708734985,359.1148549942429,-29.949985820080638,356.3293754507141,-29.822833892329253
21.330000000000535,356.0595805442144,-29.970693699308384,1185.9810017679672,185.9810017679672,1945.9986393295694,1945.746671709318,358.82387240211955,-30.011922561416966,356.20502907300937,-30.569353233443906
21.340000000000536,355.7598746484976,-29.97048544405591,1185.9743895087074,185.97438950870742,1945.9879001591664,1945.919057627488,358.4614104397527,-29.979896550137138,355.1992527784504,-29.691662448618665
21.350000000000538,355.4601708363842,-29.970276978626092,1185.9677772016157,185.96777720161572,1946.0019770902688,1945.704407256615,358.1546796499708,-29.994646532069176,355.3941025419334,-30.127396369457518
21.36000000000054,355.16046910457175,-29.970069383857375,1185.9611652822487,185.96116528224866,1945.887869708105,1945.794622296516,357.787329894668,-30.02458090688627,354.48118209694303,-30.29399028024013
21.37000000000054,354.86076945088763,-29.969861352959857,1185.954553223994,185.95455322399403,1945.9287443206872,1945.8292469603202,357.3935839182919,-30.022147373054676,353.84987013090665,-30.000245568570318
21.380000000000543,354.56107188264696,-29.96965229518133,1185.9479407887964,185.94794078879636,1946.0396786559847,1945.7525828417345,357.08041083569833,-30.0458955019969,354.26185309235643,-30.259628662476924
21.390000000000544,354.2613764027142,-29.96944369136837,1185.9413285734029,185.94132857340287,1945.9749903199422,1945.8061080867333,356.7951012211415,-30.027331202008465,354.2273146901302,-29.860252502112548
21.400000000000546,353.961683008031,-29.9692352452616,1185.9347164584265,185.93471645842646,1945.9454375687637,1945.7014892899401,356.616419296441,-30.066878108920676,355.00828197413597,-30.422800271130566
21.410000000000547,353.66199169471196,-29.969027418554155,1185.9281046299134,185.92810462991338,1945.86113139949,1945.8267735309357,356.3789455884331,-30.027899993053573,354.2416822163622,-29.677096950249634
21.42000000000055,353.36230245993875,-29.968819536094447,1185.9214928157965,185.92149281579646,1945.8568946433902,1945.6395232652524,356.0383266386149,-30.015894868720082,352.9727560902504,-29.90784874971864
21.43000000000055,353.0626153108407,-29.96861028350519,1185.9148804864296,185.91488048642964,1946.008532664578,1945.6767555472834,355.7178738433706,-30.005595752786032,352.8337986861719,-29.912903709379567
21.440000000000552,352.76293024293915,-29.968403296812276,1185.9082691069993,185.90826910699934,1945.7289663069614,1945.664306032541,355.4978360339977,-29.983708320209715,353.5174957496414,-29.786721427022883
21.450000000000554,352.4632472512939,-29.968195032232675,1185.901657249491,185.9016572494911,1945.8696646645058,1945.6194752482913,355.219807574389,-29.99506627101065,352.71755143791063,-30.097287828219066
21.460000000000555,352.1635663414958,-29.967986927379492,1185.8950454932092,185.89504549320918,1945.8398737714947,1945.680933781283,354.8399806178535,-29.99861238296375,351.42153800903367,-30.030527390541614
21.470000000000557,351.86388751682415,-29.9677780069515,1185.8884334451502,185.8884334451502,1945.9257437447445,1945.656372114387,354.60270171549377,-30.041343981060212,352.4671915942561,-30.425928363928396
21.480000000000558,351.5642107750064,-29.96757035660552,1185.8818219457396,185.8818219457396,1945.7642765310725,1945.7453973678666,354.2460981530362,-30.03017858652772,351.03666609091806,-29.9296900357353
21.49000000000056,351.2645361081275,-29.96736301917308,1185.8752106092777,185.8752106092777,1945.716320765806,1945.6213100562973,353.898709209303,-30.047672733205715,350.77220871570387,-30.205120053307645
21.50000000000056,350.96486352151106,-29.967154304123646,1185.8685987545664,185.8685987545664,1945.8688415077445,1945.676665846989,353.58414471143743,-30.080589412423215,350.753064230647,-30.376839525380692
21.510000000000563,350.66519302049454,-29.96694589917261,1185.8619870616724,185.86198706167238,1945.8212187082702,1945.7132580470443,353.2435434500323,-30.048122223594536,350.17813209738637,-29.755917524136418
21.520000000000564,350.36552460366835,-29.966737466066864,1185.8553753942965,185.85537539429652,1945.813708734985,1945.5555457740493,352.8903730762844,-30.08791991187661,349.7118397125529,-30.446099106415314
21.530000000000566,350.0658582688041,-29.966529506782095,1185.8487639547052,185.8487639547052,1945.746671709318,1945.709263471263,352.5764203465597,-30.053822206291866,349.75084577903715,-29.74694285602914
21.540000000000568,349.76619402125857,-29.96632000232608,1185.842151929365,185.84215192936495,1945.919057627488,1945.533713298599,352.2855516236297,-30.059009418238755,349.6677331172601,-30.105694325760766
21.55000000000057,349.46653186016454,-29.966112216482987,1185.8355406333837,185.83554063338374,1945.704407256615,1945.6041652585843,352.005867587159,-30.10209092104897,349.48871125892236,-30.489824446340883
21.56000000000057,349.1668717811902,-29.96590357839092,1185.8289290308614,185.82892903086145,1945.794622296516,1945.690784292227,351.7467032892509,-30.076969135841054,349.4142246080777,-29.850873068969825
21.570000000000572,348.8672137905141,-29.965694556825298,1185.8223173106883,185.82231731068828,1945.8292469603202,1945.5311060275003,351.43828891567244,-30.035663942585586,348.6625595534662,-29.663917203286374
21.580000000000574,348.5675578872786,-29.96548609027481,1185.8157058510117,185.81570585101167,1945.7525828417345,1945.467375628097,351.0948410078854,-29.9948088875569,348.00380983780207,-29.62711339229874
21.590000000000575,348.26790407142295,-29.965277080860563,1185.809094209462,185.80909420946205,1945.8061080867333,1945.43713781236,350.81987199751893,-30.001952284583613,348.3451509042206,-30.066242857824015
21.600000000000577,347.96825234170757,-29.96506886221229,1185.802482923396,185.80248292339593,1945.7014892899401,1945.5259955556737,350.53371635016936,-30.00148188532081,347.9583155240234,-29.997248291955575
21.61000000000058,347.6686026999188,-29.96485949554666,1185.7958712116272,185.79587121162717,1945.8267735309357,1945.4998224800363,350.3082191299652,-30.030120020167526,348.27874414812766,-30.287863233787963
21.62000000000058,347.3689551443586,-29.96465161649681,1185.789260136115,185.789260136115,1945.6395232652524,1945.5616476426133,349.9761667694473,-29.99248409303828,346.9876955247853,-29.653760748875065
21.63000000000058,347.06930966961625,-29.96444333198153,1185.7826489340914,185.7826489340914,1945.6767555472834,1945.3995716127672,349.655704312705,-29.962664024612657,346.7715422020243,-29.694283408782052
21.640000000000583,346.7696662776515,-29.964235060973504,1185.77603777437,185.77603777437002,1945.664306032541,1945.3895831486832,349.4520723083501,-29.97487497905699,347.61938426915583,-30.084773569055994
21.650000000000585,346.4700249669638,-29.964027076554288,1185.7694267669788,185.76942676697877,1945.6194752482913,1945.4690405928966,349.18793569054026,-30.00840095724692,346.81070613025145,-30.310134760956245
21.660000000000586,346.17038573916926,-29.96381848235494,1185.762815550758,185.76281555075798,1945.680933781283,1945.517723797509,348.9239173603066,-29.99795999017812,346.54775238820315,-29.903991286558913
21.670000000000588,345.87074859673845,-29.96361000380765,1185.7562044179951,185.75620441799515,1945.656372114387,1945.4138592531795,348.64225239805774,-30.013892153702134,346.1072677378186,-30.157281625418268
21.68000000000059,345.5711135433045,-29.963400682986737,1185.749592982734,185.74959298273393,1945.7453973678666,1945.4638615610513,348.25208434180405,-29.99374544468811,344.7405718355209,-29.812425063561886
21.69000000000059,345.27148057830374,-29.96319231716,1185.742981969108,185.7429819691081,1945.6213100562973,1945.370919936345,347.85085380783005,-30.000210646702573,344.239779002064,-30.058397464832762
21.700000000000593,344.9718496997529,-29.962983393004986,1185.7363707673892,185.7363707673892,1945.676665846989,1945.4166665173354,347.6100124903433,-29.990730989256626,345.44244063296287,-29.905414072243076
21.710000000000594,344.6722209124441,-29.96277406875707,1185.729759441334,185.72975944133395,1945.7132580470443,1945.369326822907,347.41365046479285,-29.95718202262922,345.646392234839,-29.65524132298254
21.720000000000596,344.3725942121848,-29.962565983101104,1185.7231486511682,185.72314865116823,1945.5555457740493,1945.293703373021,347.07684992011576,-29.956901017280863,344.045645018022,-29.954371969145672
21.730000000000597,344.07296959972155,-29.96235650956013,1185.716537338686,185.71653733868607,1945.709263471263,1945.3493893128364,346.7740933529491,-30.004911869409174,344.04928424844934,-30.43700953856397
21.7400000000006,343.77334707504843,-29.962148425064107,1185.7099266227049,185.70992662270487,1945.533713298599,1945.4592681276326,346.4269987793348,-30.017458352184065,343.30314761680626,-30.130376697158066
21.7500000000006,343.4737266346486,-29.96193965491237,1185.7033156673353,185.70331566733535,1945.6041652585843,1945.3839032704238,346.02986053972336,-30.01048167840935,342.4556163832206,-29.947691614436877
21.760000000000602,343.1741082860603,-29.961730062743886,1185.6967044176436,185.69670441764356,1945.690784292227,1945.3306588727385,345.7318317221244,-30.05579333388215,343.0495723637338,-30.463598233137358
21.770000000000604,342.87449202711764,-29.961521725782344,1185.6900937105215,185.69009371052152,1945.5311060275003,1945.4471811344695,345.4663083958876,-30.024889990731438,343.0765984597563,-29.746759902375057
21.780000000000605,342.57487784931453,-29.961313834833877,1185.6834832199486,185.68348321994858,1945.467375628097,1945.2685901201094,345.1885170651735,-30.02825442039795,342.688395088747,-30.05853428739657
21.790000000000607,342.27526574960325,-29.961106107431544,1185.6768728321206,185.67687283212058,1945.43713781236,1945.328098885849,344.9267640412041,-30.00113297828701,342.57098682547917,-29.757039999288537
21.80000000000061,341.97565573137047,-29.960897539126517,1185.6702621423633,185.6702621423633,1945.5259955556737,1945.242857592957,344.6470233887067,-30.021847801884004,342.1293575162303,-30.208281214256946
21.81000000000061,341.6760477981744,-29.9606891000807,1185.6636515415394,185.66365154153937,1945.4998224800363,1945.3381782187646,344.36375586792906,-29.97986751217891,341.81434818093,-29.602044904833058
21.82000000000061,341.3764419524335,-29.960480048111254,1185.6570407306401,185.65704073064012,1945.5616476426133,1945.1810886739731,344.0351930234489,-29.914990585598172,341.0781274231276,-29.331098246371525
21.830000000000613,341.0768381908348,-29.96027227162292,1185.6504304704579,185.65043047045788,1945.3995716127672,1945.0921474232746,343.71307599348825,-29.918546543800442,340.8140227238421,-29.95055016762088
21.840000000000614,340.7772365070372,-29.960064487902244,1185.6438202442155,185.64382024421548,1945.3895831486832,1945.2200825504465,343.3858677650428,-29.916000213133014,340.440993709034,-29.893083237126167
21.850000000000616,340.47763690488495,-29.959855942541697,1185.637209747985,185.63720974798503,1945.4690405928966,1945.1958962408607,343.0079335943953,-29.936767040038387,339.6065260585673,-30.123668482186712
21.860000000000618,340.1780393906968,-29.959646895087705,1185.6305990863343,185.6305990863343,1945.517723797509,1945.2421969655659,342.670338114008,-29.93499487510655,339.63197879052257,-29.91904539072002
21.87000000000062,339.87844396306053,-29.959438632170468,1185.6239887776042,185.62398877760415,1945.4138592531795,1945.1855236275512,342.44087106768876,-29.918059065199508,340.375667650815,-29.765636776036104
21.88000000000062,339.5788506206195,-29.95922985603254,1185.6173782989715,185.61737829897152,1945.4638615610513,1945.1360197325046,342.0360860549389,-29.860914054694973,338.39302094019007,-29.346608960154175
21.890000000000622,339.2792593624778,-29.95902177231562,1185.6107681361448,185.61076813614477,1945.370919936345,1945.0163198506725,341.77516738272385,-29.894019800671828,339.4268993327882,-30.191971514463518
21.900000000000624,338.97967018755986,-29.95881321127011,1185.6041578178758,185.60415781787583,1945.4166665173354,1945.2026657728443,341.503474059157,-29.895213447056577,339.0582341470553,-29.905956264519304
21.910000000000625,338.68008309671336,-29.958604958026438,1185.5975476604622,185.59754766046217,1945.369326822907,1945.1287296812568,341.1877925270651,-29.8956150981333,338.3466587382376,-29.899229957823817
21.920000000000627,338.38049808566745,-29.95839725115144,1185.590937760009,185.59093776000896,1945.293703373021,1945.116638061169,340.8766894685443,-29.914024173215815,338.0767619418573,-30.079705848958447
21.93000000000063,338.08091515449615,-29.95818898311096,1185.5843276703408,185.58432767034083,1945.3493893128364,1945.1511494079875,340.56279808035174,-29.96142079289752,337.7377755866186,-30.387990370032856
21.94000000000063,337.7813343110966,-29.957979696797686,1185.5777172073163,185.57771720731625,1945.4592681276326,1945.2221144617642,340.29194352693696,-29.943517700192047,337.8542525462043,-29.782389865842784
21.95000000000063,337.4817555578393,-29.95777095467108,1185.5711070003733,185.57110700037333,1945.3839032704238,1945.0718545405375,340.036668909831,-29.920345268060892,337.7391973558775,-29.71179337888051
21.960000000000633,337.1821788902151,-29.957562570160135,1185.5644969743494,185.56449697434937,1945.3306588727385,1945.0390211103731,339.76743691837015,-29.940048763217327,337.3443489952225,-30.117380219625208
21.970000000000635,336.88260431180765,-29.957353111323442,1185.557886552395,185.55788655239508,1945.4471811344695,1945.1239164703675,339.52093685093547,-29.982504724223197,337.3024362440232,-30.364608373276024
21.980000000000636,336.58303182091413,-29.957145067379027,1185.551276737274,185.55127673727407,1945.2685901201094,1945.1799404990034,339.1821127788077,-30.00889476068148,336.1326961296579,-30.246405088806
21.990000000000638,336.28346141342723,-29.956936430004525,1185.5446667199485,185.5446667199485,1945.328098885849,1945.1502957676414,338.94625044522667,-29.975415272189583,336.8234894429969,-29.6740998757625
22.00000000000064,335.98389308917643,-29.95672842014881,1185.5380569922638,185.53805699226382,1945.242857592957,1945.0031087454277,338.67437997147385,-29.941388691029154,336.22754570769894,-29.63514946058527
22.01000000000064,335.68432684950176,-29.956519514785164,1185.5314469406899,185.53144694068988,1945.3381782187646,1944.9742935106613,338.33141052015606,-29.932443919808925,335.24468545829575,-29.85194097882687
22.020000000000643,335.38476269271285,-29.956311842987898,1185.5248374228895,185.5248374228895,1945.1810886739731,1945.0092764613817,338.03048701599255,-29.90942424901028,335.3221754785213,-29.702247211822424
22.030000000000644,335.0852006093482,-29.956104829941662,1185.518228207302,185.51822820730195,1945.0921474232746,1944.958909407989,337.7301971637005,-29.92564059375572,335.0275884930721,-30.071587696464686
22.040000000000646,334.7856406019671,-29.955896646277612,1185.5116185570046,185.51161855700457,1945.2200825504465,1945.034782682198,337.4627869334552,-29.90238112399217,335.0560948612476,-29.693045896120243
22.050000000000647,334.48608267585996,-29.955688575147878,1185.5050089888896,185.50500898888959,1945.1958962408607,1944.9334936848165,337.13169924795335,-29.909544139248315,334.1519100784366,-29.97401127655359
22.06000000000065,334.18652683287434,-29.95548002198095,1185.4983992634498,185.49839926344976,1945.2421969655659,1944.9872126621378,336.78425997476336,-29.989079558046367,333.6573065160535,-30.704898327228832
22.07000000000065,333.8869730734875,-29.955271855383373,1185.4917897305797,185.49178973057974,1945.1855236275512,1945.161017423408,336.50455426620647,-29.96743162709243,333.9872028891944,-29.772600248506983
22.080000000000652,333.5874213941362,-29.955064014885593,1185.4851803659187,185.48518036591872,1945.1360197325046,1944.9371193151778,336.2259443194538,-30.024681717404377,333.71845479867955,-30.539932530211903
22.090000000000654,333.28787178859864,-29.954857092622337,1185.478571407985,185.4785714079851,1945.0163198506725,1945.1128332321146,335.91459459486447,-30.084249687727706,333.1124470735604,-30.62036142063766
22.100000000000655,332.9883242606006,-29.954648506987063,1185.4719618168679,185.47196181686786,1945.2026657728443,1945.1365464654464,335.69045261682083,-30.103871207117187,333.67317481442774,-30.28046488162249
22.110000000000657,332.68877881579795,-29.95444045355069,1185.4653524769776,185.4653524769776,1945.1287296812568,1945.0557567856636,335.4530554171916,-30.060552042450013,333.3164806205279,-29.670679560445446
22.12000000000066,332.3892354514771,-29.95423241063322,1185.4587431781736,185.45874317817356,1945.116638061169,1944.8975087045944,335.1016439029934,-30.083903627806365,331.93894027520906,-30.294067896013544
22.13000000000066,332.0896941694984,-29.95402398511355,1185.4521337621036,185.45213376210359,1945.1511494079875,1945.0318189332572,334.8179674404632,-30.096245384652576,332.26487927769153,-30.207321196268474
22.14000000000066,331.79015497522545,-29.9538148694769,1185.4455241049018,185.44552410490178,1945.2221144617642,1945.0052629006266,334.5203104260473,-30.09648716085922,331.84139729630454,-30.098663146718977
22.150000000000663,331.49061786622866,-29.953606929888036,1185.4389149582673,185.43891495826733,1945.0718545405375,1944.9704761827838,334.12828324934213,-30.14911317833584,330.60003865899586,-30.622747335625373
22.160000000000664,331.19108283570023,-29.953399175793184,1185.4323059231972,185.4323059231972,1945.0390211103731,1945.0908508565142,333.8458974204027,-30.146388510471493,331.30442495994754,-30.12186649969237
22.170000000000666,330.8915498867509,-29.953190614066365,1185.4256965996617,185.4256965996617,1945.1239164703675,1944.9680805150865,333.52280817619186,-30.106192805658168,330.6150049782938,-29.74443146233823
22.180000000000668,330.59201902623937,-29.95298148824702,1185.4190870857626,185.4190870857626,1945.1799404990034,1944.8623334846545,333.28840137502823,-30.09904801555791,331.1787401645556,-30.03474490465556
22.19000000000067,330.29249025619305,-29.952772521013756,1185.4124776725932,185.41247767259324,1945.1502957676414,1944.914155506514,332.9717803277992,-30.069416175110078,330.1221909027381,-29.80272961107959
22.20000000000067,329.9929635700683,-29.952564703942652,1185.4058687595495,185.40586875954955,1945.0031087454277,1944.8436582362606,332.6060518735411,-30.051036436350905,329.3144957852185,-29.885618787518343
22.210000000000672,329.69343896135615,-29.95235703847744,1185.399259944417,185.39925994441705,1944.9742935106613,1944.8462661311275,332.34238488091376,-30.020761590311032,329.9693819472672,-29.748287975952152
22.220000000000674,329.3939164312316,-29.952148986421186,1185.392651010416,185.3926510104161,1945.0092764613817,1944.7966322130314,331.95070040082044,-30.03674098801632,328.4255400799804,-30.180555567363868
22.230000000000675,329.0943959799606,-29.951941267782555,1185.386042247557,185.38604224755704,1944.958909407989,1944.8864239262928,331.62115679609326,-30.025264407360666,328.6552643535489,-29.921975181459793
22.240000000000677,328.79487760953367,-29.951732817595353,1185.3794332268888,185.37943322688875,1945.034782682198,1944.8150674834117,331.36256610642573,-29.973009936160757,329.03524989941764,-29.50271969536156
22.25000000000068,328.49536131979363,-29.951525130409568,1185.3728245503896,185.37282455038962,1944.9334936848165,1944.6966778532405,331.0510973537441,-29.985788630534916,328.2478785796096,-30.100796879902333
22.26000000000068,328.19584710964875,-29.951316898565718,1185.3662156913592,185.36621569135923,1944.9872126621378,1944.8224274756471,330.82305593027854,-29.973444149182086,328.7706831190881,-29.862343817006625
22.27000000000068,327.89633498961103,-29.951107108986143,1185.3596062417587,185.35960624175868,1945.161017423408,1944.7553025318875,330.5937664117712,-29.9625486050722,328.530160745205,-29.864488708083194
22.280000000000683,327.5968249584823,-29.950899116769488,1185.35299755294,185.35299755294,1944.9371193151778,1944.7420453259656,330.23621643550666,-30.001377506885266,327.0182666491256,-30.35083762320283
22.290000000000685,327.297317015145,-29.950689550697206,1185.3463882670642,185.34638826706419,1945.1128332321146,1944.8502025928317,329.8647508810176,-29.976447156223706,326.52156089061555,-29.752074000269666
22.300000000000686,326.99781116892615,-29.950479693074836,1185.3397789006135,185.3397789006135,1945.1365464654464,1944.6995118694329,329.6374867509628,-29.918369545667225,327.59210958046964,-29.395671050658922
22.310000000000688,326.6983074183331,-29.950270425526337,1185.3331698086774,185.33316980867744,1945.0557567856636,1944.5934713707147,329.385724084316,-29.886674476327087,327.11986008449475,-29.60141885226584
22.32000000000069,326.39880575419784,-29.95006240153576,1185.3265612544515,185.32656125445146,1944.8975087045944,1944.6196821895408,329.05803143467153,-29.927705743350273,326.108797587871,-30.296987146558916
22.33000000000069,326.0993061764254,-29.949853152958095,1185.3199522438535,185.31995224385355,1945.0318189332572,1944.774944637933,328.8046628754678,-29.917390061743873,326.52434584263415,-29.824548927286276
22.340000000000693,325.79980869047597,-29.949644036928127,1185.3133433234902,185.31334332349024,1945.0052629006266,1944.656386302702,328.50954967568566,-29.90899431484331,325.8535308776464,-29.83343259273823
22.350000000000694,325.50031329467686,-29.94943512288748,1185.3067345213285,185.3067345213285,1944.9704761827838,1944.645321847675,328.2247853117077,-29.87452388985212,325.661906035906,-29.56429006493141
22.360000000000696,325.2008199935534,-29.949225101800053,1185.3001253101465,185.30012531014654,1945.0908508565142,1944.565231019496,327.98713805913314,-29.865667400476703,325.84831278596187,-29.78595899609795
22.370000000000697,324.90132878791945,-29.949016024984964,1185.293516516125,185.293516516125,1944.9680805150865,1944.601323723925,327.7208472756399,-29.858580386354785,325.3242302242009,-29.794797259257532
22.3800000000007,324.6018396690504,-29.948807748837456,1185.2869080814207,185.28690808142073,1944.8623334846545,1944.5906129210562,327.3858880283792,-29.844906182355658,324.3712548030331,-29.721838346363516
22.3900000000007,324.3023526355862,-29.948598943996654,1185.2802994706308,185.28029947063078,1944.914155506514,1944.5598957750813,327.00780973565696,-29.82365871195088,323.6051051011566,-29.63243147830789
22.400000000000702,324.00286768765403,-29.948390642440433,1185.2736910993829,185.27369109938286,1944.8436582362606,1944.5234195575879,326.64758938386836,-29.827557806395994,323.40560621777104,-29.862649656402013
22.410000000000704,323.7033848233048,-29.94818222739895,1185.2670827192737,185.26708271927373,1944.8462661311275,1944.5649566730885,326.3109112298907,-29.823018579004057,323.2808078440917,-29.782165532476622
22.420000000000705,323.4039040414697,-29.947974139630652,1185.2604745078154,185.2604745078154,1944.7966322130314,1944.5351048399418,326.0185142497522,-29.883356813811616,323.38694142850574,-30.42640092707965
22.430000000000707,323.1044253447575,-29.94776520281249,1185.2538659912543,185.25386599125432,1944.8864239262928,1944.6843235791819,325.7481403408036,-29.907135276016685,323.3147751602667,-30.121141435862302
22.44000000000071,322.8049487348607,-29.94755677653955,1185.2472577171548,185.24725771715475,1944.8150674834117,1944.6123874682505,325.49787851625,-29.91113765540694,323.2455220952674,-29.947159069919227
22.45000000000071,322.5054742046898,-29.947349257642617,1185.2406498453306,185.2406498453306,1944.6966778532405,1944.5641310882747,325.21840913436336,-29.943485884280964,322.7031846973838,-30.23461994414718
22.46000000000071,322.20600175547,-29.94714058630883,1185.2340415462227,185.23404154622267,1944.8224274756471,1944.6262921493242,324.8877017849027,-29.957610513566785,321.9113356397564,-30.084732177139156
22.470000000000713,321.90653139058935,-29.946932389831492,1185.227433475198,185.22743347519804,1944.7553025318875,1944.586201820236,324.6324198694835,-29.906221388559093,322.33488263071064,-29.443719263489847
22.480000000000715,321.60706310757155,-29.94672421372622,1185.22082544922,185.22082544922,1944.7420453259656,1944.4187746740852,324.28962560570517,-29.877966226736078,321.2044772317001,-29.623669770328917
22.490000000000716,321.30759691133494,-29.946515033590057,1185.2142170557352,185.21421705573516,1944.8502025928317,1944.4402100174584,323.8829388653819,-29.920646789454246,320.2227582024721,-30.304771853917742
22.500000000000718,321.0081328010001,-29.94630703338314,1185.2076091742813,185.2076091742813,1944.6995118694329,1944.5927161504544,323.54751933613437,-29.963788074530356,320.5287435729067,-30.352059640215355
22.51000000000072,320.7086707666512,-29.946099836396566,1185.2010016531417,185.2010016531417,1944.5934713707147,1944.6045034697531,323.1844550596967,-29.949629283352845,319.9168765717574,-29.822200162755227
22.52000000000072,320.4092108058353,-29.945892326788684,1185.1943940429405,185.19439404294053,1944.6196821895408,1944.472119737411,322.8962272494242,-29.937873425768277,320.3021769569714,-29.83207070750715
22.530000000000722,320.10975292712294,-29.94568341569011,1185.1877859051742,185.18778590517422,1944.774944637933,1944.4603433472787,322.6521034515001,-29.930685914965284,320.4549892701837,-29.86599831773835
22.540000000000724,319.8102971329773,-29.9454754134357,1185.1811781702565,185.18117817025654,1944.656386302702,1944.455181102259,322.40081097845535,-29.934250833399595,320.13917872105253,-29.96633509930838
22.550000000000725,319.5108434188449,-29.945267413058495,1185.1745704729346,185.17457047293465,1944.645321847675,1944.467763889384,322.05246455307906,-29.90361806594086,318.91734672469204,-29.627923158812255
22.560000000000727,319.21139178179476,-29.94505999697427,1185.167963047753,185.1679630477529,1944.565231019496,1944.3733476642071,321.7389016693116,-29.935830148007078,318.9168357154042,-30.225738886602997
22.57000000000073,318.91194222088546,-29.944852184880503,1185.161355499932,185.16135549993191,1944.601323723925,1944.5044393754958,321.44730983067876,-29.964116679273317,318.8229832829833,-30.21869546066946
22.58000000000073,318.6124947381026,-29.944644371683616,1185.154747988505,185.15474798850505,1944.5906129210562,1944.500027312059,321.1429568023217,-29.951847830867447,318.4037795471079,-29.841428195214576
22.59000000000073,318.3130493326133,-29.944436726191956,1185.1481405814518,185.1481405814518,1944.5598957750813,1944.4020779600003,320.8773831423132,-29.978041622392666,318.48722020223636,-30.213785746119644
22.600000000000733,318.0136060024973,-29.944229297002526,1185.1415332983408,185.14153329834085,1944.5234195575879,1944.4813961361988,320.56662015968413,-29.942430399710545,317.7697533160229,-29.621929395571453
22.610000000000735,317.714164748883,-29.94402142585771,1185.134925874091,185.1349258740911,1944.5649566730885,1944.3292766978034,320.30619462449073,-29.880337551144805,317.96236480774996,-29.321501914053147
22.620000000000736,317.4147255731781,-29.94381371512042,1185.1283185512748,185.1283185512748,1944.5351048399418,1944.2345629944687,320.07605412804656,-29.85235637548557,318.00478966004886,-29.60052579455244
22.630000000000738,317.11528848133344,-29.943604653813402,1185.121710721429,185.12171072142905,1944.6843235791819,1944.2780918894896,319.71058413585246,-29.838565392769354,316.42135420610555,-29.714446548323377
22.64000000000074,316.81585347752434,-29.943396108008564,1185.1151031360146,185.11510313601457,1944.6123874682505,1944.2888720996673,319.4184557299348,-29.865577918399424,316.7893000766759,-30.108690649070038
22.65000000000074,316.5164205575948,-29.94318787790549,1185.1084957145702,185.10849571457015,1944.5641310882747,1944.3732810908036,319.13665297972744,-29.844982568311686,316.6004282278611,-29.659624417522046
22.660000000000743,316.21698972304625,-29.94297903180253,1185.101888081909,185.101888081909,1944.6262921493242,1944.2570636415842,318.8697282336095,-29.881136428701033,316.46740551854833,-30.206521172205147
22.670000000000744,315.91756097572477,-29.94277043249663,1185.0952805854706,185.09528058547062,1944.586201820236,1944.3779346278218,318.61163445350064,-29.90642745534287,316.28879043252107,-30.13404669511942
22.680000000000746,315.6181343077899,-29.94256315447833,1185.0886736579318,185.08867365793185,1944.4187746740852,1944.3581503294176,318.3231185948778,-29.91914152728073,315.72647586727203,-30.03356817472147
22.690000000000747,315.3187097139969,-29.94235560411321,1185.082066657558,185.08206665755802,1944.4402100174584,1944.3286502333658,318.01173439420296,-29.898475645712765,315.20927658812906,-29.71248271160106
22.70000000000075,315.0192872025994,-29.94214667539121,1185.0754591389846,185.07545913898457,1944.5927161504544,1944.2408540449646,317.66047998905185,-29.844486896452302,314.49919034269146,-29.35858815310813
22.71000000000075,314.71986678144384,-29.94193755571471,1185.068851580359,185.06885158035902,1944.6045034697531,1944.1365097548603,317.2753643648264,-29.87216199287619,313.80932374679657,-30.121237860691167
22.720000000000752,314.42044844635706,-29.941729461643682,1185.0622444715593,185.06224447155932,1944.472119737411,1944.3029707494675,317.00838336747654,-29.86158931475988,314.6055543913279,-29.766435211713087
22.730000000000754,314.1210321921715,-29.941521375465776,1185.0556374027747,185.05563740277466,1944.4603433472787,1944.2104853450735,316.71462446391746,-29.871304241920516,314.0707943318857,-29.958738586366238
22.740000000000755,313.82161801908734,-29.941313241368682,1185.0490303515307,185.04903035153075,1944.455181102259,1944.2452145677767,316.4458513237008,-29.885237226189062,314.02689306175114,-30.010634084605986
22.750000000000757,313.5222059283324,-29.941104909611198,1185.0424232575317,185.0424232575317,1944.467763889384,1944.2499137511115,316.2231458470607,-29.86564352110433,314.21879655729987,-29.689300175341717
22.76000000000076,313.22279591736884,-29.940897283103453,1185.035816484349,185.03581648434897,1944.3733476642071,1944.162360027584,315.9667520716418,-29.90215359900536,313.65920809287167,-30.23074430011458
22.77000000000076,312.9233879886589,-29.940688458894712,1185.0292092657307,185.02920926573074,1944.5044393754958,1944.2821196599502,315.6584462421232,-29.915021063455917,312.883693776456,-30.030828243510925
22.78000000000076,312.62398214846223,-29.940479580429034,1185.0226020621042,185.02260206210417,1944.500027312059,1944.2305644711132,315.3047197639726,-29.906761989634855,312.1211814606175,-29.832430325245305
22.790000000000763,312.32457839337496,-29.940271437035175,1185.015995191299,185.015995191299,1944.4020779600003,1944.1734781877842,314.9798233390238,-29.890450819479383,312.05575551448504,-29.743650288080104
22.800000000000765,312.0251767235257,-29.940062532817624,1185.0093880509792,185.00938805097917,1944.4813961361988,1944.1385152793332,314.6308490993293,-29.843840772427953,311.4900809420785,-29.424350348965078
22.810000000000766,311.7257771367576,-29.93985482080873,1185.002781427545,185.00278142754496,1944.3292766978034,1944.0439089346974,314.2955252701425,-29.846863107150018,311.27761080746154,-29.874064119648597
22.820000000000768,311.42637962357054,-29.939647816593496,1184.9961751259377,184.99617512593773,1944.2345629944687,1944.133982135642,314.04820367100467,-29.87326079100037,311.8223092787646,-30.11083994565353
22.83000000000077,311.1269841827197,-29.939440353576302,1184.989568676424,184.98956867642391,1944.2780918894896,1944.1832294672201,313.79870515434783,-29.916754255191975,311.5532185044362,-30.308195432916428
22.84000000000077,310.82759081741125,-29.939232708112627,1184.9829621902802,184.9829621902802,1944.2888720996673,1944.228465311786,313.5741996056133,-29.918577622535068,311.5536496670025,-29.9349879286229
22.850000000000772,310.5281995325764,-29.93902425885107,1184.9763554173237,184.9763554173237,1944.3732810908036,1944.1353342942077,313.23977902791114,-29.929597739339492,310.229993828592,-30.0287787905793
22.860000000000774,310.22881032778787,-29.93881669886261,1184.9697490392616,184.96974903926161,1944.2570636415842,1944.148534879343,312.97912812136843,-29.94805329404732,310.63326996248423,-30.114153286417743
22.870000000000775,309.9294232041567,-29.938608027365262,1184.9631422504929,184.96314225049287,1944.3779346278218,1944.1619312000432,312.63668974517617,-29.953754865306628,309.5547443594453,-30.005069006640383
22.880000000000777,309.63003816686313,-29.938399431342294,1184.9565355289492,184.9565355289492,1944.3581503294176,1944.1285710209706,312.27717648170636,-29.897603004671943,309.04155711047815,-29.39223625895975
22.89000000000078,309.3306552147425,-29.93819099278834,1184.9499289076437,184.94992890764365,1944.3286502333658,1943.9660853379644,311.9542046254492,-29.87671329989817,309.0474579191351,-29.688705956934218
22.90000000000078,309.0312743437601,-29.937983203677476,1184.94332258466,184.9433225846601,1944.2408540449646,1944.0154620707842,311.6723851014627,-29.912376311790563,309.136009385584,-30.233343418822066
22.91000000000078,308.73189554672336,-29.937776203674183,1184.9367166162274,184.9367166162274,1944.1365097548603,1944.1356967668296,311.3780384105281,-29.891396217599603,308.728918192117,-29.702575369880957
22.920000000000783,308.43251882716805,-29.937567707393455,1184.9301100821779,184.93011008217786,1944.3029707494675,1944.0012188387063,311.0740733854378,-29.860219978203457,308.3383881596249,-29.579633823638147
22.930000000000785,308.13314418913035,-29.937359900141345,1184.923503862384,184.923503862384,1944.2104853450735,1943.9545358434377,310.83105623544617,-29.840366524757496,308.6439018855213,-29.661685443743846
22.940000000000786,307.83377163108804,-29.937151708319423,1184.9168975245839,184.91689752458387,1944.2452145677767,1943.9565526125489,310.5083449363967,-29.882440316547136,307.60394324495155,-30.26110444265387
22.950000000000788,307.53440115561966,-29.936943385357594,1184.9102911708164,184.91029117081644,1944.2499137511115,1944.090741731679,310.1802711780509,-29.88200339520818,307.22760735293826,-29.878071103157577
22.96000000000079,307.2350327601438,-29.93673570981866,1184.9036851145472,184.90368511454722,1944.162360027584,1943.994799551649,309.91303667193677,-29.952623768812042,307.50792611690997,-30.588207131246794
22.97000000000079,306.93566644693425,-29.936526932091954,1184.8970786513476,184.89707865134756,1944.2821196599502,1944.1615225171804,309.61489398935595,-29.94627140838034,306.93160984612837,-29.889100164494998
22.980000000000793,306.6363022197839,-29.93631849797982,1184.890472363327,184.89047236332704,1944.2305644711132,1943.9936983985099,309.30315759958296,-29.906537902169813,306.4975300916261,-29.548936346275056
22.990000000000794,306.3369400750231,-29.93611045416873,1184.8838662692795,184.88386626927945,1944.1734781877842,1943.8963671672536,309.0276248508396,-29.870189400127277,306.5478301121485,-29.54305288174446
23.000000000000796,306.03758000968253,-29.935902613952283,1184.877260294032,184.8772602940321,1944.1385152793332,1943.8742610522115,308.7178223407064,-29.84863639673457,305.9295997495074,-29.654659366200207
23.010000000000797,305.7382220192092,-29.935695480706666,1184.870654640247,184.87065464024704,1944.0439089346974,1943.882373867914,308.50161562828305,-29.8179915016536,306.55575521647296,-29.542187445924867
23.0200000000008,305.4388661043267,-29.935487495796906,1184.864048680403,184.8640486804029,1944.133982135642,1943.8381664778651,308.14073359621597,-29.837351383394207,304.8927953076123,-30.01159031905962
23.0300000000008,305.1395122718289,-29.9352790037709,1184.8574425532215,184.85744255322152,1944.1832294672201,1943.9371543174311,307.82335322850474,-29.83246650937959,304.966929919104,-29.788502643248002
23.040000000000802,304.8401605266177,-29.935070038476965,1184.8508362723337,184.8508362723337,1944.228465311786,1943.8755204428796,307.55935163606676,-29.8678936425101,305.18333730412496,-30.186737840684685
23.050000000000804,304.5408108675868,-29.934861767707535,1184.844230307895,184.84423030789503,1944.1353342942077,1943.963155848697,307.2608894849146,-29.93518827499453,304.5747301245453,-30.540839967354376
23.060000000000805,304.241463292278,-29.934653294043667,1184.8376242986021,184.83762429860212,1944.148534879343,1944.0498365012563,307.0310441159411,-29.950506004119745,304.962435795179,-30.088365566246676
23.070000000000807,303.94211780272866,-29.934444615830472,1184.83101824379,184.8310182437899,1944.1619312000432,1943.9428398240457,306.7249446816121,-29.95818935671046,303.9700497726509,-30.02733953002689
23.08000000000081,303.64277439901105,-29.934236127690934,1184.8244123023321,184.82441230233212,1944.1285710209706,1943.9207109384765,306.4740290321027,-30.040919227050427,304.2157881865177,-30.785488060110147
23.09000000000081,303.3434330737753,-29.934028919456928,1184.8178069129833,184.81780691298331,1943.9660853379644,1944.1014672839833,306.16013891915367,-30.03340475901601,303.3351279026124,-29.96577454670624
23.10000000000081,303.044093823163,-29.933821203006953,1184.8112013558577,184.81120135585775,1944.0154620707842,1943.9065206424723,305.82585259017503,-29.971659607046035,302.81727562936715,-29.415953239316263
23.110000000000813,302.74475665524653,-29.933612380280245,1184.8045953901874,184.8045953901874,1944.1356967668296,1943.7564856960726,305.4733765237394,-29.944700999052387,302.30109192581864,-29.702073527109548
23.120000000000815,302.4454215703397,-29.93340460108693,1184.7979898814588,184.79798988145876,1944.0012188387063,1943.8018778156427,305.1883936678347,-29.905725781679774,302.62354796469276,-29.554948825326274
23.130000000000816,302.1460885617121,-29.933197124433143,1184.791384531354,184.79138453135397,1943.9545358434377,1943.747656064058,304.85080370298357,-29.930461982928822,301.8124940193233,-30.153087794170272
23.140000000000818,301.8467576283935,-29.932989539283614,1184.7847791743964,184.78477917439636,1943.9565526125489,1943.876746334756,304.60520259089844,-29.9179550993144,302.3947925821322,-29.80539314678458
23.15000000000082,301.54742877704683,-29.932780730055946,1184.7781733614786,184.7781733614786,1944.090741731679,1943.7853060449506,304.22217834217946,-29.935616812822456,300.77496010370845,-30.094572234394928
23.16000000000082,301.24810201020085,-29.93257263913006,1184.771567874562,184.77156787456192,1943.994799551649,1943.8437726790228,303.94408984167404,-29.91017946880682,301.4412933371249,-29.681243372666085
23.170000000000822,300.94877733175764,-29.932363049507607,1184.7649618211385,184.7649618211385,1944.1615225171804,1943.7341550031626,303.6105970580228,-29.99982550657141,300.6091620051612,-30.80663984645269
23.180000000000824,300.6494547425856,-29.932154784906245,1184.7583563379635,184.7583563379635,1943.9936983985099,1943.9984429790593,303.3406439857659,-30.029668055103212,300.9110663354541,-30.29825099188944
23.190000000000826,300.35013423240935,-29.93194725035063,1184.7517511855096,184.75175118550965,1943.8963671672536,1943.883056392116,302.94072607052414,-30.104865752377478,299.34146483334814,-30.78164502784587
23.200000000000827,300.05081579710304,-29.931739810909352,1184.74514610817,184.74514610817005,1943.8742610522115,1944.000665191263,302.69243408619195,-30.08369463471852,300.4578062272019,-29.89315457578786
23.21000000000083,299.7514994369909,-29.931532211517588,1184.738541003264,184.7385410032639,1943.882373867914,1943.786641777277,302.38705780223626,-30.026807661509544,299.6386712466348,-29.51482490262876
23.22000000000083,299.4521851514644,-29.931324893791334,1184.7319360485699,184.73193604856988,1943.8381664778651,1943.6760663096243,302.12543677131026,-29.968770383456068,299.7708474929759,-29.44643488097476
23.23000000000083,299.15287294375014,-29.93111664906383,1184.7253307575256,184.72533075752563,1943.9371543174311,1943.6340470343046,301.7585436149459,-29.966041528735467,298.4565052076666,-29.94148183625002
23.240000000000833,298.8535628163394,-29.930908833091838,1184.7187256759066,184.71872567590663,1943.8755204428796,1943.7325988821183,301.3872098663378,-29.96940972912677,298.04520612886535,-29.999723532648478
23.250000000000835,298.5542547712443,-29.930700185927595,1184.712120296512,184.712120296512,1943.963155848697,1943.7357768603147,301.09148356414016,-29.946740365688964,298.429946844361,-29.742716094748673
23.260000000000836,298.25494881673654,-29.930490715616656,1184.7055146225857,184.70551462258572,1944.0498365012563,1943.6616663363186,300.81010828345694,-29.92641318653334,298.2777307573075,-29.74346857413268
23.270000000000838,297.9556449528737,-29.930282056959882,1184.6989093122227,184.69890931222267,1943.9428398240457,1943.6454859235444,300.55983395705556,-29.862152213254497,298.3073650194431,-29.28380345374494
23.28000000000084,297.65634317512087,-29.93007349360544,1184.6923040770512,184.69230407705118,1943.9207109384765,1943.5147872458704,300.2537200460978,-29.897175022309582,297.4986948474778,-30.212380303805354
23.29000000000084,297.35704349108784,-29.929863312999107,1184.685698227689,184.68569822768904,1944.1014672839833,1943.7201657340881,299.9763565713626,-29.924512252192724,297.480085298746,-30.17054732114097
23.300000000000843,297.05774590109064,-29.929654686444817,1184.6790930407349,184.67909304073487,1943.9065206424723,1943.707761714719,299.75859354275724,-29.93352303678629,297.79872628530893,-30.014620098128386
23.310000000000844,296.7584503914841,-29.929447234864767,1184.6724883635834,184.6724883635834,1943.7564856960726,1943.664913813571,299.4303004092362,-29.947254928228674,296.4756622075471,-30.070841951210102
23.320000000000846,296.45915695876647,-29.929239308649645,1184.6658835321944,184.66588353219436,1943.8018778156427,1943.6705223960043,299.1691069353629,-29.950185775767718,296.8183656705023,-29.976563403619092
23.330000000000847,296.15986560347994,-29.929031748652488,1184.659278885045,184.65927888504507,1943.747656064058,1943.639685905117,298.8360994611681,-29.89810981552749,295.83903219341477,-29.429426173365428
23.34000000000085,295.8605763296992,-29.928823007498117,1184.6526737992608,184.6526737992608,1943.876746334756,1943.4929347810564,298.49573865598813,-29.900114152503566,295.4324914093683,-29.91815318528822
23.35000000000085,295.5612891399281,-29.928614946730306,1184.6460690241809,184.64606902418086,1943.7853060449506,1943.5913973050065,298.23490901196266,-29.95190428523875,295.8874422157332,-30.418015479855427
23.360000000000852,295.26200403368966,-29.92840630094566,1184.6394640504375,184.63946405043748,1943.8437726790228,1943.706164227263,297.96163153920565,-29.981207717073858,295.50213428439264,-30.244938603589794
23.370000000000854,294.96272100973994,-29.92819848899959,1184.6328594491633,184.63285944916333,1943.7341550031626,1943.665142483916,297.7028796253008,-30.004786324624,295.37411240015695,-30.216993792575284
23.380000000000855,294.6634400755219,-29.927988354606704,1184.6262539498669,184.62625394986685,1943.9984429790593,1943.654782685057,297.4335741219154,-29.963931535633428,295.0098245914464,-29.59623843471829
23.390000000000857,294.3641612382351,-29.927779102744264,1184.6196488426417,184.6196488426417,1943.883056392116,1943.49478758862,297.169704659829,-29.952776792897367,294.7948795010515,-29.852384108272833
23.40000000000086,294.06488449888843,-29.927568766590458,1184.6130433357944,184.61304333579437,1944.000665191263,1943.5379100360562,296.8476575965884,-29.967548577556723,293.9492340274236,-30.10049463949091
23.41000000000086,293.76560985432735,-29.927360145625897,1184.6064385561756,184.6064385561756,1943.786641777277,1943.586448062084,296.6130045569032,-29.984514590968672,294.5011271997359,-30.13720871167619
23.42000000000086,293.46633729176614,-29.927152366611303,1184.5998341522807,184.59983415228066,1943.6760663096243,1943.5886197833129,296.246484526711,-29.95881730048195,292.9478042549811,-29.727541686101453
23.430000000000863,293.1670668056789,-29.926944850832566,1184.5932298911625,184.59322989116254,1943.6340470343046,1943.4797453959623,295.89873591444854,-29.984131960440997,292.76899840408566,-30.211963900072405
23.440000000000865,292.8677983993666,-29.926736411633055,1184.5866252951757,184.58662529517574,1943.7325988821183,1943.583727723822,295.5234619498318,-29.99287970074402,292.14599626828175,-30.07160936347121
23.450000000000866,292.5685320780379,-29.926527854121474,1184.5800206883905,184.5800206883905,1943.7357768603147,1943.5442683091628,295.22383321145765,-29.978951764251946,292.5271745660896,-29.853600335823266
23.460000000000868,292.2692678396135,-29.926319830751243,1184.573416333425,184.57341633342503,1943.6616663363186,1943.4812535243345,294.97594198648824,-29.957881633191903,292.7449209617633,-29.768250453651504
23.47000000000087,291.9700056811973,-29.92611185249406,1184.566812033439,184.56681203343896,1943.6454859235444,1943.4457350146245,294.6658047449815,-29.96065052541351,291.8745695714207,-29.985570555407975
23.48000000000087,291.67074559750426,-29.925904886103456,1184.560208177553,184.56020817755302,1943.5147872458704,1943.4840985413211,294.39180670367955,-29.918998856594648,291.92582433196185,-29.544133837224887
23.490000000000872,291.3714875926015,-29.92569609444968,1184.553603623813,184.55360362381293,1943.7201657340881,1943.3637333382956,294.0960905025459,-29.933742506006464,291.4346446923431,-30.0664353507128
23.500000000000874,291.0722316755492,-29.92548731602236,1184.5469991122202,184.5469991122202,1943.707761714719,1943.473196422404,293.74406131979197,-29.97627314494042,290.5757986750064,-30.359048895346028
23.510000000000876,290.77297784492987,-29.92527880783087,1184.54039474622,184.54039474622004,1943.664913813571,1943.539336412135,293.48026645590795,-29.95383435552028,291.10611268095164,-29.751885250739004
23.520000000000877,290.47372610008665,-29.92507016080611,1184.5337903611626,184.53379036116257,1943.6705223960043,1943.3874790877965,293.2084805965812,-29.954817719439422,290.76240786264,-29.963667994711727
23.53000000000088,290.1744764408695,-29.924861682620676,1184.5271860808843,184.52718608088435,1943.639685905117,1943.4241159726416,292.9754269183046,-29.96634567059509,290.87794381381536,-30.070097230996122
23.54000000000088,289.8752288606971,-29.924654351850908,1184.5205822992507,184.5205822992507,1943.4929347810564,1943.4402701886415,292.7131705744042,-29.963338825570357,290.3528634793007,-29.936277220347772
23.550000000000882,289.575983358446,-29.9244460983655,1184.513978183052,184.5139781830519,1943.5913973050065,1943.3989990475218,292.36903431457444,-29.941673643630338,289.27180797610634,-29.746687006170173
23.560000000000883,289.2767399440317,-29.92423678450321,1184.5073736768873,184.50737367688725,1943.706164227263,1943.3401511144793,292.08028668345435,-29.92922077493962,289.4815580033737,-29.817144956723133
23.570000000000885,288.97749862148186,-29.924027725465862,1184.5007693101102,184.50076931011017,1943.665142483916,1943.3416500066458,291.7740717983599,-29.92983826244375,289.01813783251,-29.93539564998091
23.580000000000886,288.6782593895425,-29.92381866239858,1184.4941649785346,184.49416497853463,1943.654782685057,1943.3574003886088,291.5839091571217,-29.893708603083347,289.87244538597776,-29.56854166883973
23.590000000000888,288.3790222419376,-29.923610858586194,1184.4875611906054,184.48756119060545,1943.49478758862,1943.255142248047,291.29956181035254,-29.89334485388753,288.74043568943034,-29.890071111125177
23.60000000000089,288.07978717464846,-29.92340259923662,1184.4809572561508,184.48095725615076,1943.5379100360562,1943.315794057333,291.027942206812,-29.880810785130695,288.5833657749468,-29.768004166319184
23.61000000000089,287.7805541924592,-29.92319383862164,1184.474353156769,184.47435315676898,1943.586448062084,1943.274488010016,290.70451364301545,-29.894156020237766,287.7936565688462,-30.014263136201414
23.620000000000893,287.48132329842514,-29.92298496818385,1184.467749050008,184.46774905000802,1943.5886197833129,1943.3222205942989,290.3781487416733,-29.992151687108716,287.4408646295938,-30.874112688947267
23.630000000000894,287.182094488957,-29.922776925440985,1184.4611453131904,184.4611453131904,1943.4797453959623,1943.5298206383093,290.0690733583665,-29.999868493345254,287.2873949086058,-30.069319749474094
23.640000000000896,286.88286776476315,-29.92256791333101,1184.454541223052,184.45454122305205,1943.583727723822,1943.3424232665143,289.8300862989203,-29.991558113219476,287.6792027639046,-29.916764692087487
23.650000000000897,286.58364312948214,-29.92235914287451,1184.4479372669925,184.44793726699254,1943.5442683091628,1943.2955150777027,289.44599381099977,-29.986134620808823,285.98916141971466,-29.937323189112945
23.6600000000009,286.284420579703,-29.922150812948175,1184.4413335250506,184.4413335250506,1943.4812535243345,1943.2878786981112,289.07753043361697,-29.965534017551384,285.76136003717176,-29.780128588234433
23.6700000000009,285.9852001121812,-29.921942691414365,1184.4347299037968,184.43472990379678,1943.4457350146245,1943.236526112843,288.78284476969037,-29.932439696004437,286.1306737943509,-29.634590802081885
23.680000000000902,285.6859817279516,-29.921734154502424,1184.4281261521878,184.42812615218782,1943.4840985413211,1943.1842936490593,288.43361437593177,-29.93034889896739,285.29054083210434,-29.91153172563398
23.690000000000904,285.3867654244674,-29.9215265423356,1184.4215228095668,184.4215228095668,1943.3637333382956,1943.234557221954,288.060678391014,-29.908421819846474,284.7042545267541,-29.711078107758183
23.700000000000905,285.0875512021832,-29.921317914503405,1184.414919095002,184.414919095002,1943.473196422404,1943.1732237031797,287.7893092311529,-29.89483727868134,285.34698679240324,-29.772576408195132
23.710000000000907,284.7883390694268,-29.92110863676569,1184.4083151557006,184.40831515570062,1943.539336412135,1943.172418490914,287.4892931665481,-29.88502122776611,284.7891485851053,-29.796676769529054
23.72000000000091,284.48912902349457,-29.920900549670893,1184.4017117323942,184.40171173239423,1943.3874790877965,1943.1643490642878,287.26949370765817,-29.89716198766785,285.2912985776489,-30.006428826783498
23.73000000000091,284.18992106043737,-29.920692061767493,1184.3951081845996,184.39510818459962,1943.4241159726416,1943.2036355201162,286.96846870212164,-29.932098784053256,284.2592436522924,-30.246529951521914
23.74000000000091,283.8907151833986,-29.9204833459871,1184.3885045819147,184.38850458191473,1943.4402701886415,1943.255998243849,286.61728030216943,-29.928002841453843,283.4565847025994,-29.89113935805911
23.750000000000913,283.59151139223275,-29.920274887178785,1184.3819011194646,184.3819011194646,1943.3989990475218,1943.16518695823,286.36990008851086,-29.934918470753885,284.1434781655837,-29.997159134454257
23.760000000000915,283.2923096836281,-29.92006683375212,1184.3752978569735,184.37529785697348,1943.3401511144793,1943.1799703075098,286.050345221557,-29.94563986438884,283.17435141897204,-30.042132407103434
23.770000000000916,282.9931100560784,-29.919858676189875,1184.3686945893894,184.3686945893894,1943.3416500066458,1943.1822452477616,285.71788387146694,-29.93421260189768,282.72573172065626,-29.831367239477228
23.780000000000918,282.69391251122664,-29.91965029416098,1184.3620912682873,184.36209126828726,1943.3574003886088,1943.1215370107775,285.340623853184,-29.894328183824012,281.94528368863735,-29.535368421160964
23.79000000000092,282.3947170463356,-29.919442684051077,1184.3554882946473,184.35548829464733,1943.255142248047,1943.0339831103902,285.0127620575927,-29.875182529283574,282.06200589727086,-29.702871638419634
23.80000000000092,282.0955236605635,-29.919234470357946,1184.3488851149189,184.34888511491886,1943.315794057333,1943.0551909928897,284.6575382880201,-29.859522519474623,281.4605243618666,-29.71858243119408
23.810000000000922,281.796332355642,-29.91902651394887,1184.342282075544,184.34228207554406,1943.274488010016,1943.043635126288,284.40501492517296,-29.853946856761873,282.1323046595492,-29.8037658923471
23.820000000000924,281.4971431327571,-29.91881806303054,1184.335678873979,184.33567887397908,1943.3222205942989,1943.050319065337,284.06450631984137,-29.852947531700796,280.9999288718572,-29.843953606151114
23.830000000000926,281.1979560036032,-29.91860776774596,1184.3290749670111,184.32907496701114,1943.5298206383093,1943.0482748915745,283.71869847898085,-29.867096452958197,280.60642791123604,-29.994436744274818
23.840000000000927,280.89877096994815,-29.91839896326465,1184.3224716967995,184.32247169679954,1943.3424232665143,1943.0749475155521,283.4881763831254,-29.848325646176722,281.41347752042583,-29.679388385143426
23.85000000000093,280.599588022815,-29.91819046337109,1184.315868585977,184.3158685859769,1943.2955150777027,1942.9890253583408,283.20007669422137,-29.884556325173843,280.6071794940852,-30.210632436147943
23.86000000000093,280.3004071608158,-29.917981936471772,1184.309265501102,184.3092655011019,1943.2878786981112,1943.1064466298637,282.9423891264895,-29.8873174491727,280.6232010169029,-29.912167565162363
23.870000000000932,280.00122838237496,-29.917773751695048,1184.3026625907175,184.30266259071755,1943.236526112843,1943.0301910843693,282.53225727216653,-29.86688418463544,278.84107058325975,-29.682984803800093
23.880000000000933,279.7020516840341,-29.917565916476658,1184.2960598578136,184.2960598578136,1943.1842936490593,1942.9628889602056,282.2480250716598,-29.835878820380067,279.6899352670992,-29.556830542081737
23.890000000000935,279.4028770666249,-29.91735756536338,1184.2894569541193,184.28945695411926,1943.234557221954,1942.9155456513374,281.9087467452142,-29.939327809274282,278.8552418072035,-30.87036870932218
23.900000000000936,279.10370453059477,-29.917149640659726,1184.2828542588297,184.28285425882973,1943.1732237031797,1943.225482148099,281.64219671666956,-29.92836308211237,279.24324645976736,-29.829680537655136
23.910000000000938,278.8045340742351,-29.91694163127664,1184.2762515662762,184.2762515662762,1943.172418490914,1942.9804759860367,281.2738968710458,-29.9565759234048,277.9591982604319,-30.21049149503662
23.92000000000094,278.50536569808594,-29.91673359855206,1184.2696489011419,184.26964890114186,1943.1643490642878,1943.0622411816548,281.13480464093584,-29.96176000934414,279.8829745699459,-30.0084167827982
23.93000000000094,278.2061994043801,-29.916525142611953,1184.2630461025162,184.26304610251623,1943.2036355201162,1943.0080793964007,280.87849206609906,-29.976756317491976,278.5716788925682,-30.11172309082247
23.940000000000943,277.90703519790185,-29.916316153032827,1184.2564431259677,184.25644312596773,1943.255998243849,1943.024505461118,280.4768312343367,-29.97582004844994,276.8618837484753,-29.967393627071598
23.950000000000944,277.60787307794277,-29.91610783878436,1184.2498404579862,184.24984045798624,1943.16518695823,1942.9814753502087,280.176655190683,-29.981845174643432,277.47507079779973,-30.03607131038487
23.960000000000946,277.3087130422077,-29.91589930821993,1184.2432377397724,184.24323773977244,1943.1799703075098,1942.9877143816466,279.8841289340602,-29.967322539851715,277.2513926244545,-29.83661882672624
23.970000000000947,277.0095550923318,-29.915690666960078,1184.2366350138286,184.23663501382862,1943.1822452477616,1942.9286611387738,279.5891657023247,-30.00007953760097,276.9344966167049,-30.294892517344287
23.98000000000095,276.7103992267628,-29.915482446849676,1184.230032494165,184.23003249416502,1943.1215370107775,1943.0289024867016,279.3255982943466,-30.050100981185516,276.95349162254377,-30.500293973446404
23.99000000000095,276.4112454401556,-29.915274874589258,1184.223430272,184.2234302720001,1943.0339831103902,1943.0777460183094,278.9316451360633,-30.014442955684846,275.3860667115135,-29.69352072617879
24.000000000000952,276.1120937306238,-29.915067031767347,1184.2168279777732,184.21682797777316,1943.0551909928897,1942.8778624674815,278.6750410091261,-30.00622722424532,276.3656038666915,-29.932285641289557
24.010000000000954,275.81294409948975,-29.91485919505011,1184.2102257228119,184.21022572281186,1943.043635126288,1942.9179434732362,278.3190588929247,-30.01832774954602,275.1152198471122,-30.12723247725233
24.020000000000955,275.51379654746245,-29.914651210413098,1184.203623445139,184.2036234451391,1943.050319065337,1942.9539305963297,278.02539532099416,-30.055836914689955,275.3824231736192,-30.39341940098533
24.030000000000957,275.21465107565257,-29.91444315155884,1184.1970211744124,184.19702117441238,1943.0482748915745,1943.0128067687583,277.70736946355885,-30.022127628231544,274.84513674664095,-29.718744050105833
24.04000000000096,274.91550768601485,-29.914234775986433,1184.190418813055,184.19041881305498,1943.0749475155521,1942.842819543747,277.49954855401893,-30.023921385586792,275.62916036815943,-30.040065201784
24.05000000000096,274.6163663769624,-29.914027034507612,1184.1838167436517,184.18381674365173,1942.9890253583408,1942.904026684653,277.2490547540291,-30.070353752596496,274.9946105541204,-30.48824505568385
24.06000000000096,274.31722715074,-29.913818209972472,1184.1772142752636,184.17721427526362,1943.1064466298637,1943.0058247350337,276.98884455575586,-30.078818650775922,274.6469527712968,-30.155002734390717
24.070000000000963,274.0180900100006,-29.91360993790254,1184.1706120659837,184.17061206598373,1943.0301910843693,1942.923426247674,276.70713638201573,-30.069730352035776,274.1717628183546,-29.98793566337445
24.080000000000965,273.71895494959756,-29.913402142698345,1184.1640100853892,184.16401008538924,1942.9628889602056,1942.8730801254314,276.47433893926313,-30.080330600552234,274.37916195448946,-30.17573283720032
24.090000000000966,273.41982196560497,-29.91319465582065,1184.1574082656623,184.1574082656623,1942.9155456513374,1942.9070621356398,276.20026755677543,-30.072002229977972,273.73362511438586,-29.99704689480961
24.100000000000968,273.1206910700253,-29.912984460110316,1184.1508053928042,184.15080539280416,1943.225482148099,1942.8543457642136,275.8843946341999,-30.061616069785984,273.0415383310205,-29.96814062805808
24.11000000000097,272.82156226651506,-29.912776241941334,1184.1442033524509,184.14420335245086,1942.9804759860367,1942.8343404508519,275.5358277422067,-30.04715505597872,272.398725714268,-29.917005931713334
24.12000000000097,272.52243554909643,-29.912567241790164,1184.137601034268,184.13760103426807,1943.0622411816548,1942.8082649313453,275.2313561117896,-30.026459067107663,272.49111143803555,-29.840195167268146
24.130000000000972,272.2233109198497,-29.912358607542764,1184.1309989001213,184.1309989001213,1943.0080793964007,1942.7747512313263,274.9347768498802,-29.991109184662808,272.2655634926962,-29.672960242659094
24.140000000000974,271.9241883780966,-29.912149743090556,1184.1243967101605,184.12439671016045,1943.024505461118,1942.7170730456385,274.6798934335042,-30.014731940160416,272.38594268612025,-30.227336739638897
24.150000000000976,271.6250679236284,-29.911941150541086,1184.1177946664113,184.11779466641133,1942.9814753502087,1942.8361341515356,274.4178495075462,-30.04004295401178,272.0594541739238,-30.267842078674043
24.160000000000977,271.32594955580663,-29.9117324138163,1184.1111926014628,184.1111926014628,1942.9877143816466,1942.8414708642952,274.1380523067791,-30.00861973645115,271.6198774998755,-29.72581077840544
24.17000000000098,271.026833273316,-29.911524084317527,1184.1045907371708,184.10459073717084,1942.9286611387738,1942.7015954474741,273.7313645588497,-29.996120793841904,270.07117482748475,-29.883630310358704
24.18000000000098,270.72771907881054,-29.911314816777427,1184.0979885322695,184.09798853226948,1943.0289024867016,1942.7224995059194,273.40757520517775,-30.01040315387352,270.4934710221304,-30.138944394158038
24.190000000000982,270.42860697950044,-29.91110504524807,1184.0913861614029,184.09138616140285,1943.0777460183094,1942.7725077192767,273.177220999145,-30.0200837172301,271.10403314484995,-30.107208787439298
24.200000000000983,270.12949696992274,-29.910896870294902,1184.0847844697194,184.08478446971935,1942.8778624674815,1942.757448566801,272.83212974976686,-30.00689418433643,269.7263085053637,-29.888188388293376
24.210000000000985,269.83038904424444,-29.910688265362584,1184.078182641845,184.07818264184493,1942.9179434732362,1942.6944188673265,272.5662351665295,-30.00152305001935,270.17318391739366,-29.95318284116562
24.220000000000987,269.53128320659255,-29.91047926501886,1184.07158069169,184.0715806916901,1942.9539305963297,1942.6966751361645,272.32105849781925,-29.97648940166038,270.11446847942716,-29.751186566429634
24.230000000000988,269.23217946188765,-29.910269675949646,1184.0649785414803,184.0649785414803,1943.0128067687583,1942.6341381246502,271.9032600282395,-29.98575143799452,268.14307380202195,-30.06910976500175
24.24000000000099,268.93307780635286,-29.910061431007406,1184.058376968869,184.05837696886897,1942.842819543747,1942.6966650288637,271.57814970108325,-29.963801608692926,268.652156756677,-29.76625314497858
24.25000000000099,268.63397823630953,-29.909852577656288,1184.0517751882821,184.05177518828214,1942.904026684653,1942.6125718353112,271.1524917017872,-29.88193641432773,267.32156970812247,-29.14514966504097
24.260000000000993,268.33488075955586,-29.90964277307299,1184.0451730617965,184.0451730617965,1943.0058247350337,1942.4411136234505,270.89728191230876,-29.880240746084723,268.60039380700294,-29.86497973189768
24.270000000000994,268.035785377826,-29.909433572896752,1184.038571215292,184.038571215292,1942.923426247674,1942.5899093966666,270.67021064468145,-29.81285040718155,268.6265692360356,-29.206337357052966
24.280000000000996,267.73669208642934,-29.90922470643448,1184.0319695398584,184.03196953985844,1942.8730801254314,1942.4141298945576,270.4203961210857,-29.794023444212694,268.17206540872354,-29.624580777492994
24.290000000000997,267.4376008855898,-29.90901546148064,1184.0253677489575,184.02536774895748,1942.9070621356398,1942.4911484507393,270.1286510987593,-29.809768418540497,267.502945897822,-29.951473187490723
24.300000000001,267.1385117754311,-29.90880657026357,1184.0187661371813,184.01876613718127,1942.8543457642136,1942.5574699112371,269.80584739422625,-29.844455593464243,266.9006140534286,-30.156640167777933
24.310000000001,266.8394247537972,-29.90859775651825,1184.012164593381,184.01216459338093,1942.8343404508519,1942.6020032888134,269.4748544251984,-29.891386488699936,266.49591770394744,-30.313764545821147
24.320000000001002,266.540339819657,-29.90838907151459,1184.0055631381824,184.00556313818242,1942.8082649313453,1942.6392616760986,269.17760939211,-29.943626774298195,266.5024040943145,-30.413789344682506
24.330000000001004,266.24125697140903,-29.90818057807743,1183.99896179686,183.99896179685993,1942.7747512313263,1942.6653062422013,268.8935199762471,-29.94117207291739,266.3367152334809,-29.919079760490135
24.340000000001005,265.94217620611715,-29.907972480302604,1183.9923606515217,183.99236065152172,1942.7170730456385,1942.5439947446102,268.6057323641534,-29.953516060756513,266.0156438553105,-30.064611951308603
24.350000000001007,265.6430975272883,-29.907763285457104,1183.9857591016266,183.98575910162663,1942.8361341515356,1942.5690702615218,268.4633118989759,-29.908137306221164,267.18152771237857,-29.49972851540301
24.36000000000101,265.34402094109083,-29.90755395404472,1183.9791575335978,183.9791575335978,1942.8414708642952,1942.4202408886752,268.08915567818315,-29.901092928380713,264.72174969104844,-29.83769352781665
24.37000000000101,265.0449464427579,-29.907345712539062,1183.972556440851,183.9725564408509,1942.7015954474741,1942.4826929129379,267.75433444749376,-29.93215259859777,264.74094337128923,-30.211689630551287
24.38000000000101,264.74587402818025,-29.90713720299264,1183.965955277074,183.96595527707404,1942.7224995059194,1942.5637370739116,267.3864848020062,-29.91668455831448,264.0758379926183,-29.777472195764865
24.390000000001013,264.4468037012674,-29.906928179582295,1183.9593539433747,183.9593539433747,1942.7725077192767,1942.4522537474509,267.0584476801788,-29.886674139720505,264.1061135837326,-29.616580372374735
24.400000000001015,264.1477354644101,-29.90671919187426,1183.9527526608447,183.95275266084468,1942.757448566801,1942.3974696209395,266.81706556932846,-29.84746121337954,264.64462657167536,-29.494544876310826
24.410000000001016,263.8486693152255,-29.90651064504246,1183.946151592483,183.94615159248292,1942.6944188673265,1942.3487640645765,266.4776066056145,-29.839105188225073,263.42247593218843,-29.763900961834857
24.420000000001018,263.54960525206195,-29.90630198766794,1183.9395505164546,183.93955051645457,1942.6966751361645,1942.395606123626,266.21642918109137,-29.86005021342248,263.8658323603831,-30.04855544019913
24.43000000000102,263.25054327328854,-29.906093767017847,1183.9329496529203,183.93294965292034,1942.6341381246502,1942.4539869937626,265.88125199244143,-29.816368948808737,262.8646572945921,-29.423237567285057
24.44000000000102,262.9514833798197,-29.9058849267571,1183.9263485769263,183.92634857692633,1942.6966650288637,1942.292200382908,265.5996499249659,-29.806241514082224,263.06523131768574,-29.71509460154358
24.450000000001022,262.6524255716594,-29.905676705298305,1183.9197477866721,183.91974778667213,1942.6125718353112,1942.343550582209,265.2638236890439,-29.8527635671995,262.24138756574547,-30.271462045254964
24.460000000001024,262.35336983893,-29.905469840582562,1183.9131475790145,183.91314757901455,1942.4411136234505,1942.4694173042433,264.94430581530787,-29.861754836159506,262.06864495168395,-29.94267625679956
24.470000000001026,262.0543161815892,-29.905261627586793,1183.9065468657648,183.90654686576477,1942.5899093966666,1942.3881590340034,264.60209585159515,-29.866400859561747,261.5222061781805,-29.908215070181907
24.480000000001027,261.755264599412,-29.905054807850583,1183.899946749795,183.89994674979494,1942.4141298945576,1942.3710983991243,264.23298746697344,-29.903867677064724,260.91101200537776,-30.241069034591543
24.49000000000103,261.45621508914223,-29.904847246098566,1183.8933463721244,183.89334637212437,1942.4911484507393,1942.4447812082062,263.9888557916042,-29.885851918359773,261.79167071328067,-29.723710090015196
24.50000000000103,261.1571676577484,-29.904639032674073,1183.8867457691006,183.88674576910057,1942.5574699112371,1942.3141155646115,263.68609313994926,-29.91826355906351,260.96122927505496,-30.20996832539716
24.510000000001032,260.858122310827,-29.904430351605285,1183.880145014757,183.8801450147571,1942.6020032888134,1942.4204832068822,263.35192587946074,-29.92807828569593,260.344420535064,-30.01641082538768
24.520000000001033,260.55907905274734,-29.90422126433529,1183.8735441338135,183.87354413381354,1942.6392616760986,1942.3695035200194,263.1048671213717,-29.897845212819536,260.88133829857,-29.625747556931994
24.530000000001035,260.2600378870977,-29.904011865579246,1183.8669431643734,183.86694316437342,1942.6653062422013,1942.263597957435,262.7955576111702,-29.93306665087505,260.0117720193567,-30.250059593374683
24.540000000001037,259.96099881076964,-29.90380340003368,1183.8603426071368,183.86034260713677,1942.5439947446102,1942.4014241278335,262.5254939130234,-29.954846374909685,260.0949206297028,-30.150863891221437
24.550000000001038,259.66196182061356,-29.90359463119205,1183.8537419646962,183.85374196469616,1942.5690702615218,1942.374737659086,262.21322807183935,-29.909962917824814,259.40283550118295,-29.50601180406094
24.56000000000104,259.3629269123175,-29.903387028022546,1183.8471418279619,183.84714182796188,1942.4202408886752,1942.2082765275507,261.9695537273155,-29.904566099477044,259.7764846266004,-29.85599473434711
24.57000000000104,259.0638940831482,-29.90317880584351,1183.8405414790222,183.84054147902225,1942.4826929129379,1942.2738591743414,261.61539181284314,-29.898085473089573,258.4279345825919,-29.83975983560231
24.580000000001043,258.76486334008104,-29.902969807595763,1183.8339408547033,183.83394085470331,1942.5637370739116,1942.257758679786,261.3834718301063,-29.909842916513156,259.2961919854748,-30.015659907325425
24.590000000001044,258.4658346827452,-29.902761659571684,1183.8273406091928,183.8273406091928,1942.4522537474509,1942.2894205297232,261.1592638198695,-29.870352432133462,259.14139172773855,-29.514938072716223
24.600000000001046,258.16680810503317,-29.90255388283778,1183.8207405498329,183.82074054983286,1942.3974696209395,1942.1564870341997,260.94320488999307,-29.864415283407954,258.99867452110493,-29.810980944878374
24.610000000001047,257.8677836034887,-29.902346426053718,1183.8141406559691,183.81414065596914,1942.3487640645765,1942.2099330349822,260.66503234633296,-29.8257827790226,258.16147945339173,-29.47809023955439
24.62000000000105,257.5687611789479,-29.902138482108672,1183.8075406029411,183.80754060294112,1942.395606123626,1942.1145342434108,260.3777749264479,-29.848455372564914,257.7924581474824,-30.052508714445736
24.63000000000105,257.26974083676976,-29.901929953522984,1183.8009403515412,183.80094035154116,1942.4539869937626,1942.2377886501317,260.0445443756537,-29.84664618204751,257.04546941850583,-29.830363467390864
24.640000000001052,256.9707225735015,-29.90172270012271,1183.7943406498748,183.7943406498748,1942.292200382908,1942.1772280794858,259.6726341243412,-29.856451601315957,256.3254418625284,-29.94470037473197
24.650000000001054,256.6717063853935,-29.901514921474977,1183.787740773726,183.787740773726,1942.343550582209,1942.1946684919924,259.4273687063579,-29.926695548866817,257.2199799445086,-30.558891076824562
24.660000000001055,256.3726922808456,-29.901305988096137,1183.7811404698955,183.7811404698955,1942.4694173042433,1942.3399757229713,259.1986251688964,-29.890485366228653,257.1399333317429,-29.56459372248519
24.670000000001057,256.07368026265686,-29.901097649657302,1183.7745404421719,183.77454044217188,1942.3881590340034,1942.0982698790688,258.8631424474809,-29.875244869735365,255.84379795474163,-29.738080401295758
24.68000000000106,255.77467032758932,-29.900889363855907,1183.7679404724186,183.76794047241856,1942.3710983991243,1942.1218969581996,258.5544526218371,-29.840909608094258,255.77624419104248,-29.5318922533243
24.69000000000106,255.4756624789494,-29.900680364128874,1183.7613402522989,183.76134025229885,1942.4447812082062,1942.055847846083,258.2957077646868,-29.88888880539321,255.96700405033437,-30.320701581083778
24.70000000000106,255.17665671524512,-29.90047237672872,1183.7547404761672,183.75474047616717,1942.3141155646115,1942.2337740060188,258.0131657804159,-29.89621599813606,255.47028792197722,-29.962160732821697
24.710000000001063,254.87765303636502,-29.90026339928779,1183.7481403386096,183.74814033860957,1942.4204832068822,1942.1454419559448,257.70375613453666,-29.918465895280328,254.91906932162408,-30.118714969578736
24.720000000001065,254.57865144556348,-29.90005476101982,1183.7415403742755,183.74154037427547,1942.3695035200194,1942.1757200904763,257.47865251909536,-29.885422927257203,255.4527199801239,-29.588036215049048
24.730000000001066,254.2796519371287,-29.899846925933257,1183.7349407697973,183.73494076979728,1942.263597957435,1942.0379209339087,257.1217639027001,-29.926903645332118,253.9097663551422,-30.30023010800633
24.740000000001068,253.98065451332386,-29.89963783503606,1183.7283406970005,183.72834069700048,1942.4014241278335,1942.1970173058876,256.78836933221356,-29.911141984919773,253.78781819783492,-29.769287041208667
24.75000000000107,253.6816591797582,-29.899428878091467,1183.7217407148814,183.72174071488143,1942.374737659086,1942.0639596007761,256.48970860916535,-29.872376689493894,253.80176210173133,-29.523489030660993
24.76000000000107,253.38266592918822,-29.899221235908982,1183.7151412983794,183.71514129837942,1942.2082765275507,1941.9878777120032,256.2185003272767,-29.845974073362814,253.77762579027865,-29.60835052818311
24.770000000001072,253.08367475826762,-29.89901294821027,1183.7085416590346,183.7085416590346,1942.2738591743414,1941.9887107077939,255.9213605404063,-29.89295692275389,253.24710245857284,-30.31580256727357
24.780000000001074,252.78468567000135,-29.89880470504631,1183.7019420743975,183.7019420743975,1942.257758679786,1942.1482816477953,255.59790812680848,-29.86173900878587,252.6868364044279,-29.58077778307371
24.790000000001076,252.4856986659615,-29.8985961029186,1183.695342382177,183.69534238217693,1942.2894205297232,1941.9655798369809,255.28411103429755,-29.850332007140434,252.45993720169918,-29.747668992331477
24.800000000001077,252.1867137427852,-29.898388532342832,1183.68874314165,183.6887431416501,1942.1564870341997,1941.988806659406,254.958433889384,-29.886032015116932,252.02733958516214,-30.207332086905385
24.81000000000108,251.88773089802964,-29.89818041877169,1183.6821437195194,183.68214371951944,1942.2099330349822,1942.090179912985,254.64519638704627,-29.877975432191427,251.82605886600658,-29.805466185861896
24.82000000000108,251.58875013083744,-29.897973019669255,1183.6755446215438,183.67554462154385,1942.1145342434108,1941.9879473758663,254.30676737545232,-29.887046528284912,251.2609062711067,-29.968686393126255
24.830000000001082,251.28977144330005,-29.897764487808683,1183.6689451047628,183.66894510476277,1942.2377886501317,1942.0160477432307,253.95809462013779,-29.854540976710368,250.82003982230705,-29.561991012539455
24.840000000001083,250.99079483898052,-29.897556376097114,1183.66234579376,183.6623457937601,1942.1772280794858,1941.9059504549218,253.64664185414267,-29.81525985029526,250.8435669601865,-29.461729712559258
24.850000000001085,250.69182031697224,-29.897348025562067,1183.6557464234968,183.6557464234968,1942.1946684919924,1941.862067858209,253.42759709295268,-29.825900046763593,251.4561942422427,-29.92166181497859
24.860000000001087,250.39284788506478,-29.897138355929727,1183.649146559495,183.64914655949497,1942.3399757229713,1941.9565396223834,253.07369973553654,-29.89560081401221,249.88862351879112,-30.522907719249726
24.870000000001088,250.09387754010095,-29.896930636838945,1183.642547516784,183.6425475167839,1942.0982698790688,1942.0988193678852,252.70211566234164,-29.936948841041843,249.35785900358755,-30.309081084308545
24.88000000000109,249.79490927378347,-29.89672262665857,1183.6359483937906,183.6359483937906,1942.1218969581996,1942.0520974517704,252.4803185048589,-29.92945148198671,250.48414408751424,-29.861975250490485
24.89000000000109,249.49594308523507,-29.896515083017455,1183.6293494952251,183.62934949522514,1942.055847846083,1941.939967420824,252.20136118910114,-29.99277047235784,249.69074534728105,-30.562641385697994
24.900000000001093,249.1969789800966,-29.896305944676687,1183.6227499920856,183.62274999208557,1942.2337740060188,1942.102569399186,251.8410246467398,-29.956511626296336,248.59799576548795,-29.6301820117428
24.910000000001094,248.89801696306756,-29.896097461129298,1183.6161507890888,183.6161507890888,1942.1454419559448,1941.874593108204,251.5610625839917,-29.9548863681402,249.04140401925886,-29.940259044734976
24.920000000001096,248.59905703261046,-29.895888630286667,1183.6095514832102,183.60955148321023,1942.1757200904763,1941.9323569460817,251.2931041467836,-29.899912660170774,248.88147821191052,-29.405149288445923
24.930000000001098,248.3000991850981,-29.895680872183497,1183.6029526455584,183.6029526455584,1942.0379209339087,1941.787482316947,250.9827515274382,-29.8974083872923,248.18957795332958,-29.874869931386076
24.9400000000011,248.00114342234502,-29.895471678433477,1183.596353267314,183.59635326731404,1942.1970173058876,1941.880478933694,250.69422056286547,-29.8254514273482,248.09744188171067,-29.17783878785128
24.9500000000011,247.702189746366,-29.89526351737215,1183.5897543411857,183.58975434118565,1942.0639596007761,1941.6949040868349,250.29004966799457,-29.81193594590693,246.65251161415648,-29.69029661293551
24.960000000001102,247.40323814924096,-29.895055907635843,1183.5831556735754,183.58315567357545,1941.9878777120032,1941.794339042792,249.99562840368125,-29.803244790294297,247.34583702486142,-29.72502438978059
24.970000000001104,247.10428862870586,-29.894848199386544,1183.5765570031347,183.57655700313467,1941.9887107077939,1941.7889522751143,249.67362579848398,-29.813874082129274,246.7756023517085,-29.90953770864408
24.980000000001105,246.80534119245166,-29.894639051451364,1183.5699577904888,183.56995779048884,1942.1482816477953,1941.822217969813,249.42236786685405,-29.72856327303017,247.16104648218442,-28.96076599113821
24.990000000001107,246.50639584041605,-29.89443135567424,1183.5633591986443,183.56335919864432,1941.9655798369809,1941.576991638909,249.17117247368034,-29.77059204923549,246.91041393511708,-30.148851035083393
25.00000000000111,246.2074525667768,-29.894223372176217,1183.5567605278775,183.5567605278775,1941.988806659406,1941.8419954788324,248.85361249888888,-29.79655760478108,245.99557272576544,-30.030247604691372
25.01000000000111,245.9085113777125,-29.894014440685286,1183.5501615126552,183.55016151265522,1942.090179912985,1941.8121619686435,248.46932022813974,-29.816205994122544,245.01068979139748,-29.993041498195716
25.02000000000111,245.60957227410165,-29.893806281483197,1183.5435628448083,183.54356284480832,1941.9879473758663,1941.7986614262459,248.21998688682703,-29.862192986430916,245.97598681501253,-30.276075917206235
25.030000000001113,245.31063525372736,-29.893597793374187,1183.5369640814793,183.53696408147925,1942.0160477432307,1941.8636422864217,247.9814758560696,-29.850700222492712,245.83487657925266,-29.747265347048884
25.040000000001115,245.01170031404038,-29.893390144019847,1183.530365692249,183.530365692249,1941.9059504549218,1941.7322463953665,247.64778663576814,-29.85921510376556,244.64458365305487,-29.9358490352212
25.050000000001116,244.71276744945044,-29.893182773967094,1183.5237674521272,183.52376745212723,1941.862067858209,1941.7658297358719,247.43420080751844,-29.84060543638054,245.51192835327095,-29.673118429915334
25.060000000001118,244.41383666300953,-29.892974514217457,1183.5171688910004,183.51716889100044,1941.9565396223834,1941.6915866558663,247.13260357581248,-29.852972843673058,244.4182284904586,-29.96427950930575
25.07000000000112,244.11490796563442,-29.892764960808208,1183.5105698464222,183.5105698464222,1942.0988193678852,1941.7490348398424,246.83466446831727,-29.872304962124844,244.15321250086023,-30.0462940281909
25.08000000000112,243.815981362277,-29.892555710676174,1183.5039709606,183.5039709606001,1942.0520974517704,1941.76193986917,246.4275586824273,-29.813064699663936,242.76360660941748,-29.279902337515754
25.090000000001123,243.51705684714116,-29.892347316491872,1183.4973724557838,183.49737245578376,1941.939967420824,1941.5644847810825,246.14427474885866,-29.809048543393054,243.59471934674087,-29.77290313695511
25.100000000001124,243.21813442327417,-29.892137456912977,1183.4907733984633,183.49077339846326,1942.102569399186,1941.6622353375244,245.84876532880637,-29.839410938766786,243.1891805483357,-30.112672497130355
25.110000000001126,242.9192140888289,-29.89192943213783,1183.484175115782,183.4841751157819,1941.874593108204,1941.7354831656414,245.54651398076118,-29.89264463096972,242.82625184835453,-30.371747860796123
25.120000000001127,242.62029583752923,-29.891720827800082,1183.4775766368252,183.47757663682523,1941.9323569460817,1941.7971533874577,245.36774649134065,-29.929587610605427,243.75883908655587,-30.2620744273268
25.13000000000113,242.32137966660963,-29.89151335611959,1183.470978650137,183.4709786501371,1941.787482316947,1941.7723539162312,245.0115114946752,-29.938987961288436,241.80539652468605,-30.023591117435508
25.14000000000113,242.0224655747932,-29.891305007170054,1183.4643803474564,183.46438034745643,1941.880478933694,1941.7112800952325,244.77701068892964,-29.93378439589872,242.66650343721938,-29.886952307391258
25.150000000001132,241.72355355908334,-29.891098134801688,1183.4577826753393,183.45778267533933,1941.6949040868349,1941.6687812300495,244.40985818614348,-29.891885618966295,241.10548566106812,-29.514796626574487
25.160000000001133,241.42464361675553,-29.890890330759426,1183.4511846653527,183.45118466535268,1941.794339042792,1941.5637531896682,244.14788676054397,-29.875633041429115,241.79014393014828,-29.72935984359449
25.170000000001135,241.12573575269795,-29.890682480757363,1183.4445866736698,183.44458667366985,1941.7889522751143,1941.5962305235118,243.8814583718179,-29.805307128344467,241.48360287328336,-29.17237391058263
25.180000000001137,240.82682996900323,-29.890474258185424,1183.4379885689536,183.43798856895364,1941.822217969813,1941.4422321493482,243.68525027628826,-29.834425301618662,241.9193774165213,-30.096488861086414
25.190000000001138,240.52792625763087,-29.8902680162835,1183.4313912974903,183.43139129749034,1941.576991638909,1941.6449904790627,243.45071212406307,-29.82851452739238,241.33986875403644,-29.77531755935583
25.20000000000114,240.22902462033127,-29.890059443638236,1183.4247931255723,183.42479312557225,1941.8419954788324,1941.561289617178,243.1534981644968,-29.885437143966264,240.47857252840015,-30.397740693131233
25.21000000000114,239.93012506795506,-29.889851031601843,1183.4181950550253,183.4181950550253,1941.8121619686435,1941.7047286685581,242.82264156657322,-29.910263240439917,239.84493218526097,-30.133698108702813
25.220000000001143,239.63122759958625,-29.889642642162336,1183.4115970303517,183.4115970303517,1941.7986614262459,1941.6422598023084,242.5449031106192,-29.876068765600078,240.04525700703292,-29.568318492041495
25.230000000001144,239.33233221831472,-29.889433612141342,1183.40499878488,183.40499878488004,1941.8636422864217,1941.4964326222903,242.11992170383795,-29.87806629617433,238.29508904280655,-29.896044071342622
25.240000000001146,239.03343892224927,-29.88922560095,1183.3984009858777,183.39840098587774,1941.7322463953665,1941.5591262407415,241.86736650091882,-29.884782595521305,239.5943696746464,-29.945229289644033
25.250000000001148,238.73454770817204,-29.889017214491826,1183.3918030727627,183.39180307276274,1941.7658297358719,1941.5612334935768,241.59053780389425,-29.874671093389544,239.09907953067324,-29.7836675742037
25.26000000000115,238.43565857527994,-29.888809363925226,1183.385205411918,183.38520541191792,1941.6915866558663,1941.511833520307,241.29213289263043,-29.884224369785162,238.60648869125626,-29.970203857345716
25.27000000000115,238.1367715237782,-29.88860093642453,1183.3786075558703,183.3786075558703,1941.7490348398424,1941.545251504991,240.91576771553844,-29.918307930871848,237.52848112171034,-30.225059980652038
25.280000000001152,237.83788655755413,-29.888392308387225,1183.3720096559728,183.37200965597276,1941.76193986917,1941.6006653281195,240.64344722546278,-29.914732620957817,238.19256281478178,-29.88255483173156
25.290000000001154,237.53900366972496,-29.888185257443492,1183.3654124270065,183.3654124270065,1941.5644847810825,1941.5128713333268,240.32607725765862,-29.924794585876057,237.46974754742135,-30.0153522701402
25.300000000001155,237.2401228569928,-29.887977288992264,1183.3588148658941,183.35881486589415,1941.6622353375244,1941.5344893545252,240.002222375318,-29.88970550235303,237.08752843425242,-29.573903750645822
25.310000000001157,236.94124412749744,-29.887768610079558,1183.3522170558936,183.35221705589356,1941.7354831656414,1941.415954666879,239.67936234644256,-29.929743754524733,236.77362208656342,-30.290088024070027
25.32000000000116,236.6423674878544,-29.887559318531363,1183.3456190363443,183.34561903634426,1941.7971533874577,1941.5755400121534,239.41284544936076,-29.931671610841338,237.01419337562447,-29.949022317690776
25.33000000000116,236.34349294053644,-29.887350145060154,1183.3390211010608,183.33902110106078,1941.7723539162312,1941.4895943569318,239.10747999175496,-29.879012115071234,236.35919087330282,-29.405076653140302
25.34000000000116,236.04462048283008,-29.887141396210744,1183.3324233732997,183.33242337329966,1941.7112800952325,1941.343401249714,238.80016601299494,-29.871149532991623,236.03434020415483,-29.800386294275125
25.350000000001163,235.74575011127394,-29.88693291501917,1183.3258257899452,183.32582578994516,1941.6687812300495,1941.4183754670821,238.43577824825792,-29.879317954764907,235.15628836562476,-29.95283375072446
25.360000000001165,235.4468818205493,-29.886725229909334,1183.3192285634648,183.31922856346478,1941.5637531896682,1941.4438336006403,238.1673649077475,-29.926719894294585,235.7516448431536,-30.353337350061707
25.370000000001166,235.14801560850543,-29.886517178863965,1183.31263122663,183.31263122662995,1941.5962305235118,1941.5353140990198,237.87547223247907,-29.91967589057218,235.2484381550633,-29.856279857070522
25.380000000001168,234.84915147092235,-29.886310337756075,1183.306034413065,183.30603441306494,1941.4422321493482,1941.412212524982,237.57490452910275,-29.88522456833082,234.86979519871608,-29.5751626681586
25.39000000000117,234.55028941077512,-29.886101691691476,1183.2994369105488,183.29943691054882,1941.6449904790627,1941.3294853888478,237.28916494301242,-29.840970123716193,234.71750866819937,-29.44268012218454
25.40000000000117,234.25142943400922,-29.88589366149173,1183.2928396924394,183.29283969243943,1941.561289617178,1941.277063967718,236.9357119163324,-29.841384740477196,233.75463467621222,-29.845116291326224
25.410000000001173,233.95257154406372,-29.885684327609734,1183.2862419869393,183.28624198693933,1941.7047286685581,1941.3559219055126,236.64162121842503,-29.877892334003104,233.9948049372587,-30.20646067573626
25.420000000001174,233.65371574527487,-29.88547543016036,1183.2796444937019,183.27964449370188,1941.6422598023084,1941.435673372895,236.39064542121457,-29.808910444443246,234.13186324632053,-29.188073438404512
25.430000000001176,233.35486202975596,-29.885267673619826,1183.2730474959696,183.27304749596965,1941.4964326222903,1941.179515522899,236.08621677834452,-29.801395534712693,233.34635899251404,-29.733761347137694
25.440000000001177,233.056010394909,-29.885059295770354,1183.266450285211,183.26645028521102,1941.5591262407415,1941.2880048913662,235.78742206379175,-29.831169450915674,233.09826963281668,-30.099134696742507
25.45000000000118,232.75716084438702,-29.884850808628464,1183.2598530672922,183.25985306729217,1941.5612334935768,1941.3667820199057,235.39335792796118,-29.857710791179816,231.846780705486,-30.096582853557074
25.46000000000118,232.4583133771064,-29.884642647492196,1183.2532560172292,183.2532560172292,1941.511833520307,1941.3629000451317,235.0302555538281,-29.80928091446928,231.76233418663054,-29.37341202407446
25.470000000001182,232.15946799330672,-29.884434112450087,1183.2466588536156,183.2466588536156,1941.545251504991,1941.178055451725,234.73742131307984,-29.827173814138778,232.1019131463451,-29.988209911164237
25.480000000001183,231.86062469765648,-29.884225017602446,1183.2400615017116,183.24006150171158,1941.6006653281195,1941.3089600492658,234.4941993427769,-29.866531467570823,232.30520161005037,-30.220750348459212
25.490000000001185,231.56178348970226,-29.884016573242736,1183.2334644481223,183.23346444812228,1941.5128713333268,1941.3608806734223,234.1626145555692,-29.866237810060557,231.1783514707,-29.86359489246815
25.500000000001187,231.26294436756257,-29.883807854695714,1183.2268673210772,183.22686732107718,1941.5344893545252,1941.2707439959681,233.92408598633972,-29.852944263169007,231.7773288632743,-29.733302341145077
25.510000000001188,230.96410732805683,-29.88360004645297,1183.2202705968004,183.22027059680045,1941.415954666879,1941.2274100979466,233.64050437763723,-29.85366630944032,231.08826989931478,-29.860164725882164
25.52000000000119,230.6652723738346,-29.883390797995514,1183.2136733302696,183.21367333026956,1941.5755400121534,1941.2451156140796,233.3629929700333,-29.850589171141962,230.86539030159798,-29.822894926456737
25.53000000000119,230.3664395089225,-29.883182184419468,1183.2070763557729,183.20707635577287,1941.4895943569318,1941.225291104011,233.01183901018337,-29.85246609582072,229.85145337153403,-29.869358417929522
25.540000000001193,230.06760872442578,-29.882974714923687,1183.200479878025,183.2004798780249,1941.343401249714,1941.22545059362,232.66373154866173,-29.853084481443993,229.5307643949669,-29.85864995205344
25.550000000001194,229.76878001824969,-29.882766520298315,1183.1938831455225,183.19388314552248,1941.4183754670821,1941.2125564143691,232.35020399854614,-29.779871236645942,229.52845604750556,-29.120952033463457
25.560000000001196,229.46995339555306,-29.88255801902683,1183.187286326516,183.18728632651596,1941.4438336006403,1941.0175998244733,232.06018421905924,-29.832267101871878,229.45000620367722,-30.30382988890531
25.570000000001198,229.1711288621924,-29.882348653100266,1183.1806891966685,183.18068919666848,1941.5353140990198,1941.2843291303438,231.76456967283872,-29.821694494625582,229.10403875685395,-29.7265410294089
25.5800000000012,228.87230641774636,-29.882140236108242,1183.1740924851072,183.17409248510717,1941.412212524982,1941.1424185314233,231.55901154463712,-29.84542264077201,229.7089883908226,-30.058975956089856
25.5900000000012,228.57348605443167,-29.881932426828786,1183.1674960546438,183.16749605464383,1941.3294853888478,1941.2121974385525,231.1813375969154,-29.82456850903476,227.78227206741985,-29.636881323399493
25.600000000001202,228.27466776745186,-29.881724969132044,1183.1608998023028,183.16089980230277,1941.277063967718,1941.101919599566,230.82164067867404,-29.84336881828971,227.58436841450202,-30.01257160158429
25.610000000001204,227.97585155883888,-29.88151675345969,1183.154303282011,183.15430328201091,1941.3559219055126,1941.1799427073852,230.52418074241498,-29.849272615405713,227.8470413160834,-29.90240678944972
25.620000000001205,227.67703743621036,-29.881307772247453,1183.147706490732,183.14770649073193,1941.435673372895,1941.1464152187925,230.27392463464824,-29.872985159558482,228.02161966474753,-30.08639805693337
25.630000000001207,227.37822539302613,-29.8811008645987,1183.14111056985,183.14111056985007,1941.179515522899,1941.1832021830708,229.97066824787768,-29.87422484065099,227.24136076694273,-29.885381970483518
25.64000000000121,227.0794154239605,-29.880892948522177,1183.134514280333,183.13451428033295,1941.2880048913662,1941.1281909056677,229.6890228633619,-29.87195683619687,227.1542144027199,-29.8515447961098
25.65000000000121,226.78060753784223,-29.880684275133078,1183.1279177231395,183.1279177231395,1941.3667820199057,1941.1093555433297,229.4199816195711,-29.84751439480124,226.9986104254535,-29.627532422240556
25.66000000000121,226.48180173875122,-29.880475543068155,1183.1213211791367,183.12132117913666,1941.3629000451317,1941.0420990260955,229.14579533727166,-29.837202943922655,226.6781187965767,-29.74439988601539
25.670000000001213,226.18299801962655,-29.88026828186254,1183.114725263216,183.1147252632161,1941.178055451725,1941.0545188804058,228.77040444716982,-29.840002646741674,225.39188643625332,-29.865199972112837
25.680000000001215,225.8841963791035,-29.880059822745295,1183.1081289024955,183.10812890249554,1941.3089600492658,1941.0714556554192,228.50575901776327,-29.822140128504923,226.12395015310432,-29.66137746437416
25.690000000001216,225.58539682582332,-29.879850833294142,1183.1015323653544,183.1015323653544,1941.3608806734223,1941.010513849822,228.17910525985758,-29.847682377230505,225.23922143870644,-30.077562615760737
25.700000000001218,225.28659935908576,-29.879642514220166,1183.0949361344879,183.09493613448785,1941.2707439959681,1941.0994081179406,227.86114963601622,-29.834785973932732,224.99954902144395,-29.718718344252764
25.71000000000122,224.98780397416496,-29.879434469938946,1183.0883400508653,183.08834005086533,1941.2274100979466,1941.0053967182414,227.6255091225773,-29.8514746267521,225.50474450162707,-30.001672502126425
25.72000000000122,224.68901067089266,-29.87922618452274,1183.0817439070813,183.08174390708132,1941.2451156140796,1941.0622255014168,227.37725739309022,-29.85054538825423,225.14299182770617,-29.84218224177336
25.730000000001223,224.3902194500941,-29.879017975190617,1183.075147830659,183.07514783065903,1941.225291104011,1941.0158393466031,227.0723393099325,-29.859734173842405,224.3280765615129,-29.94243324413601
25.740000000001224,224.091430311853,-29.878809673028638,1183.0685517536947,183.0685517536947,1941.22545059362,1941.0299841437654,226.81157897835465,-29.851874389257418,224.46473599415407,-29.781136327992517
25.750000000001226,223.792643256546,-29.878601388373138,1183.0619557205434,183.06195572054344,1941.2125564143691,1940.9812714664442,226.6234766775562,-29.88011382845891,224.93055597036982,-30.134268781272336
25.760000000001227,223.49385827630348,-29.87839466013343,1183.0553603498338,183.0553603498338,1941.0175998244733,1941.0569040599128,226.33641992253243,-29.895817941920708,223.75290912731847,-30.037154963076883
25.77000000000123,223.19507537507357,-29.878185585848385,1183.0487640728065,183.04876407280653,1941.2843291303438,1941.0290009646149,225.9788211184371,-29.894380720424525,222.76043188157925,-29.881445726958876
25.78000000000123,222.89629455904628,-29.87797761960489,1183.0421682779763,183.04216827797632,1941.1424185314233,1940.9833137151666,225.6774360864684,-29.805195203690758,222.9649707987498,-29.002525553086862
25.790000000001232,222.59751582608797,-29.87776897205631,1183.035572246045,183.03557224604492,1941.2121974385525,1940.7525391786996,225.3602367696462,-29.846357942411856,222.50544291824636,-30.216822590901714
25.800000000001234,222.29873917540178,-29.87756116518103,1183.0289765888258,183.0289765888258,1941.101919599566,1941.023131487241,225.06773754609648,-29.911717465815165,222.43524453414898,-30.499953176444944
25.810000000001235,221.99996460653932,-29.87735260730864,1183.0223806664924,183.02238066649238,1941.1799427073852,1941.0935198536122,224.75636241301055,-29.90780022149566,221.9539862152372,-29.87254502262009
25.820000000001237,221.701192122296,-29.87714424135596,1183.0157848580818,183.01578485808182,1941.1464152187925,1940.9423223018266,224.49057540308635,-29.875525955998853,222.0984923137686,-29.585057566527606
25.830000000001238,221.40242172372442,-29.876935472960568,1183.009188924673,183.00918892467303,1941.1832021830708,1940.8587859170987,224.15658155420476,-29.880185328133926,221.15063691427056,-29.92211967734955
25.84000000000124,221.10365341096917,-29.87672707808859,1183.0025931781868,183.00259317818677,1941.1281909056677,1940.9242974663075,223.81298269835068,-29.913681379773625,220.72059299566385,-30.2151458445309
25.85000000000124,220.80488718182397,-29.87651875094935,1182.995997495701,182.99599749570098,1941.1093555433297,1940.988033741829,223.52766788566703,-29.948172683349096,220.95983457151428,-30.258594415528332
25.860000000001243,220.50612303356493,-29.87631090085404,1182.9894020417457,182.98940204174573,1941.0420990260955,1940.9965848918612,223.20478205542824,-29.97084172389657,220.298809583279,-30.174863088823813
25.870000000001244,220.2073609647892,-29.876102854293944,1182.9828065455893,182.98280654558926,1941.0545188804058,1940.9735902506716,222.93252410567885,-29.907324933958314,220.48220255793433,-29.335673824513997
25.880000000001246,219.9086009776523,-29.87589457308381,1182.9762109918834,182.97621099188336,1941.0714556554192,1940.7587754909575,222.56505239373604,-29.95977245235779,219.25780698625064,-30.43180011795308
25.890000000001248,219.60984307120913,-29.87568671554775,1182.9696156452512,182.96961564525122,1941.010513849822,1941.006243069829,222.26328711721584,-29.950892944798053,219.5473996285341,-29.870977376760422
25.90000000000125,219.31108724755597,-29.875478015083715,1182.963019996566,182.9630199965659,1941.0994081179406,1940.8684648025865,221.9790000955877,-29.95674106728365,219.4204169009346,-30.00937416965402
25.91000000000125,219.01233350739133,-29.87527001784367,1182.9564246673212,182.95642466732124,1941.0053967182414,1940.8901591730498,221.6723014718268,-29.937568650023437,218.91201385797862,-29.765016894681487
25.920000000001252,218.7135818500585,-29.87506144872797,1182.9498291449784,182.94982914497837,1941.0622255014168,1940.8198474515518,221.42845105428225,-29.989969393003438,219.2337972963809,-30.461576079823455
25.930000000001254,218.4148322769136,-29.87485318024925,1182.9432337802507,182.9432337802507,1941.0158393466031,1940.9785093973267,221.10864220459382,-29.972043507909788,218.23036255739785,-29.810710542066932
25.940000000001255,218.11608478750875,-29.87464470071519,1182.9366383674605,182.93663836746055,1941.0299841437654,1940.818208707774,220.7634876576548,-29.91036853823731,217.6570967352034,-29.355293811185
25.950000000001257,217.81733938129773,-29.87443654149083,1182.930043120191,182.93004312019093,1940.9812714664442,1940.68918848506,220.43710233600763,-29.908014119172883,217.49963444118336,-29.886824347593016
25.96000000000126,217.51859606033318,-29.874227651418682,1182.9234476159297,182.92344761592972,1941.0569040599128,1940.7959680761671,220.1730528132823,-29.922374016061518,217.79660710875433,-30.051613088059252
25.97000000000126,217.21985482754738,-29.87401890573969,1182.9168522064804,182.91685220648037,1941.0290009646149,1940.8258919396144,219.78540436231862,-29.930398140836832,216.29656830364516,-30.00261526381465
25.98000000000126,216.9211156807447,-29.873810454798317,1182.9102569522713,182.9102569522713,1940.9833137151666,1940.8065478944673,219.55044752195758,-29.934846226036534,217.43583595870822,-29.974878992833858
25.990000000001263,216.6223786091543,-29.873603863277342,1182.9036624822095,182.90366248220948,1940.7525391786996,1940.7909355460974,219.2153189156043,-29.900951823475534,216.1991614584248,-29.595902200426526
26.000000000001265,216.3236436153741,-29.87339489276647,1182.897067092704,182.897067092704,1941.023131487241,1940.6866203277953,218.90961264078015,-29.913500954814136,216.15825616736257,-30.026443136861534
26.010000000001266,216.0249107147317,-29.8731852357147,1182.8904714640262,182.89047146402618,1941.0935198536122,1940.7750974302649,218.62861525265848,-29.886346876615633,216.09963875956336,-29.641960172829066
26.020000000001268,215.72617990472628,-29.872976765369177,1182.8838763491017,182.88387634910168,1940.9423223018266,1940.6714290536333,218.45745739445186,-29.860192782261265,216.91703667059255,-29.62480593307195
26.03000000000127,215.42745117635067,-29.872768909748494,1182.8772815180248,182.8772815180248,1940.8587859170987,1940.6496678879669,218.21244877096115,-29.876629380979622,216.00737115954485,-30.02455876944485
26.04000000000127,215.12872452975785,-29.87256040881782,1182.8706864643466,182.8706864643466,1940.9242974663075,1940.732383947127,217.85278294154233,-29.874352543274867,214.6157904767731,-29.85386100393208
26.050000000001273,214.82999997132586,-29.87235127757505,1182.8640911940995,182.8640911940995,1940.988033741829,1940.6831346684696,217.55586314028366,-29.906507798945825,214.88358492895566,-30.19590509998443
26.060000000001274,214.53127750502523,-29.872141982548328,1182.8574958947963,182.85749589479633,1940.9965848918612,1940.7573921452563,217.24463985026262,-29.8910916892545,214.44363024007322,-29.75234670203259
26.070000000001276,214.23255713116035,-29.87193279042682,1182.8509006736267,182.8509006736267,1940.9735902506716,1940.6438569748148,216.9614512481033,-29.874047163770207,214.4127538286694,-29.720646434411538
26.080000000001277,213.93383884059375,-29.871725322888977,1182.8443061823746,182.84430618237457,1940.7587754909575,1940.621393622192,216.6732382438592,-29.889025239460185,214.07932120566247,-30.023827920669994
26.09000000000128,213.63512263562063,-29.871515671737725,1182.837710850254,182.8377108502541,1941.006243069829,1940.6822447865568,216.3437316517029,-29.923242824627756,213.37817232229622,-30.231201091135887
26.10000000000128,213.33640852179244,-29.87130709389988,1182.8311159862894,182.83111598628943,1940.8684648025865,1940.7271481600608,216.13223809067114,-29.91764574061639,214.22879604138498,-29.86727198451409
26.110000000001282,213.03769649511713,-29.871098241165612,1182.8245210486095,182.82452104860954,1940.8901591730498,1940.6340366000745,215.811541278326,-29.940854753114888,212.92526996721972,-30.14973586560135
26.120000000001284,212.7389865544544,-29.870889891381562,1182.8179263498414,182.8179263498414,1940.8198474515518,1940.6925695003022,215.6510687010552,-29.96605810790824,214.2068155056183,-30.19288830104843
26.130000000001285,212.44027870445387,-29.87068010872476,1182.8113311119569,182.81133111195686,1940.9785093973267,1940.698476450284,215.30854730511476,-29.94404520290131,212.22585474165083,-29.74592905783894
26.140000000001287,212.14157294596117,-29.8704715898202,1182.804736418757,182.8047364187571,1940.818208707774,1940.582353192807,215.02186051748663,-29.90794987993673,212.4416794288333,-29.583091973255492
26.150000000001288,211.84286926766092,-29.870264070229425,1182.7981421639543,182.79814216395425,1940.68918848506,1940.5254572924257,214.79434181789253,-29.88899656930218,212.74667352154555,-29.718416773591212
26.16000000000129,211.5441676695278,-29.870055556393535,1182.7915475463258,182.79154754632577,1940.7959680761671,1940.539581968988,214.4165228630577,-29.894810821764967,211.01615226954448,-29.94713909393007
26.17000000000129,211.24546815825545,-29.869846698078934,1182.7849528270192,182.7849528270192,1940.8258919396144,1940.5813409408559,214.1148090112032,-29.83026762815119,211.39938434451238,-29.249378885627188
26.180000000001293,210.94677073520594,-29.869637911821926,1182.7783581734416,182.77835817344157,1940.8065478944673,1940.3976710066192,213.72811490968226,-29.79812736136151,210.2478679959938,-29.508864960254357
26.190000000001294,210.64807539981646,-29.869429166073964,1182.771763572913,182.77176357291296,1940.7909355460974,1940.435723388077,213.42910667717302,-29.78012262577587,210.73803258458966,-29.61808000550512
26.200000000001296,210.34938214793212,-29.869221210793857,1182.7651693268365,182.76516932683649,1940.6866203277953,1940.4443088298358,213.11603448841714,-29.814305463181462,210.29838478961415,-30.121950999831753
26.210000000001298,210.05069097979825,-29.869012415981825,1182.7585747801243,182.75857478012426,1940.7750974302649,1940.5550927158772,212.8470437765253,-29.80014322764833,210.42612736949891,-29.672683107850137
26.2200000000013,209.75200189568747,-29.86880440617801,1182.751980585666,182.75198058566593,1940.6714290536333,1940.4406382865593,212.58614243672852,-29.807408484562657,210.23803037855734,-29.872795796791603
26.2300000000013,209.45331489121216,-29.868596488882222,1182.7453864651497,182.74538646514975,1940.6496678879669,1940.476443304889,212.2428685810109,-29.86029089484533,209.15340387955223,-30.336232587389375
26.240000000001302,209.154629969864,-29.868387780751494,1182.7387920635733,182.73879206357333,1940.732383947127,1940.5834363415306,211.97501338330318,-29.84838389896263,209.56431660393372,-29.741220936018298
26.250000000001304,208.85594713397256,-29.868179397533737,1182.7321978293407,182.73219782934075,1940.6831346684696,1940.4372211007048,211.61481762672693,-29.866520659018644,208.37305581754057,-30.029751499522725
26.260000000001305,208.55726638550996,-29.86797029498536,1182.725603342789,182.7256033427891,1940.7573921452563,1940.4956943331533,211.2857245620077,-29.91115515557479,208.32388697953425,-30.312865624580084
26.270000000001307,208.25858772373059,-29.867762060890403,1182.7190092420178,182.71900924201782,1940.6438569748148,1940.560323986218,210.94212675834973,-29.94083075681054,207.84974652542803,-30.20791116793231
26.28000000000131,207.9599111437999,-29.867553925243154,1182.7124152175747,182.71241521757474,1940.621393622192,1940.534561552946,210.62328124630037,-29.95566399860369,207.75367163785594,-30.089163174742023
26.29000000000131,207.66123664825562,-29.8673451836098,1182.7058209863658,182.70582098636578,1940.6822447865568,1940.5016111353593,210.24572654045255,-29.886154410187217,206.84773418782225,-29.260568114438954
26.30000000000131,207.36256424248347,-29.867135970822282,1182.69922660258,182.69922660257998,1940.7271481600608,1940.2874880261734,210.0200373472071,-29.907623148896327,207.9888346079981,-30.100841797278278
26.310000000001313,207.06389392536028,-29.86692745382194,1182.6926325351774,182.69263253517738,1940.6340366000745,1940.4694961480461,209.7380440748551,-29.891029626694248,207.20010462368708,-29.741687926875553
26.320000000001315,206.76522569633906,-29.86671835042421,1182.6860382688863,182.68603826888625,1940.6925695003022,1940.3743924759306,209.50031652974218,-29.913156649867048,207.3607686237258,-30.112299858422233
26.330000000001316,206.466559559059,-29.86650910558954,1182.679443982524,182.67944398252394,1940.698476450284,1940.4522143668748,209.25154617187297,-29.924929054565506,207.01261295105022,-30.03088069685162
26.340000000001318,206.1678955097754,-29.86630075112742,1182.672850090736,182.6728500907359,1940.582353192807,1940.4267085883687,208.87638798545478,-29.89734212744226,205.4999643076911,-29.64905978333307
26.35000000000132,205.86923354208847,-29.866092786260857,1182.6662563922741,182.66625639227414,1940.5254572924257,1940.3235143564668,208.64021046232426,-29.8165799241182,206.51461275414968,-29.089720094201653
26.36000000000132,205.57057365510474,-29.865884610484468,1182.6596626458183,182.65966264581834,1940.539581968988,1940.1661009108952,208.27326051834783,-29.800542802202408,204.97071102255964,-29.656208704960232
26.370000000001323,205.27191585210164,-29.86567599013295,1182.65306875747,182.65306875747,1940.5813409408559,1940.2768506434954,207.95263598953355,-29.78355535967974,205.06701523020487,-29.63066837697574
26.380000000001324,204.97326012799434,-29.86546883132817,1182.6464754932124,182.6464754932124,1940.3976710066192,1940.255774181896,207.58117392581806,-29.82962980011554,204.2380153523787,-30.244299764037738
26.390000000001326,204.6746064775412,-29.865261259297153,1182.639882099657,182.63988209965692,1940.435723388077,1940.3942540799335,207.25172343983206,-29.83082402466366,204.28666906595797,-29.841572045596727
26.400000000001327,204.37595490362872,-29.865053523195908,1182.633288676929,182.63328867692894,1940.4443088298358,1940.2944094628724,206.93209252288483,-29.814475344199483,204.05541427035953,-29.66733722002188
26.41000000000133,204.07730541221844,-29.864844758862148,1182.6266948777693,182.6266948777693,1940.5550927158772,1940.2404679677963,206.6979585427311,-29.801524959428388,204.5907527213474,-29.68497149648854
26.42000000000133,203.77865800406994,-29.864636870838893,1182.6201014675135,182.62010146751345,1940.4406382865593,1940.2301074121583,206.48696787084805,-29.795361351685777,204.58805182390037,-29.73988888200229
26.430000000001332,203.48001267677287,-29.864428588577354,1182.613507935596,182.6135079355961,1940.476443304889,1940.2299178377295,206.12542751592355,-29.761366779968785,202.8715643216028,-29.45541563451585
26.440000000001334,203.1813694372794,-29.864219310116386,1182.6069140401278,182.60691404012778,1940.5834363415306,1940.146577102216,205.80076389627885,-29.74433947799298,202.8787913194764,-29.591093760210715
26.450000000001335,202.8827282848461,-29.86401117654247,1182.6003206414832,182.60032064148322,1940.4372211007048,1940.1613158800521,205.58764704596334,-29.742606007526017,203.66959539312367,-29.72700477332335
26.460000000001337,202.5840892166782,-29.863802457041356,1182.5937270441527,182.59372704415273,1940.4956943331533,1940.1803555020322,205.21248332237658,-29.782272017472845,201.83600981009587,-30.13926610699429
26.47000000000134,202.28545223889526,-29.863593099545128,1182.5871332272177,182.5871332272177,1940.560323986218,1940.2723058401575,204.9859174373727,-29.79547780624936,202.94682447233782,-29.914329905237974
26.48000000000134,201.98681735405552,-29.86338386840241,1182.5805394978206,182.5805394978206,1940.534561552946,1940.2153063087706,204.68998610578808,-29.779503679979758,202.0266041215266,-29.635736543553325
26.49000000000134,201.6881845605915,-29.86317482439802,1182.5739458803855,182.5739458803855,1940.5016111353593,1940.1382775739203,204.42462209437244,-29.77950680005002,202.03634599163166,-29.77953488068238
26.500000000001343,201.38955384897173,-29.862967499555584,1182.567352990518,182.56735299051797,1940.2874880261734,1940.1595519663902,204.11068185127135,-29.797232923372547,201.2852196633615,-29.956768033275292
26.510000000001344,201.0909252187532,-29.862758544148175,1182.5607594822063,182.56075948220632,1940.4694961480461,1940.1931805529705,203.85160112928412,-29.787178399518076,201.51987463139886,-29.696687684827836
26.520000000001346,200.7922986745251,-29.86255030146874,1182.5541662970468,182.55416629704678,1940.3743924759306,1940.1219105132245,203.5328058837773,-29.76225222032335,200.6636486742162,-29.537916607570796
26.530000000001348,200.49367421647167,-29.86234130922407,1182.5475728474566,182.54757284745665,1940.4522143668748,1940.0690231529882,203.22244101129027,-29.797810994443456,200.42915715890678,-30.11783996152439
26.54000000000135,200.1950518477197,-29.862132441173916,1182.5409794845325,182.5409794845325,1940.4267085883687,1940.1970910583418,202.88175355998806,-29.833605364205795,199.81556649826803,-30.155754692066846
26.55000000000135,199.89643156374242,-29.861924354282905,1182.5343864722513,182.5343864722513,1940.3235143564668,1940.2047781865704,202.56960085953332,-29.79942553486342,199.76022655544057,-29.49180707078205
26.560000000001352,199.5978133544357,-29.861717507064714,1182.5277939948442,182.52779399484416,1940.1661009108952,1940.0370591937942,202.23216734997203,-29.800000459253006,199.19526576392045,-29.805174778759284
26.570000000001354,199.2991972187412,-29.861509631829165,1182.5212011411213,182.5212011411213,1940.2768506434954,1940.0961763500534,201.90603586956757,-29.813960647748765,198.9708525459275,-29.939602344210595
26.580000000001355,199.0005831613653,-29.861301843348844,1182.514608359014,182.5146083590139,1940.255774181896,1940.1192465494826,201.5399885381481,-29.82531091418347,198.2455625553727,-29.927463312095806
26.590000000001357,198.70197118818692,-29.861092792328556,1182.5080151063667,182.50801510636666,1940.3942540799335,1940.1090215315637,201.24650153416172,-29.81268046367691,198.60511849828444,-29.699006409117846
26.60000000000136,198.40336130175447,-29.860884494163336,1182.5014221929807,182.50142219298073,1940.2944094628724,1940.0440638031394,200.9733515565838,-29.853452630474113,198.51500175838217,-30.22040213164895
26.61000000000136,198.10475349648024,-29.860676560679675,1182.4948294628823,182.4948294628823,1940.2404679677963,1940.1605746014604,200.74070166277562,-29.84786593228801,198.646852618502,-29.797585648613076
26.62000000000136,197.8061477705602,-29.8604686233334,1182.488236767988,182.48823676798793,1940.2301074121583,1940.0543832996414,200.45716594941297,-29.8494016719941,197.90534452914892,-29.86322332934894
26.630000000001363,197.50754412446295,-29.860260596111576,1182.4816440737377,182.4816440737377,1940.2299178377295,1940.0587158795497,200.13631589455684,-29.843953494213388,197.24866540085185,-29.794919894186958
26.640000000001365,197.20894255557135,-29.86005318220519,1182.4750516626705,182.47505166267047,1940.146577102216,1940.0313437910004,199.86735798245473,-29.897970333752937,197.44673677353563,-30.384121889608856
26.650000000001366,196.91034306189943,-29.85984555218245,1182.4684592015224,182.46845920152236,1940.1613158800521,1940.1666025394818,199.5447184485319,-29.901806264707997,196.64096264322637,-29.936329643303527
26.660000000001368,196.6117456457902,-29.85963766966851,1182.4618666756796,182.46186667567963,1940.1803555020322,1940.0574789007305,199.26422969854247,-29.861790075026235,196.73983094863732,-29.50164436789037
26.67000000000137,196.31315031285158,-29.859428918058658,1182.4552738373995,182.45527383739955,1940.2723058401575,1939.9390866727508,198.93053471924355,-29.87649281473401,195.92727990555318,-30.00881747210401
26.68000000000137,196.01455706547625,-29.859220557004864,1182.4486811927977,182.44868119279772,1940.2153063087706,1940.04519550337,198.6133102483345,-29.89881141666423,195.758290010153,-30.099678834036226
26.690000000001373,195.71596589891172,-29.859012755901677,1182.4420888099314,182.44208880993142,1940.1382775739203,1940.060906444525,198.3062164886366,-29.871707483988338,195.54237265135558,-29.627772089905285
26.700000000001374,195.4173768117152,-29.85880468340217,1182.435496354777,182.4354963547769,1940.1595519663902,1939.9378297487312,197.96464074617626,-29.857582772075137,194.89045906403302,-29.7304603648563
26.710000000001376,195.11878980712308,-29.8585962350214,1182.428903785356,182.42890378535594,1940.1931805529705,1939.9460460569499,197.59496054077002,-29.87452425826303,194.2678386921139,-30.02699763395406
26.720000000001377,194.82020488445846,-29.8583882978989,1182.4223114581032,182.4223114581032,1940.1219105132245,1940.005969233784,197.30101051012795,-29.822664872039198,194.65546023434948,-29.355930396024682
26.73000000000138,194.52162203938607,-29.858180716577465,1182.415719310556,182.41571931055591,1940.0690231529882,1939.831758225699,197.00933154781615,-29.892253760696555,194.38422088700972,-30.51855375861274
26.74000000000138,194.22304127599978,-29.857971960677386,1182.4091267278477,182.4091267278477,1940.1970910583418,1940.0987699407638,196.63075807529145,-29.887804693104236,193.22359682256916,-29.84776308477338
26.750000000001382,193.924462600955,-29.857763048277025,1182.4025341190193,182.40253411901926,1940.2047781865704,1939.9377895104808,196.3908170706473,-29.8735368528927,194.23134802884994,-29.74512629098885
26.760000000001384,193.62588600839936,-29.857555462846406,1182.3959420800822,182.39594208008225,1940.0370591937942,1939.9003380188346,196.12270246971258,-29.8370709259629,193.70967106129984,-29.508877583594707
26.770000000001385,193.32731149465533,-29.857347285963314,1182.3893498402713,182.38934984027128,1940.0961763500534,1939.8270297788551,195.81618381117,-29.812251245282138,193.05751588428677,-29.588874119155268
26.780000000001387,193.0287390641131,-29.857138822483737,1182.3827575220703,182.38275752207028,1940.1192465494826,1939.827233002519,195.455838592213,-29.84388843799044,192.2127316215999,-30.128623172365156
26.79000000000139,192.7301687182307,-29.85693035399763,1182.3761652386129,182.37616523861288,1940.1090215315637,1939.9452857901658,195.0929195350682,-29.853437988611255,191.82664802076476,-29.939383944198568
26.80000000000139,192.43160045474366,-29.8567223434098,1182.3695731758748,182.36957317587485,1940.0440638031394,1939.8952057821004,194.82447456617243,-29.850343379324315,192.40846984611048,-29.822491895741845
26.81000000000139,192.13303427674688,-29.85651325594157,1182.3629807172456,182.3629807172456,1940.1605746014604,1939.8576910160057,194.55842470487423,-29.878786966910393,192.16397595319046,-30.13477925518509
26.820000000001393,191.8344701855916,-29.85630497510955,1182.3563886194431,182.35638861944312,1940.0543832996414,1939.9243094205654,194.2765172107253,-29.921462167788484,191.739349763385,-30.305538975691274
26.830000000001395,191.53590817788532,-29.856096566151358,1182.349796506919,182.3497965069189,1940.0587158795497,1939.9634310491483,194.07061775619792,-29.92403438981171,192.21752266545144,-29.94718438802076
26.840000000001396,191.23734825356848,-29.85588829721502,1182.343204487402,182.3432044874021,1940.0313437910004,1939.8738319801612,193.7628464999828,-29.869551570698718,190.99290519404664,-29.379206198681796
26.850000000001398,190.93879041811837,-29.855678792807367,1182.3366120082906,182.33661200829056,1940.1666025394818,1939.721801416715,193.4183285651189,-29.901931906330542,190.31766715134376,-30.19335492701696
26.8600000000014,190.64023467355506,-29.8554701198525,1182.3300198999696,182.33001989996956,1940.0574789007305,1939.9010380778598,193.0857081597191,-29.899321869133722,190.09212451112077,-29.875831534362348
26.8700000000014,190.341681011172,-29.855262356757414,1182.3234281939326,182.3234281939326,1939.9390866727508,1939.8190730981241,192.83288702634627,-29.872725653852555,190.5574968259908,-29.633359716322065
26.880000000001402,190.04312943136458,-29.855053604725267,1182.3168361273492,182.31683612734923,1940.04519550337,1939.747124070535,192.68251103272286,-29.93844142256585,191.32912709011205,-30.529883340985496
26.890000000001404,189.74457994019934,-29.85484462832264,1182.3102440073817,182.3102440073817,1940.060906444525,1939.9539267750156,192.41915470292673,-29.9467956603187,190.04894773476155,-30.021983800094308
26.900000000001405,189.44603253405066,-29.85463660141446,1182.3036523056157,182.30365230561574,1939.9378297487312,1939.8327015976236,192.0925217285947,-29.95617291827589,189.15282495960628,-30.04056823989062
26.910000000001407,189.14748720897595,-29.85442841353249,1182.2970605759315,182.29706057593148,1939.9460460569499,1939.8287577101498,191.75257979309242,-29.895462722763448,188.69310237357195,-29.349070963151455
26.92000000000141,188.84894396877164,-29.8542196273321,1182.2904686426348,182.29046864263478,1940.005969233784,1939.647549103366,191.50433107701105,-29.890642533863595,189.2700926322786,-29.84726083376489
26.93000000000141,188.55040280951923,-29.854012223147805,1182.2838773012884,182.28387730128838,1939.831758225699,1939.7462400902004,191.27648903788622,-29.932355371750983,189.22591068576273,-30.307770912737467
26.94000000000141,188.25186373605823,-29.853802469050766,1182.2772850526646,182.27728505266464,1940.0987699407638,1939.8494845897376,190.9074912511369,-29.989839113446802,187.58651117039275,-30.507192788709173
26.950000000001413,187.95332675378762,-29.85359398506789,1182.2706933510353,182.27069335103533,1939.9377895104808,1939.899088825432,190.5771040743958,-29.971363644807766,187.60361948372596,-29.805084427056464
26.960000000001415,187.65479185523043,-29.853385726376132,1182.264101776662,182.26410177666207,1939.9003380188346,1939.7272541138032,190.2900157813759,-29.955085595632806,187.7062211441966,-29.80858315305817
26.970000000001416,187.35625903661722,-29.853177996268588,1182.2575104513826,182.2575104513826,1939.8270297788551,1939.712831577659,189.92608726534672,-29.920800193417964,186.65073062108416,-29.612231573484383
26.980000000001418,187.05772829577106,-29.852970172965676,1182.2509191254126,182.25091912541257,1939.827233002519,1939.6489962235191,189.65123274430113,-29.892025562928758,187.17754205489055,-29.633053888525875
26.99000000000142,186.759199638608,-29.85276125964273,1182.2443273983117,182.24432739831173,1939.9452857901658,1939.6349525036544,189.26739132485233,-29.878754406836222,185.812818549813,-29.759314002003393
27.00000000000142,186.46067306891766,-29.85255267843134,1182.2377358413773,182.23773584137734,1939.8952057821004,1939.648645276498,188.927331237263,-29.888053931572276,185.86679044895888,-29.97174965419675
27.010000000001423,186.16214858391024,-29.852344323054023,1182.231144411914,182.2311444119141,1939.8576910160057,1939.6877580782896,188.67753121685953,-29.88175016253277,186.42933103322844,-29.82501624117725
27.020000000001424,185.86362618573148,-29.852135312696024,1182.2245527560888,182.22455275608877,1939.9243094205654,1939.6427214904884,188.35356371475777,-29.878600482863565,185.43785619584182,-29.8502533658407
27.030000000001426,185.5651058797683,-29.851925879931947,1182.2179609673321,182.21796096733215,1939.9634310491483,1939.6367763469573,187.99814116549666,-29.841425000693455,184.7993382221465,-29.50684566116246
27.040000000001427,185.26658766480082,-29.851717113562056,1182.2113694830236,182.21136948302365,1939.8738319801612,1939.5394583030848,187.71472161445226,-29.808897713652655,185.1639456550527,-29.51615213028546
27.05000000000143,184.96807153152457,-29.851509541688806,1182.2047785152988,182.2047785152988,1939.721801416715,1939.5218128452432,187.4137300218047,-29.828866176108466,184.70480568797655,-30.00858233821078
27.06000000000143,184.66955748200505,-29.85130036221895,1182.198186938547,182.198186938547,1939.9010380778598,1939.62611120775,187.10110342849285,-29.804824376768725,184.28746408868614,-29.588448182711026
27.070000000001432,184.37104552127104,-29.851091784583407,1182.1915956403034,182.19159564030338,1939.8190730981241,1939.515391430151,186.79262607990427,-29.790113254577737,184.0163299426068,-29.657713154858854
27.080000000001434,184.07253564372778,-29.850883724069156,1182.185004586535,182.1850045865349,1939.747124070535,1939.5160193201984,186.50149441640318,-29.85546920052363,183.88130944489313,-30.44367271403664
27.090000000001435,183.7740278559937,-29.850673822748732,1182.1784128300728,182.17841283007283,1939.9539267750156,1939.6981539223402,186.2002320569729,-29.89036290917703,183.48887082210047,-30.204406287057587
27.100000000001437,183.47552216260314,-29.85046485536661,1182.171821485521,182.17182148552092,1939.8327015976236,1939.6439976566132,185.92945620372004,-29.92208533586622,183.4924735244443,-30.20758717606896
27.11000000000144,183.17701855917704,-29.850255829855644,1182.16523015437,182.16523015436997,1939.8287577101498,1939.6428383278555,185.70051119430147,-29.917634661075756,183.64000610953434,-29.87757858796155
27.12000000000144,182.87851703879923,-29.850048245707274,1182.1586394389465,182.15863943894647,1939.647549103366,1939.5575888310366,185.40943197901333,-29.891199255405283,182.78971904141986,-29.653280604370998
27.13000000000144,182.58001759889444,-29.84983973524703,1182.1520483881816,182.15204838818158,1939.7462400902004,1939.4897247074553,185.17468588770524,-29.88766626594255,183.06197106593237,-29.855869360777927
27.140000000001443,182.28152024891853,-29.849630259941087,1182.145456986603,182.145456986603,1939.8494845897376,1939.5230855429002,184.8468093088491,-29.937081753825765,181.8959200991439,-30.381821144774726
27.150000000001445,181.9830249962512,-29.849420273527315,1182.1388654164746,182.13886541647457,1939.899088825432,1939.6430121709764,184.52612838973755,-29.94683197319536,181.64000011773362,-30.034583947521703
27.160000000001446,181.68453183663755,-29.849211649203554,1182.132274430222,182.13227443022197,1939.7272541138032,1939.5578784000259,184.24732160707717,-29.94742434723032,181.7380605631337,-29.952755713544963
27.170000000001448,181.38604076311452,-29.849003055397816,1182.1256834929757,182.12568349297567,1939.712831577659,1939.5291814986447,183.99559017128348,-29.95597171618519,181.73000724914024,-30.032898036779024
27.18000000000145,181.08755177328698,-29.848794910110826,1182.1190927726352,182.1190927726352,1939.6489962235191,1939.538687854623,183.70193427314118,-29.90973441228185,181.0590311898605,-29.49359867715176
27.19000000000145,180.7890648647757,-29.848586792144012,1182.1125021000137,182.11250210001367,1939.6349525036544,1939.3953228900034,183.42773859300237,-29.905420776518724,180.95997747175318,-29.86659805465058
27.200000000001452,180.49058003848066,-29.848378466863373,1182.1059113808656,182.10591138086556,1939.648645276498,1939.4663365187553,183.10392551545345,-29.91871348745464,180.18960781751306,-30.038347885877865
27.210000000001454,180.19209729755022,-29.84816971922576,1182.0993205288164,182.0993205288164,1939.6877580782896,1939.4975186026015,182.77021203101555,-29.92788931660524,179.76679067107423,-30.01047177896063
27.220000000001455,179.89361664264865,-29.847961261088564,1182.0927298297968,182.09272982979678,1939.6427214904884,1939.4831955732866,182.52033578411607,-29.926553159192338,180.27144956202082,-29.914527742476245
27.230000000001457,179.5951380725344,-29.847752761760205,1182.0861391509782,182.08613915097817,1939.6367763469573,1939.4508265890413,182.16032735948883,-29.86562804065733,178.9202515378438,-29.31730197384227
27.24000000000146,179.2966615837545,-29.847544994220556,1182.0795488028357,182.0795488028357,1939.5394583030848,1939.2905092078433,181.88995904147265,-29.90602803802905,179.4566441793271,-30.269628014374508
27.25000000000146,178.998187172361,-29.847337284478776,1182.0729585146507,182.07295851465074,1939.5218128452432,1939.502683074352,181.57868940819947,-29.89683237118917,178.7772627087406,-29.814071369630252
27.26000000000146,178.699714842934,-29.84712860092641,1182.066367872071,182.06636787207094,1939.62611120775,1939.388217645649,181.37602155633778,-29.92510536791066,179.55201088958268,-30.17956233840407
27.270000000001463,178.4012445961166,-29.846920762549946,1182.0597776057052,182.05977760570522,1939.515391430151,1939.4666146301533,181.12734589628346,-29.875302314565417,178.88926495579457,-29.427074834458242
27.280000000001465,178.10277642816695,-29.84671282738402,1182.053187337206,182.05318733720605,1939.5160193201984,1939.2748847718349,180.7934562342181,-29.880768774413085,177.78844927562966,-29.92996691304209
27.290000000001466,177.80431034773048,-29.846503259906843,1182.0465964498328,182.0465964498328,1939.6981539223402,1939.377480793176,180.44272618320065,-29.88344605719487,177.2861557240436,-29.907541602230935
27.300000000001468,177.5058463611355,-29.84629405908953,1182.040005746477,182.04000574647694,1939.6439976566132,1939.3625638428903,180.147208702277,-29.859941357441866,177.48755137396404,-29.64839905966482
27.31000000000147,177.2073844669571,-29.84608477658726,1182.0334150470603,182.03341504706032,1939.6428383278555,1939.2877705885076,179.90773545229604,-29.880998581295056,177.75247620246734,-30.070513595973754
27.32000000000147,176.90892466245515,-29.84587612380181,1182.0268246373123,182.0268246373123,1939.5575888310366,1939.3767461145917,179.50948812010066,-29.87812367892402,175.92526213034216,-29.85224955758468
27.330000000001473,176.61046694206783,-29.845667953663177,1182.0202344581594,182.0202344581594,1939.4897247074553,1939.316767947166,179.2342628787958,-29.867395575767382,176.75723570705216,-29.770842647357664
27.340000000001474,176.31201130525048,-29.84545940980748,1182.0136441656498,182.0136441656498,1939.5230855429002,1939.2850214037887,178.9257040590658,-29.861459396181477,176.14867468149595,-29.8080337799083
27.350000000001476,176.0135577594021,-29.845249759870313,1182.0070534656425,182.00705346564246,1939.6430121709764,1939.2809608872717,178.71026166951702,-29.848386407481485,176.7712801635782,-29.73072950918156
27.360000000001477,175.71510630690932,-29.84504073868289,1182.0004630549106,182.0004630549106,1939.5578784000259,1939.2494738406817,178.39207771200608,-29.863057775114505,175.52842209440777,-29.99510008381169
27.37000000000148,175.41665694387197,-29.84483186878714,1181.9938727416877,181.9938727416877,1939.5291814986447,1939.3016217717786,178.0860430173088,-29.81213298562685,175.33173076503311,-29.353809880237947
27.38000000000148,175.11820967039316,-29.844622826975815,1181.9872823961632,181.9872823961632,1939.538687854623,1939.1342907553724,177.78009464714094,-29.815975800097366,175.02655931563007,-29.85056113033203
27.390000000001482,174.81976448172531,-29.844414906588057,1181.9806925377775,181.9806925377775,1939.3953228900034,1939.2350710107744,177.45994595205255,-29.785850210023177,174.57860769625717,-29.514719899355466
27.400000000001484,174.52132137572278,-29.844206293919818,1181.974102438095,181.9741024380951,1939.4663365187553,1939.1413958360629,177.26407535715683,-29.7781674269299,175.50124000309512,-29.709022379090403
27.410000000001485,174.22288035762344,-29.843997325951722,1181.9675122324593,181.96751223245928,1939.4975186026015,1939.1717640969925,176.96409450239275,-29.783646931836856,174.26426680951616,-29.83296247599945
27.420000000001487,173.92444142905532,-29.84378838767295,1181.9609220754917,181.96092207549168,1939.4831955732866,1939.1901522923165,176.54091385561975,-29.76730655149192,172.73228803466245,-29.620243128387507
27.43000000000149,173.62600458895815,-29.843579631762616,1181.9543320285104,181.9543320285104,1939.4508265890413,1939.1276662773528,176.2561312497534,-29.76208359799917,173.69308779695606,-29.715077016564397
27.44000000000149,173.32756983009565,-29.84337214073985,1181.9477425262705,181.94774252627053,1939.2905092078433,1939.136613778201,175.92770199808345,-29.78174615864255,172.9718387330538,-29.958709204432978
27.45000000000149,173.02913715557634,-29.84316276312279,1181.9411523030865,181.94115230308648,1939.502683074352,1939.1855410931664,175.6172942670076,-29.757239129568383,172.82362468732475,-29.53667586790088
27.460000000001493,172.7307065704484,-29.8429542624638,1181.9345624688438,181.93456246884375,1939.388217645649,1939.074272237636,175.3096975055215,-29.70333083319463,172.54132665214686,-29.21815616583086
27.470000000001495,172.43227807410096,-29.84274500702601,1181.9279723682164,181.9279723682164,1939.4666146301533,1938.9778400233768,175.04349868333023,-29.75554273037764,172.6477092836085,-30.22544980502473
27.480000000001496,172.13385166265448,-29.842537282273664,1181.9213829190667,181.92138291906667,1939.2748847718349,1939.2055103960654,174.74610666660007,-29.783792439231938,172.0695785160285,-30.038039818920588
27.490000000001498,171.8354273332531,-29.842328598000574,1181.9147931213065,181.9147931213065,1939.377480793176,1939.1610359662127,174.34531960977438,-29.741661926905387,170.7382360983431,-29.362487315966437
27.5000000000015,171.53700509052086,-29.842119948450456,1181.9082033742327,181.9082033742327,1939.3625638428903,1938.9885347953164,174.09964528496002,-29.735711509522915,171.88857636163087,-29.682157753080663
27.5100000000015,171.23858493157746,-29.841911840231457,1181.9016138812983,181.90161388129832,1939.2877705885076,1939.0472443862536,173.82180943263674,-29.787792069654543,171.32128676172732,-30.256517110839187
27.520000000001502,170.94016685793773,-29.841702887715133,1181.8950240860345,181.89502408603448,1939.3767461145917,1939.178671642794,173.50946431818906,-29.767929728217084,170.69835828816,-29.58916865527993
27.530000000001504,170.64175087174326,-29.84149435118333,1181.8884344945702,181.88843449457022,1939.316767947166,1939.0141792006095,173.17013197205537,-29.85123927000123,170.116140856852,-30.60102514605857
27.540000000001505,170.34333697002847,-29.841285991774743,1181.8818450109773,181.88184501097726,1939.2850214037887,1939.251502599773,172.87609717146364,-29.85449666879941,170.229783966138,-29.883813257983004
27.550000000001507,170.0449251521934,-29.841077575239083,1181.8752555411816,181.87525554118156,1939.2809608872717,1939.0823520497793,172.59975814035735,-29.83129920013794,170.11270686040075,-29.622521982184722
27.56000000000151,169.74651541764902,-29.84086933363534,1181.8686661783754,181.8686661783754,1939.2494738406817,1939.0071686394604,172.34631415869808,-29.824493119330363,170.06531832376461,-29.763238392062163
27.57000000000151,169.4481077681843,-29.840660559316593,1181.8620766383763,181.86207663837627,1939.3016217717786,1939.0258736070184,172.11627008905103,-29.871678956753385,170.04587346222763,-30.296351493560586
27.58000000000151,169.14970219984104,-29.840453109335026,1181.85548766695,181.85548766695,1939.1342907553724,1939.1467753073925,171.8448423908539,-29.849760221111442,169.40199310707973,-29.652491600333942
27.590000000001513,168.85129871071862,-29.840244715151073,1181.848898353083,181.8488983530831,1939.2350710107744,1938.9869326597309,171.48350990853638,-29.893894788775874,168.2315175676785,-30.291105897755788
27.600000000001515,168.55289730203236,-29.840037022098787,1181.8423093575145,181.84230935751452,1939.1413958360629,1939.1304318617115,171.1531515415622,-29.908355255383626,168.17992623879456,-30.038499454853376
27.610000000001516,168.2544979720188,-29.83982898061353,1181.8357202587579,181.83572025875787,1939.1717640969925,1939.067639720081,170.900957157783,-29.91993879141735,168.63120770377003,-30.02419061572086
27.620000000001518,167.95610072365545,-29.839620692058265,1181.82913109752,181.82913109752008,1939.1901522923165,1939.0570032869641,170.56365408845622,-29.93025599358228,167.52792646451485,-30.023110813066634
27.63000000000152,167.65770555599144,-29.839412840743275,1181.8225421486031,181.82254214860313,1939.1276662773528,1939.0489547791037,170.32899085191747,-29.92078037706707,168.21702172306854,-29.83549982843019
27.64000000000152,167.35931246767652,-29.839204822241168,1181.8159531692834,181.81595316928338,1939.136613778201,1938.9939572362402,170.02306046222554,-29.91592298654551,167.26968695499806,-29.872206471851484
27.650000000001523,167.06092146207402,-29.838996298258284,1181.809364023714,181.8093640237139,1939.1855410931664,1938.9900908464688,169.79144957892674,-29.930705469514887,167.7069516292373,-30.063747816239257
27.660000000001524,166.76253253746123,-29.838788624302854,1181.802775256224,181.8027752562241,1939.074272237636,1939.0260874191129,169.55433328932722,-29.915198896026038,167.42028668293128,-29.775639734626402
27.670000000001526,166.46414568596546,-29.838581674847156,1181.7961868164007,181.79618681640068,1938.9778400233768,1938.9470822161184,169.2372935598923,-29.832510158970123,166.38393599497778,-29.08831152546687
27.680000000001527,166.165760914054,-29.838372707446272,1181.7895976029777,181.78959760297766,1939.2055103960654,1938.7607002479424,168.87735832081853,-29.84370698660475,165.63794116915471,-29.944478435316373
27.69000000000153,165.86737823039235,-29.83816402488637,1181.783008540674,181.78300854067402,1939.1610359662127,1938.9433952653956,168.5147387498177,-29.81457883131683,165.25116261081035,-29.55242543372552
27.70000000000153,165.56899762671537,-29.837956710508163,1181.7764200645108,181.77642006451083,1938.9885347953164,1938.8375069409747,168.30462408419004,-29.766818935793825,166.4135920935412,-29.336979876086772
27.710000000001532,165.27061909912348,-29.83774880786715,1181.7698313888588,181.76983138885885,1939.0472443862536,1938.7656901813587,168.06242102334068,-29.77984053703504,165.8825934756965,-29.897034948205942
27.720000000001534,164.97224265657601,-29.83753970162551,1181.763242266631,181.7632422666311,1939.178671642794,1938.8830903209514,167.73514113778973,-29.835745546668907,164.78962216783108,-30.33889063337373
27.730000000001535,164.67386829858881,-29.837331895815932,1181.756653703331,181.75665370333104,1939.0141792006095,1938.9861352645448,167.53080753062875,-29.821834839239155,165.6918050661797,-29.696638472371394
27.740000000001537,164.3754960291582,-29.83712199030347,1181.7500643336314,181.75006433363137,1939.251502599773,1938.8288750041565,167.19067853523822,-29.783521847675978,164.12951757672346,-29.43870492360738
27.75000000000154,164.07712585208344,-29.83691342464671,1181.7434755386873,181.74347553868733,1939.0823520497793,1938.7502391611947,166.83068504108473,-29.77666234434637,163.59074359370345,-29.714926814379908
27.76000000000154,163.77875775794166,-29.836705403711747,1181.7368869992085,181.73688699920854,1939.0071686394604,1938.7990425381877,166.5168608560559,-29.7635063360865,163.69244319079624,-29.645102261747656
27.77000000000154,163.48039174525803,-29.83649713301343,1181.7302983961722,181.7302983961722,1939.0258736070184,1938.7691980902416,166.2100352680168,-29.81433325251253,163.44860497566498,-30.2717755003468
27.780000000001543,163.18202782085424,-29.836287747742197,1181.7237093823248,181.72370938232484,1939.1467753073925,1938.9119038609074,165.91101334193405,-29.785062777779235,163.21981600718925,-29.52162850517959
27.790000000001545,162.88366598399753,-29.836079623598923,1181.7171209116057,181.71712091160566,1938.9869326597309,1938.7263996387894,165.60681778584768,-29.766911008713528,162.86905778107055,-29.603545087122196
27.800000000001546,162.58530623491131,-29.835870193646976,1181.7105319532916,181.7105319532916,1939.1304318617115,1938.7288878430265,165.25239015647037,-29.77459475100497,162.06254149207427,-29.84374843162793
27.810000000001548,162.28694857792524,-29.835661203566175,1181.7039432083384,181.7039432083384,1939.067639720081,1938.773726624418,164.92462047586145,-29.75829197105795,161.97469335038096,-29.611566951534762
27.82000000000155,161.98859301084738,-29.835452212004192,1181.6973544995267,181.69735449952668,1939.0570032869641,1938.7069284231432,164.63259230747315,-29.745305784862474,162.00433879197837,-29.62843010910321
27.83000000000155,161.69023953380207,-29.83524319706144,1181.690765818063,181.69076581806303,1939.0489547791037,1938.6963948092737,164.39274255141396,-29.73355096882873,162.234094746881,-29.627757624525024
27.840000000001552,161.39188814503655,-29.835034556041943,1181.684177323475,181.68417732347507,1938.9939572362402,1938.682306477609,164.1063130324909,-29.773645695305394,161.52844736218336,-30.134498233595366
27.850000000001554,161.09353884297508,-29.834825856255183,1181.6775888420248,181.67758884202476,1938.9900908464688,1938.7953795646358,163.80489630800597,-29.795756423460848,161.09214578764164,-29.99475297685993
27.860000000001556,160.795191629892,-29.834616760358568,1181.671000238262,181.67100023826197,1939.0260874191129,1938.7597935921215,163.48672264235938,-29.81087848167313,160.62315965153988,-29.946977005583644
27.870000000001557,160.4968465048824,-29.834408241559128,1181.6644119029504,181.6644119029504,1938.9470822161184,1938.7427037432456,163.13873874987257,-29.87195161533575,160.00688371749126,-30.421609818299324
27.88000000000156,160.19850345763183,-29.83420120855789,1181.6578242009448,181.6578242009448,1938.7607002479424,1938.854469357773,162.8113080682321,-29.86237519110024,159.86443193346796,-29.77618737298064
27.89000000000156,159.90016248889904,-29.8339925379973,1181.651235878161,181.65123587816106,1938.9433952653956,1938.6977099526098,162.45278465802744,-29.8590664586958,159.2260739661853,-29.829287867055815
27.90000000000156,159.60182360284878,-29.83378467205452,1181.6446479151746,181.64464791517457,1938.8375069409747,1938.6979178871602,162.26270197372514,-29.825846583374105,160.55195781500427,-29.52686770547885
27.910000000001563,159.30348679287647,-29.83357732240332,1181.6380601962137,181.6380601962137,1938.7656901813587,1938.6108131636265,162.0489575310963,-29.814885820969046,160.12525754743675,-29.7162389593235
27.920000000001565,159.00515206182573,-29.833368887742715,1181.6314720783396,181.63147207833958,1938.8830903209514,1938.6391789035406,161.80295247531856,-29.838453069560448,159.58890697331896,-30.05055830688305
27.930000000001566,158.7068194199393,-29.83315948954131,1181.6248836103298,181.6248836103298,1938.9861352645448,1938.7093457988733,161.46112215642952,-29.92009791774266,158.38464928642833,-30.65490155138255
27.940000000001568,158.40848886583797,-29.832951330726303,1181.6182956766736,181.6182956766736,1938.8288750041565,1938.8556501039702,161.2151661010725,-29.865173539646428,159.0015616028591,-29.370854136780338
27.95000000000157,158.11016039045472,-29.832743745922862,1181.6117080102138,181.61170801021376,1938.7502391611947,1938.544377009842,160.87700666774336,-29.869549111465986,157.83357176778108,-29.908929257842033
27.96000000000157,157.811833993442,-29.83253565662081,1181.605120177925,181.60512017792507,1938.7990425381877,1938.6544926759184,160.53279629462867,-29.854368159437144,157.43490293659653,-29.717739591177562
27.970000000001573,157.51350967651683,-29.83232772841381,1181.5985324470448,181.59853244704482,1938.7691980902416,1938.5971168638996,160.28711426008266,-29.90444727555124,158.07597594916845,-30.35515932057812
27.980000000001574,157.2151874453698,-29.832118500993346,1181.5919442312654,181.59194423126542,1938.9119038609074,1938.7420044342164,160.00039350514348,-29.90551455124703,157.41990671069092,-29.91512003250909
27.990000000001576,156.91686729910467,-29.831910752031412,1181.5853566458097,181.58535664580972,1938.7263996387894,1938.633841481665,159.6977106041379,-29.88438435127524,156.973564495088,-29.694212551529123
28.000000000001577,156.61854923089183,-29.831702890534665,1181.5787690518994,181.57876905189937,1938.7288878430265,1938.568209541906,159.38038434487467,-29.882223810803357,156.52444801150543,-29.8627789465564
28.01000000000158,156.32023324364874,-29.83149455807808,1181.5721813056316,181.5721813056316,1938.773726624418,1938.594396688535,159.06367547637436,-29.848041399477182,156.21329565987142,-29.540399697541595
28.02000000000158,156.021919337361,-29.831286699471587,1181.5655937863369,181.56559378633688,1938.7069284231432,1938.5025895922097,158.7804378604794,-29.839748423344503,156.23129931742474,-29.76511163815038
28.030000000001582,155.72360750967096,-29.831078838536868,1181.5590063028344,181.5590063028344,1938.6963948092737,1938.5395501932728,158.41120723934395,-29.850238857160132,155.08813164912482,-29.944652761500816
28.040000000001584,155.42529776045146,-29.83087100535938,1181.5524188672025,181.5524188672025,1938.682306477609,1938.5716905068032,158.15754974947168,-29.84717117478634,155.87463234062105,-29.819562033422205
28.050000000001585,155.12699009480608,-29.83066212371684,1181.5458310473603,181.54583104736025,1938.7953795646358,1938.5323687875139,157.88747035748457,-29.79252491566956,155.45675582960064,-29.30070858361855
28.060000000001587,154.82868451692866,-29.830453451766523,1181.5392433484353,181.53924334843532,1938.7597935921215,1938.391216236325,157.63352207688942,-29.793523019148264,155.34798755153307,-29.8025059504566
28.07000000000159,154.530381025505,-29.830244832969836,1181.53265570758,181.53265570758003,1938.7427037432456,1938.4923319409968,157.2976585132412,-29.873801688412097,154.27488644040713,-30.596309711786606
28.08000000000159,154.23207962545638,-29.83003517674923,1181.526067686957,181.52606768695705,1938.854469357773,1938.6803604290135,156.98268137833907,-29.879205412120317,154.14788716421995,-29.927838925494285
28.09000000000159,153.9337803157937,-29.829826755784403,1181.5194801989858,181.51948019898578,1938.6977099526098,1938.5226398063473,156.6973095818043,-29.878884703295967,154.1289634129914,-29.87599832387681
28.100000000001593,153.63548309080693,-29.82961824157556,1181.512892710308,181.51289271030805,1938.6979178871602,1938.5003588563563,156.3751076797327,-29.927340025039143,153.47529056108854,-30.363437920727726
28.110000000001595,153.3371879477335,-29.829410373111962,1181.5063055176029,181.50630551760287,1938.6108131636265,1938.611466846705,156.0243173150753,-29.903247528622412,152.86720403315846,-29.686415060871795
28.120000000001596,153.0388948850025,-29.829202173089243,1181.4997182285138,181.49971822851376,1938.6391789035406,1938.4436537099946,155.81157045362468,-29.898768754581464,153.89684870056885,-29.85845978821293
28.130000000001598,152.7406039076985,-29.828993287704947,1181.4931307010052,181.49313070100516,1938.7093457988733,1938.4699703594013,155.5208643527108,-29.86321686318523,152.90450944448557,-29.543249840619104
28.1400000000016,152.4423150258973,-29.828783072531255,1181.4865426763702,181.48654267637016,1938.8556501039702,1938.3793763844285,155.17246472321943,-29.84876906282127,152.03686805779716,-29.718738859545624
28.1500000000016,152.14402823353242,-29.828575400442002,1181.479955709408,181.47995570940793,1938.544377009842,1938.4036880664023,154.83259656893412,-29.820804963428614,151.77378318036634,-29.5691280688947
28.160000000001602,151.84574352300592,-29.828366704862297,1181.4733683682844,181.47336836828435,1938.6544926759184,1938.35200253217,154.5414814167389,-29.81260758315254,151.9214450469818,-29.738831160667864
28.170000000001604,151.54746089746448,-29.828158403424734,1181.4667812221176,181.46678122211756,1938.5971168638996,1938.376765787645,154.2029494349405,-29.792951694391437,151.15616159875518,-29.616048695541497
28.180000000001606,151.24918036152653,-29.827948784167994,1181.4601935836383,181.46019358363833,1938.7420044342164,1938.333349649504,154.01180817366065,-29.826688754231938,152.29153682214204,-30.130322292796457
28.190000000001607,150.9509019176611,-29.827739988916065,1181.4536063126852,181.45360631268522,1938.633841481665,1938.446332102291,153.68872959767833,-29.81984565347531,150.78102241383735,-29.758257746665638
28.20000000000161,150.65262555942803,-29.82753165769439,1181.4470192647425,181.4470192647425,1938.568209541906,1938.3510788517747,153.4244395044531,-29.8374006424559,151.04582866542594,-29.99539554328123
28.21000000000161,150.3543512860729,-29.827323013336432,1181.4404321278187,181.44043212781867,1938.594396688535,1938.3979815080722,152.97577916810795,-29.795617194719032,148.93783614100153,-29.419566165087225
28.220000000001612,150.05607909573337,-29.827115054569514,1181.4338453028456,181.4338453028456,1938.5025895922097,1938.2477417489522,152.7218344668497,-29.85105540661868,150.43633215552543,-30.349999313715514
28.230000000001613,149.75780898700313,-29.82690669147834,1181.4272583522843,181.4272583522843,1938.5395501932728,1938.4592335177188,152.39505347927607,-29.80159506221883,149.45402459111335,-29.35645196262014
28.240000000001615,149.45954096372148,-29.826697964857196,1181.4206712925136,181.4206712925136,1938.5716905068032,1938.2140353730103,152.1738920486435,-29.7759461518023,150.18343917295041,-29.54510595805351
28.250000000001616,149.16127502649928,-29.826489479582712,1181.414084366354,181.41408436635402,1938.5323687875139,1938.23816274894,151.8638247247311,-29.778510862015967,149.07321880951935,-29.801593253938957
28.260000000001618,148.86301116861335,-29.826282097599655,1181.4074979198156,181.40749791981557,1938.391216236325,1938.2852015249289,151.55719707886303,-29.74944079207627,148.79754826605028,-29.487810162619006
28.27000000000162,148.5647493892841,-29.82607376825221,1181.4009111296969,181.40091112969685,1938.4923319409968,1938.19672688626,151.21416018958038,-29.78127807934039,148.12682818603653,-30.067813664717473
28.28000000000162,148.2664897016636,-29.825863755849433,1181.3943237006774,181.39432370067743,1938.6803604290135,1938.3237896443075,150.9699068701305,-29.787067490656643,148.77162699508162,-29.8391721925029
28.290000000001623,147.96823210794943,-29.82565498698271,1181.3877368075757,181.38773680757572,1938.5226398063473,1938.2639169630584,150.7386627616851,-29.811071606498665,148.65746578567635,-30.027108649076872
28.300000000001624,147.66997660143838,-29.82544631522779,1181.3811499901824,181.3811499901824,1938.5003588563563,1938.3016776632062,150.4290552276435,-29.840181466916896,147.64258742126896,-30.102170210680978
28.310000000001626,147.37172318680476,-29.825236611493626,1181.374562795256,181.374562795256,1938.611466846705,1938.3157734383904,150.1236901576308,-29.883043389484534,147.37540452751654,-30.268800692593267
28.320000000001627,147.07347186256354,-29.82502823675155,1181.3679761705407,181.36797617054071,1938.4436537099946,1938.3540372681925,149.7942866570763,-29.92032949015908,146.82965515208605,-30.255904396229983
28.33000000000163,146.77522262364096,-29.824819547761663,1181.3613894564044,181.36138945640437,1938.4699703594013,1938.3508583427047,149.52707641539234,-29.88928081572655,147.12218424023658,-29.609842745833767
28.34000000000163,146.47697546823142,-29.824611534145472,1181.3548030500965,181.3548030500965,1938.3793763844285,1938.1879939783735,149.13555318415203,-29.842797315203427,145.61184410298924,-29.4244458104953
28.350000000001632,146.17873039444441,-29.824403223254777,1181.3482165611802,181.34821656118015,1938.4036880664023,1938.123212597712,148.96474166150227,-29.839577714406474,147.42743795765435,-29.810601307233874
28.360000000001634,145.88048740203615,-29.8241952583943,1181.3416302478859,181.34163024788586,1938.35200253217,1938.1974604847214,148.62426052254443,-29.753309551075166,145.55993027192383,-28.976896081093386
28.370000000001635,145.582246490782,-29.82398699243502,1181.3350438504485,181.33504385044853,1938.376765787645,1937.9775594504504,148.25411069445306,-29.75977410120508,144.92276224163075,-29.81795505237429
28.380000000001637,145.28400766080728,-29.82377900251091,1181.3284576005346,181.32845760053465,1938.333349649504,1938.1555871885892,147.96608150472008,-29.72582016272209,145.37381879712325,-29.420234716375187
28.39000000000164,144.98577091597122,-29.823569964705797,1181.3218709667185,181.3218709667185,1938.446332102291,1938.0471035172613,147.68603739460156,-29.750554159794113,145.1656404035346,-29.97316013344233
28.40000000000164,144.687536257939,-29.823361641737346,1181.3152846565627,181.31528465656265,1938.3510788517747,1938.1661760401253,147.3386280624159,-29.76808956259582,144.211944072745,-29.92590818781119
28.41000000000164,144.38930368557908,-29.823152830248283,1181.3086981870367,181.30869818703673,1938.3979815080722,1938.149876730533,146.99334925668498,-29.772161129767525,143.8858400051065,-29.808805234312878
28.420000000001643,144.09107319543244,-29.822945199078518,1181.3021122280093,181.30211222800926,1938.2477417489522,1938.114314762227,146.6749118415667,-29.82206067049732,143.8089751055022,-30.271156537065444
28.430000000001645,143.79284479100653,-29.822735686105908,1181.2955255503555,181.29552555035548,1938.4592335177188,1938.2202512260833,146.44946242592945,-29.83705834776105,144.42041768519397,-29.97203744313462
28.440000000001646,143.49461847178947,-29.82252815730849,1181.2889397058589,181.28893970585887,1938.2140353730103,1938.147275919984,146.0905711902667,-29.840653102750423,142.8605500693018,-29.873005897654753
28.450000000001648,143.19639422933898,-29.82232033279071,1181.28235377938,181.28235377937995,1938.23816274894,1938.1155983848455,145.80457207247233,-29.891213827521824,143.2305800123228,-30.34626035046442
28.46000000000165,142.89817206758207,-29.822112018594503,1181.2757676930682,181.27576769306825,1938.2852015249289,1938.2241414858995,145.53051445533958,-29.915718373689803,143.06399590114495,-30.136259289201583
28.47000000000165,142.59995198567964,-29.82190436189067,1181.2691819073839,181.26918190738388,1938.19672688626,1938.1736119419515,145.32300964883314,-29.89061815714759,143.45546639027503,-29.66471620826765
28.480000000001652,142.30173398617987,-29.821695538065143,1181.262595689954,181.26259568995397,1938.3237896443075,1938.0511833354515,145.00088708306234,-29.906080928348864,142.10178399112522,-30.045245869160347
28.490000000001654,142.00351807284153,-29.82148712960427,1181.256009675965,181.25600967596506,1938.2639169630584,1938.1293710243026,144.69590179666207,-29.879237826226905,141.95103421905972,-29.637649907129283
28.500000000001656,141.70530424564353,-29.821278309993737,1181.2494235336692,181.2494235336692,1938.3016776632062,1938.020668383933,144.39556733513098,-29.879956638817696,141.69255718135094,-29.886425952134793
28.510000000001657,141.40709250769575,-29.82106927956526,1181.2428373434775,181.2428373434775,1938.3157734383904,1938.0654820691348,144.09963836692836,-29.89218367082956,141.4362776531047,-30.002226958936348
28.52000000000166,141.10888286212932,-29.820859833717297,1181.2362510232692,181.23625102326923,1938.3540372681925,1938.0839423958723,143.7834025201063,-29.947625060285485,140.9372798987078,-30.4465975653888
28.53000000000166,140.8106753113443,-29.82065032328563,1181.2296647138628,181.2296647138628,1938.3508583427047,1938.187421966751,143.53481611077274,-29.92596365317585,141.2975384267705,-29.7310109891891
28.540000000001662,140.51246984922724,-29.82044210012737,1181.223078957852,181.22307895785207,1938.1879939783735,1938.0117158488265,143.19390869241653,-29.858449448430342,140.12574192721053,-29.250821605720798
28.550000000001663,140.21426646705703,-29.820234333913493,1181.2164934219616,181.21649342196156,1938.123212597712,1937.8755842264445,142.9002952939002,-29.885712244137913,140.25777470725322,-30.13107740550605
28.560000000001665,139.9160651661492,-29.820025847651422,1181.2099076337845,181.2099076337845,1938.1974604847214,1938.068101057062,142.64470915219863,-29.867202157993987,140.34443387688444,-29.700611382698643
28.570000000001667,139.61786594125311,-29.81981913156374,1181.2033225928078,181.2033225928078,1937.9775594504504,1937.9566312734403,142.3617538303783,-29.87523652349051,139.81515593399521,-29.947545812959216
28.580000000001668,139.3196687915111,-29.81961081683826,1181.1967369469119,181.19673694691187,1938.1555871885892,1938.003069593087,142.0800701126805,-29.87752670153192,139.54491665340012,-29.898138303904588
28.59000000000167,139.02147372078164,-29.81940332905154,1181.1901516696319,181.19015166963186,1938.0471035172613,1937.982057560846,141.8020075460729,-29.9288626979042,139.29944444660455,-30.39088666525473
28.60000000000167,138.7232807304278,-29.819194741718665,1181.183565987756,181.18356598775608,1938.1661760401253,1938.0951490465004,141.47244119135945,-29.866231249351404,138.5063439989382,-29.302548212376205
28.610000000001673,138.42508982571474,-29.818986200891146,1181.1769803612635,181.17698036126353,1938.149876730533,1937.825229627735,141.12935268202497,-29.879621893430176,138.04155609801458,-30.000137690139102
28.620000000001674,138.12690100536201,-29.818777869650475,1181.170394855607,181.1703948556069,1938.114314762227,1937.9733004201198,140.8067094474362,-29.90998167512887,137.90292033613702,-30.183219710417067
28.630000000001676,137.82871427326353,-29.818568550049616,1181.1638089899893,181.16380898998932,1938.2202512260833,1938.011750067045,140.39849589120752,-29.907757954576653,136.7245738851494,-29.887744469606698
28.640000000001677,137.53052963172937,-29.81835975678006,1181.157223372334,181.1572233723341,1938.147275919984,1937.9348020999669,140.1184922364638,-29.900393286853152,137.5984593437702,-29.834111277341655
28.65000000000168,137.2323470772444,-29.818151140212898,1181.1506378623158,181.15063786231576,1938.1155983848455,1937.9101691711608,139.82263379244446,-29.890877846063617,137.15990779627046,-29.80523887895778
28.66000000000168,136.93416661397734,-29.817941513198736,1181.1440519834796,181.14405198347959,1938.2241414858995,1937.8904413784044,139.5849291481753,-29.889297598355007,137.4455873497527,-29.8750753689775
28.670000000001682,136.6359882452989,-29.817732222488708,1181.1374662763374,181.13746627633736,1938.1736119419515,1937.8948525169974,139.2613309290333,-29.89057482531502,136.34894695675527,-29.902069867955134
28.680000000001684,136.33781196480237,-29.81752387681625,1181.1308809851946,181.1308809851946,1938.0511833354515,1937.8905372342442,138.99794637059804,-29.84090892410885,136.62748534468076,-29.393915813253276
28.690000000001685,136.03963777152987,-29.81731477768739,1181.1242954283784,181.12429542837845,1938.1293710243026,1937.7531498556575,138.67070832373278,-29.835581495855838,135.7255659019453,-29.787634641578723
28.700000000001687,135.74146566510444,-29.817106507398773,1181.1177102409222,181.11771024092218,1938.020668383933,1937.8284944853951,138.39470192996674,-29.863511337211996,135.91064438607242,-30.114879909417418
28.71000000000169,135.44329564373638,-29.816897766210108,1181.1111249011938,181.11112490119376,1938.0654820691348,1937.8983059416123,138.10058215970435,-29.90282019583207,135.45350422734285,-30.256599923412736
28.72000000000169,135.14512771101914,-29.816688777237474,1181.104539498739,181.1045394987391,1938.0839423958723,1937.9300501550902,137.71658419964885,-29.883204661735846,134.26060255914945,-29.706664854869796
28.73000000000169,134.84696187302973,-29.816478820648964,1181.097953744672,181.09795374467194,1938.187421966751,1937.791725250633,137.4104282299204,-29.870463665398525,134.65502450236434,-29.7557946983626
28.740000000001693,134.54879812762542,-29.816270260209887,1181.0913685876353,181.09136858763532,1938.0117158488265,1937.7884349063934,137.12337047084048,-29.894336326339577,134.53985063912125,-30.109190274809027
28.750000000001695,134.25063646252,-29.816062760876928,1181.0847838931595,181.0847838931595,1937.8755842264445,1937.8629305970212,136.8338343549102,-29.923502008943757,134.22800931153782,-30.185993152381386
28.760000000001696,133.95247688101526,-29.81585354007003,1181.0781985445321,181.07819854453214,1938.068101057062,1937.8774322765987,136.61524722542077,-29.953416272402183,134.64796306001597,-30.22264464352802
28.770000000001698,133.6543193874571,-29.8156451715669,1181.071613574667,181.07161357466703,1937.9566312734403,1937.88321830526,136.30936517807598,-29.970907309960072,133.5564267519728,-30.128326647981073
28.7800000000017,133.3561639800073,-29.81543631839222,1181.0650284470096,181.06502844700958,1938.003069593087,1937.8564497210566,136.04256611693714,-29.965303151941733,133.6413745666877,-29.914865729776672
28.7900000000017,133.05801066065715,-29.815227551636088,1181.0584433907488,181.05844339074883,1937.982057560846,1937.7967893440898,135.71817723532808,-29.924699545559623,132.79867730084655,-29.55926708812062
28.800000000001702,132.75985943421972,-29.81501773584846,1181.0518579502152,181.0518579502152,1938.0951490465004,1937.6958208530289,135.42381698480114,-29.89823203121043,132.7745747300585,-29.66002440206767
28.810000000001704,132.4617102949706,-29.814810113976623,1181.045273426839,181.045273426839,1937.825229627735,1937.7001908662555,135.07854001899221,-29.932034347804876,131.97104732671187,-30.236255197154875
28.820000000001706,132.1635632386662,-29.81460114690293,1181.038688400334,181.03868840033397,1937.9733004201198,1937.8269647585707,134.79240273906163,-29.929856418379526,132.21716721968627,-29.91025505355135
28.830000000001707,131.86541827411776,-29.814391762781128,1181.0321032431812,181.03210324318115,1938.011750067045,1937.7432475588803,134.53102602618995,-29.920707206399562,132.17863561034474,-29.838364298579894
28.84000000000171,131.56727540061038,-29.814182938696007,1181.0255183474894,181.02551834748942,1937.9348020999669,1937.7140624331935,134.24490473059373,-29.958756255527447,131.6698130702277,-30.30119769767838
28.85000000000171,131.26913461475843,-29.81397423169463,1181.0189335354976,181.01893353549758,1937.9101691711608,1937.8168159489524,134.04174956599093,-29.949205312695128,132.21335308456557,-29.86324682720424
28.860000000001712,130.97099591559873,-29.813765600246384,1181.0123487905387,181.01234879053868,1937.8904413784044,1937.706173098189,133.76955354946867,-29.960744091556844,131.31978940076834,-30.064593101312273
28.870000000001713,130.6728593033977,-29.81355683996118,1181.0057640305913,181.0057640305913,1937.8948525169974,1937.7434546441746,133.47528461997246,-29.98511070930302,130.82686425450638,-30.204410269018602
28.880000000001715,130.37472477907426,-29.813348024727116,1180.9991792853068,180.9991792853068,1937.8905372342442,1937.770626319702,133.18783202779562,-29.978613663377004,130.6007586982041,-29.920140250042866
28.890000000001717,130.07659233754404,-29.8131402813193,1180.99259500685,180.99259500685002,1937.7531498556575,1937.6949831820336,132.87816758396724,-29.941127104267334,130.09118758951183,-29.60374807228027
28.900000000001718,129.77846197709516,-29.812931808457755,1180.9860104723803,180.98601047238026,1937.8284944853951,1937.6035943450115,132.50657000771903,-29.948842326604762,129.162191821485,-30.018279327641594
28.91000000000172,129.48033370478794,-29.812722652982945,1180.9794257006986,180.97942570069858,1937.8983059416123,1937.6871885732335,132.22681259148027,-29.87228371500618,129.70899584533132,-29.18325621061892
28.92000000000172,129.18220752583693,-29.81251313722017,1180.9728408211533,180.97284082115334,1937.9300501550902,1937.469694269438,131.91544796818286,-29.84857257368986,129.1131663585062,-29.63517230184299
28.930000000001723,128.88408343664463,-29.81230470124036,1180.9662564116213,180.96625641162132,1937.791725250633,1937.5528661344808,131.60696294153612,-29.78667841860222,128.8305977017154,-29.22963102281347
28.940000000001724,128.58596143213023,-29.81209620163772,1180.9596720132697,180.9596720132697,1937.7884349063934,1937.4348862859524,131.21750170724727,-29.78638156556569,127.7123505986476,-29.78370988823691
28.950000000001726,128.28784151622332,-29.811886979743687,1180.9530873617896,180.95308736178958,1937.8629305970212,1937.5472657382068,130.84325848646677,-29.864129254099595,127.4750694994423,-30.5638584509047
28.960000000001727,127.9897236936068,-29.81167754356019,1180.9465026610344,180.9465026610344,1937.8774322765987,1937.7315615302168,130.57277810983666,-29.85469914916123,128.13845472016573,-29.769828204715953
28.97000000000173,127.69160796605458,-29.811467966886408,1180.939917940619,180.9399179406189,1937.88321830526,1937.5418236755797,130.27041924857136,-29.853561853634943,127.54918949718348,-29.843326193898335
28.98000000000173,127.3934943335932,-29.811258525387466,1180.9333333111601,180.93333331116014,1937.8564497210566,1937.5471733995676,130.1376417287771,-29.85707677495114,128.94264405062881,-29.888711066796898
28.990000000001732,127.09538279347831,-29.811049497589845,1180.926748884421,180.92674888442093,1937.7967893440898,1937.5475681941875,129.85892205330973,-29.871954991803428,127.35044497410334,-30.00585894347401
29.000000000001734,126.79727333982387,-29.810841233295015,1180.920164800762,180.920164800762,1937.6958208530289,1937.5670671223684,129.56751881071318,-29.872990626204256,126.94488962734418,-29.8823113358117
29.010000000001735,126.49916596945484,-29.810632840512653,1180.9135807022542,180.9135807022542,1937.7001908662555,1937.5292335591384,129.24015760245086,-29.812187891669087,126.29390672808996,-29.264963280852555
29.020000000001737,126.20106068883867,-29.810423282722606,1180.9069961729822,180.9069961729822,1937.8269647585707,1937.3644892144162,128.99510715924887,-29.80790903135246,126.78965317043084,-29.769399288502836
29.03000000000174,125.90295750071326,-29.810214342358645,1180.9004119281722,180.90041192817216,1937.7432475588803,1937.4647305952742,128.57068159659812,-29.818969839150657,124.75085153274128,-29.918517109334417
29.04000000000174,125.60485640121323,-29.810005557647752,1180.8938277825303,180.89382778253025,1937.7140624331935,1937.4902738588107,128.4092504552799,-29.82499326099956,126.95637018341577,-29.879204057639665
29.05000000000174,125.3067573943684,-29.809795811315283,1180.8872432877429,180.88724328774288,1937.8168159489524,1937.4725444818969,128.15416202779144,-29.780215243972556,125.85836618039524,-29.3772130907295
29.060000000001743,125.00866048075969,-29.809586910430696,1180.880659168908,180.8806591689081,1937.706173098189,1937.3378857140758,127.85056006888107,-29.808407059574414,125.11814243868767,-30.06213339999114
29.070000000001745,124.7105656581958,-29.80937760234695,1180.8740749233946,180.87407492339457,1937.7434546441746,1937.4872550146222,127.4147950112234,-29.7879792175934,123.49290949230436,-29.604128639764262
29.080000000001746,124.41247293032072,-29.80916797267119,1180.8674905855546,180.8674905855546,1937.770626319702,1937.3691353007341,127.07382500299195,-29.784813579544547,124.00509492890895,-29.756322837104882
29.090000000001748,124.11438229599702,-29.808958892070443,1180.860906504742,180.86090650474193,1937.6949831820336,1937.3914102622732,126.715389715313,-29.795185237011243,123.48947212620233,-29.888530154211505
29.10000000000175,123.81629374906719,-29.80875049389525,1180.8543227344587,180.85432273445872,1937.6035943450115,1937.413004471121,126.42716607143348,-29.788483955268315,123.8331532765177,-29.72817241958196
29.11000000000175,123.5182072901161,-29.808541296323053,1180.8477386801312,180.84773868013122,1937.6871885732335,1937.3648422439717,126.08052908393412,-29.75458236091095,122.96079619643989,-29.44946801169465
29.120000000001752,123.22012291438894,-29.808333849106912,1180.8411553648261,180.84115536482614,1937.469694269438,1937.2828246535535,125.76464372774302,-29.810191593544143,122.92167552202295,-30.310674687242887
29.130000000001754,122.92204061711304,-29.808125606073276,1180.834571766912,180.83457176691195,1937.5528661344808,1937.478985953057,125.47493224568186,-29.808953735526263,122.8675289071313,-29.79781301336534
29.140000000001756,122.62396039772928,-29.80791827068008,1180.8279885698807,180.82798856988074,1937.4348862859524,1937.3540074141247,125.19786453254518,-29.767986216931092,122.70425511431516,-29.399278549574557
29.150000000001757,122.3258822569153,-29.80770989211442,1180.8214049909961,180.82140499099614,1937.5472657382068,1937.2433995544823,124.8988438631454,-29.775547173180488,122.20765783854738,-29.84359577942505
29.16000000000176,122.02780620814812,-29.807499861322803,1180.8148207858942,180.8148207858942,1937.7315615302168,1937.3335715845028,124.55658087858401,-29.75412583690808,121.47621401753157,-29.561333810456436
29.17000000000176,121.72973225211217,-29.807291345867466,1180.8082372255012,180.80823722550122,1937.5418236755797,1937.254229919058,124.28311146914075,-29.772043219622844,121.82188678415122,-29.933299664055713
29.180000000001762,121.43166038191474,-29.80708269362134,1180.8016536469304,180.8016536469304,1937.5471733995676,1937.331200680553,123.90273262574487,-29.732214801171043,120.479323035182,-29.373759035104815
29.190000000001763,121.13359059871391,-29.806873946545064,1180.795070067018,180.79507006701806,1937.5475681941875,1937.1851294717092,123.56443442481898,-29.757419055989537,120.51975061648588,-29.984257349355975
29.200000000001765,120.83552290426695,-29.80666494284714,1180.7884864208504,180.7884864208504,1937.5670671223684,1937.3171315462012,123.30946049831759,-29.7982403825338,121.01469515980496,-30.165632321432145
29.210000000001767,120.53745729871237,-29.806456168067907,1180.7819029032373,180.78190290323732,1937.5292335591384,1937.3581108461333,122.95758468944442,-29.86278038856823,119.79070240958579,-30.443640442878106
29.220000000001768,120.23939377438695,-29.80624869701461,1180.7753199454078,180.77531994540777,1937.3644892144162,1937.4271529095975,122.72181544558396,-29.873482806754655,120.59989225083977,-29.969804570432505
29.23000000000177,119.94133232947416,-29.806040285542352,1180.7687366469688,180.76873664696882,1937.4647305952742,1937.314164551311,122.59013063859665,-29.89656920660235,121.40496737571083,-30.104346805231614
29.24000000000177,119.64327297021515,-29.80583156625867,1180.7621532617366,180.76215326173656,1937.4902738588107,1937.3398107710864,122.24937232058704,-29.904457231676545,119.1825474585007,-29.975449457344293
29.250000000001773,119.34521569785566,-29.805622905639513,1180.7555699367467,180.75556993674672,1937.4725444818969,1937.30269295,121.97111339107083,-29.908679899236404,119.4667830254249,-29.946683907275105
29.260000000001774,119.04716050685757,-29.805415293979312,1180.7489870693132,180.74898706931322,1937.3378857140758,1937.2868085822677,121.70933471334963,-29.927711090410355,119.35332661385883,-30.098991810975907
29.270000000001776,118.74910739875864,-29.805206325805443,1180.7424036943387,180.7424036943387,1937.4872550146222,1937.3152769798405,121.34423239596735,-29.96940705613214,118.05831153952685,-30.344670747628175
29.280000000001777,118.45105637579698,-29.804998266526475,1180.7358207207224,180.73582072072236,1937.3691353007341,1937.3707894443382,120.94373608555347,-29.968508247755828,117.33926929182839,-29.96041897236899
29.29000000000178,118.15300743482878,-29.804789927114197,1180.729237671418,180.7292376714181,1937.3914102622732,1937.2744860746957,120.64961420486134,-29.971079526516164,118.00251727863217,-29.99422103535915
29.30000000000178,117.85496057862656,-29.804581313329955,1180.722654548739,180.722654548739,1937.413004471121,1937.272047348476,120.43231913209722,-29.9175887989093,118.47666347722014,-29.436172250447513
29.310000000001782,117.55691580698009,-29.8043730159641,1180.71607158971,180.71607158971005,1937.3648422439717,1937.1225133131982,120.12803865021328,-29.96008485401054,117.38951431325783,-30.34254934992169
29.320000000001784,117.25887311529148,-29.804165321758283,1180.709488909368,180.70948890936802,1937.2828246535535,1937.325070512538,119.81278684131836,-29.962487542602826,116.97552056126395,-29.9841117399334
29.330000000001785,116.96083250930923,-29.80395587469148,1180.7029055624907,180.70290556249074,1937.478985953057,1937.2354211816623,119.49473466000354,-29.96756594292864,116.6322650281702,-30.013271545860952
29.340000000001787,116.66279399296256,-29.803747394638734,1180.6963226402772,180.69632264027723,1937.3540074141247,1937.2326467833511,119.1788674485132,-29.962780336576582,116.33606254510016,-29.91970987940806
29.35000000000179,116.36475755718985,-29.803539759903135,1180.6897400938974,180.6897400938974,1937.2433995544823,1937.1998616328335,118.8656794044401,-29.940606603650473,116.04698700778206,-29.741043007315458
29.36000000000179,116.06672320204048,-29.80333126996885,1180.6831572411227,180.68315724112267,1937.3335715845028,1937.143334788087,118.60380221999539,-29.954198422897786,116.2469075599929,-30.076524796123596
29.37000000000179,115.76869092888789,-29.803123360547616,1180.6765746579424,180.6765746579424,1937.254229919058,1937.2109975805624,118.383844357185,-29.968492785717988,116.40422359189141,-30.0971420510998
29.380000000001793,115.47066073854653,-29.80291470772716,1180.6699918132238,180.66999181322376,1937.331200680553,1937.2088860643662,118.01163596463039,-29.940511635777955,114.66176043163885,-29.688681286317646
29.390000000001795,115.17263262900485,-29.802707200609134,1180.6634094648396,180.66340946483956,1937.1851294717092,1937.0996802554314,117.68686522434712,-29.917092448138355,114.76392856179768,-29.70631975938192
29.400000000001796,114.87460660058188,-29.802498483984095,1180.6568266679265,180.65682666792645,1937.3171315462012,1937.0864311818302,117.28545593191558,-29.86385937347844,113.67277230003162,-29.384761701539176
29.410000000001798,114.57658266151805,-29.80228932878263,1180.65024373177,180.65024373176993,1937.3581108461333,1936.9895227394604,117.04818327527785,-29.90271666548375,114.91272936553824,-30.25243229353153
29.4200000000018,114.27856081738759,-29.802079497308867,1180.6436605610158,180.64366056101585,1937.4271529095975,1937.1824677622199,116.6972821732965,-29.84248497154334,113.53917225546444,-29.300399726079608
29.4300000000018,113.98054106724433,-29.801870531341688,1180.6370777741843,180.63707777418426,1937.314164551311,1936.9435092067367,116.38873906751638,-29.863449072985155,113.61185111549536,-30.052125985961474
29.440000000001803,113.68252340830432,-29.801661256660736,1180.6304949002094,180.63049490020944,1937.3398107710864,1937.1057187335548,116.00481489688771,-29.86779363752076,112.54949736122968,-29.906894718341203
29.450000000001804,113.38450784099663,-29.801452204875964,1180.623912152357,180.62391215235698,1937.30269295,1937.063987686171,115.7313982105568,-29.839694701353196,113.27064803357875,-29.586804275845118
29.460000000001806,113.08649436399155,-29.80124319614218,1180.617329458478,180.61732945847803,1937.2868085822677,1936.97438716516,115.39695390449106,-29.881458154599315,112.38695514989931,-30.257329233814364
29.470000000001807,112.78848297873691,-29.80103385478626,1180.6107466678666,180.61074666786658,1937.3152769798405,1937.1243297065264,115.15865494365448,-29.8432138224812,113.01396429612515,-29.49901483341814
29.48000000000181,112.4904736897043,-29.800823951734706,1180.6041636886296,180.60416368862957,1937.3707894443382,1936.9345278489484,114.81327920070358,-29.80652941281756,111.70489751414536,-29.476369725844783
29.49000000000181,112.19246649608115,-29.800614772895102,1180.5975810366212,180.59758103662125,1937.2744860746957,1936.9086410626614,114.55307502231568,-29.77318378865308,112.21123741682456,-29.473073171172707
29.500000000001812,111.89446139460057,-29.800405523219634,1180.5909983928993,180.59099839289934,1937.272047348476,1936.8879819253243,114.2837026414683,-29.851574299634375,111.85935121384176,-30.55708889846602
29.510000000001813,111.5964583797412,-29.800197448654014,1180.5844162572782,180.58441625727824,1937.1225133131982,1937.1399855682769,114.00737984617979,-29.814632299976203,111.52047468858318,-29.482154303052635
29.520000000001815,111.29845745466356,-29.799987566871444,1180.5778334333893,180.5778334333893,1937.325070512538,1936.8801864874627,113.69180030607399,-29.824806775732952,110.8515844451217,-29.91637705754368
29.530000000001817,111.00045862506443,-29.799778352956697,1180.5712509141192,180.57125091411922,1937.2354211816623,1936.9688425014706,113.41385946279549,-29.90928934985138,110.91239187328894,-30.66963251691724
29.540000000001818,110.7024618879444,-29.799569071049454,1180.5646684042763,180.5646684042763,1937.2326467833511,1937.1490363040357,113.22628708408226,-29.925358592368102,111.53813567566313,-30.069981775018608
29.55000000000182,110.40446724271237,-29.799359975355856,1180.5580860058337,180.55808600583373,1937.1998616328335,1937.0095805961453,112.96939187156892,-29.915359764751322,110.65733495894877,-29.825370316200317
29.56000000000182,110.10647468650068,-29.799151266985206,1180.5515037994635,180.5515037994635,1937.143334788087,1936.941781556593,112.74598110588006,-29.89155723130187,110.73528421468036,-29.67733443025678
29.570000000001823,109.80848422069585,-29.798941893981606,1180.5449213631823,180.5449213631823,1937.2109975805624,1936.891609703883,112.4404852037856,-29.909101150345425,109.69102208493535,-30.06699642173739
29.580000000001824,109.51049584898908,-29.79873244736921,1180.5383389340757,180.53833893407568,1937.2088860643662,1936.9724110216152,112.18737880337505,-29.954267519166443,109.90942119968015,-30.360764838555596
29.590000000001826,109.21250956758067,-29.798523834312185,1180.5317568760388,180.5317568760388,1937.0996802554314,1937.039575570428,111.92218640080941,-29.971664493227664,109.53545477771861,-30.128237259778647
29.600000000001828,108.91452537219912,-29.7983152419986,1180.5251748630208,180.52517486302077,1937.0864311818302,1936.9820723339192,111.68403448104621,-29.94949058182488,109.54066720317745,-29.749925379199794
29.61000000000183,108.61654325909367,-29.79810737909162,1180.5185931792873,180.51859317928734,1936.9895227394604,1936.8811807462005,111.40949154724348,-29.931892597136812,108.93860514301873,-29.773510734944203
29.62000000000183,108.31856323324672,-29.79789779029772,1180.5120108399474,180.51201083994738,1937.1824677622199,1936.8708712796379,111.01277986108676,-29.944314991354766,107.44237468567623,-30.056116539316324
29.630000000001832,108.02058529362424,-29.797690134200867,1180.5054293125631,180.50542931256314,1936.9435092067367,1936.926459844828,110.74717987122108,-29.924652831118582,108.35677996242993,-29.747693388992914
29.640000000001834,107.72260943789043,-29.797481012559963,1180.498847234008,180.49884723400805,1937.1057187335548,1936.8417975814393,110.5037723231533,-29.899837412371603,108.31310439054326,-29.676498643648813
29.650000000001835,107.42463567206298,-29.79727215293062,1180.4922652972507,180.4922652972507,1937.063987686171,1936.808420387785,110.14752356350914,-29.913462810559125,106.94128472671164,-30.03609139424681
29.660000000001837,107.12666399149421,-29.797063960822072,1180.4856836649465,180.48568366494646,1936.97438716516,1936.8814519832008,109.85058347583382,-29.971244247565423,107.17812268675583,-30.491277180622102
29.67000000000184,106.82869439965482,-29.79685440705525,1180.4791015231533,180.4791015231533,1937.1243297065264,1936.9879925350087,109.63206666249707,-29.94055286142308,107.66541534246632,-29.664330386141984
29.68000000000184,106.5307268957714,-29.796646369629176,1180.4725200262867,180.4725200262867,1936.9345278489484,1936.7850381259354,109.38328441567694,-29.973580330467968,107.14424419429584,-30.27082755187193
29.69000000000184,106.23276147162316,-29.796438460014986,1180.4659386173805,180.46593861738052,1936.9086410626614,1936.9183275459084,109.13046037928933,-29.888921176091838,106.85504405180079,-29.12698878670666
29.700000000001843,105.93479812615344,-29.796230633930705,1180.4593572786719,180.45935727867186,1936.8879819253243,1936.6299628394504,108.74485023620687,-29.856510068028612,105.27435894846478,-29.564810095459574
29.710000000001845,105.63683687007591,-29.79602058157588,1180.452775083682,180.4527750836819,1937.1399855682769,1936.7075916093363,108.43410439682815,-29.896794134830785,105.63739184241956,-30.259350736050354
29.720000000001846,105.33887770397523,-29.795812638561387,1180.4461937714614,180.44619377146137,1936.8801864874627,1936.8624608365844,108.14922592613544,-29.861687889058725,105.58531968990117,-29.545731677110183
29.730000000001848,105.04092062151727,-29.795603853029935,1180.4396121579973,180.43961215799732,1936.9688425014706,1936.6834653627527,107.80833906804018,-29.82010198984819,104.74035734518284,-29.44582889695337
29.74000000000185,104.74296563500455,-29.79539344951287,1180.433029932254,180.43302993225393,1937.1490363040357,1936.639050892459,107.41846355439716,-29.86247382020815,103.90958393160996,-30.24382029344776
29.75000000000185,104.44501274707757,-29.79518413588406,1180.4264481803662,180.42644818036615,1937.0095805961453,1936.8174890610755,107.12794834344464,-29.854983293436575,104.51331144487195,-29.787568552492377
29.760000000001853,104.14706194987254,-29.794975305121735,1180.4198666588522,180.41986665885224,1936.941781556593,1936.7033566453683,106.79403102966623,-29.824694661525935,103.78877520566049,-29.55209697433017
29.770000000001854,103.84911323930741,-29.794766807904672,1180.413285307817,180.41328530781698,1936.891609703883,1936.6319540542825,106.52608396634115,-29.79595770403579,104.11456039641538,-29.537325086624467
29.780000000001856,103.55116661759446,-29.79455753468545,1180.4067036822273,180.40670368222732,1936.9724110216152,1936.6100271357013,106.22243540969887,-29.77774027906141,103.48959839991832,-29.613783454291948
29.790000000001857,103.25322209191614,-29.79434760097762,1180.4001218284197,180.40012182841974,1937.039575570428,1936.6112952547903,105.9032315627691,-29.717786450550435,103.03039694040115,-29.178201993951642
29.80000000000186,102.95527966359666,-29.794138062919174,1180.393540170002,180.3935401700021,1936.9820723339192,1936.4871829302933,105.56780908434575,-29.66226268890356,102.54900677853567,-29.16254883408168
29.81000000000186,102.6573393268416,-29.793929288092542,1180.3869588544032,180.38695885440325,1936.8811807462005,1936.4576188965616,105.2785065059498,-29.716694675509522,102.6747833003863,-30.206582554963166
29.820000000001862,102.35940107785554,-29.793720509117556,1180.380377573835,180.38037757383495,1936.8708712796379,1936.6940846551,105.0549999306648,-29.720620217218475,103.04344075309984,-29.75595009259907
29.830000000001863,102.06146491947136,-29.793511167716726,1180.3737961043826,180.37379610438256,1936.926459844828,1936.5843728616398,104.79820263446447,-29.69119363471202,102.48702696866148,-29.42635439215395
29.840000000001865,101.76353085137242,-29.79330245207111,1180.3672149226036,180.36721492260358,1936.8417975814393,1936.492293341443,104.51163323386253,-29.719171741792316,101.93250862844494,-29.970974705514955
29.850000000001867,101.46559886947352,-29.79309392770766,1180.3606338542365,180.36063385423654,1936.808420387785,1936.6104302596748,104.25581546630708,-29.72654129516021,101.95345555830815,-29.79286727547128
29.860000000001868,101.1676689763693,-29.792884693136198,1180.3540525377161,180.35405253771614,1936.8814519832008,1936.5622365981792,103.98129370824373,-29.797787552171556,101.5105978856735,-30.439003865273637
29.87000000000187,100.86974118058134,-29.792674464456333,1180.3474708591823,180.3474708591823,1936.9879925350087,1936.7149514012087,103.69248754132799,-29.816433818154387,101.09323203908627,-29.984250211999843
29.88000000000187,100.57181547894047,-29.792465863718483,1180.3408898702658,180.34088987026576,1936.7850381259354,1936.6084122329182,103.46308581694817,-29.795344402274125,101.39847029752973,-29.605539659351756
29.890000000001873,100.27389186941062,-29.792256042249374,1180.334308428446,180.3343084284461,1936.9183275459084,1936.5077349592073,103.15615930948688,-29.780446266471145,100.39382074233527,-29.646363044244307
29.900000000001874,99.97597034633759,-29.792048572357068,1180.327727966459,180.32772796645895,1936.6299628394504,1936.5020065157123,102.78821837052813,-29.732908796343896,99.47674991989923,-29.305071565198652
29.910000000001876,99.6780509017093,-29.791840353302977,1180.3211472406974,180.32114724069743,1936.7075916093363,1936.402298763581,102.57677014456709,-29.727014546723357,100.67373611091774,-29.673966300138513
29.920000000001878,99.38013354628941,-29.79163073067303,1180.3145659887068,180.31456598870682,1936.8624608365844,1936.4719773040506,102.336626663168,-29.750550611078502,100.17533533057623,-29.96237519027479
29.93000000000188,99.08221827997079,-29.79142253305208,1180.3079853449237,180.30798534492374,1936.6834653627527,1936.5319443359547,101.97133014653703,-29.753410060813994,98.68366149685829,-29.779145108433404
29.94000000000188,98.78430509420431,-29.7912146202451,1180.3014048520563,180.3014048520563,1936.639050892459,1936.4813601886547,101.67437469322215,-29.769010117194398,99.00177561338826,-29.909410624618037
29.950000000001882,98.4863939955823,-29.791005104157946,1180.294823752875,180.2948237528749,1936.8174890610755,1936.5039810316894,101.3824650329766,-29.762017931428552,98.75527809076655,-29.699088259535923
29.960000000001884,98.18848498774372,-29.790796463556717,1180.2882430415034,180.2882430415034,1936.7033566453683,1936.44463907384,101.01315168968877,-29.749331994117817,97.6893316000982,-29.6351585583212
29.970000000001885,97.89057806374379,-29.79058833642784,1180.2816625727503,180.2816625727503,1936.6319540542825,1936.416247849673,100.74407073922035,-29.74831354882111,98.32234218500454,-29.739147541150725
29.980000000001887,97.59267322054367,-29.790380303595118,1180.2750821785025,180.27508217850254,1936.6100271357013,1936.4284132516727,100.48656339251576,-29.78904233810342,98.16899727217452,-30.155601441644205
29.99000000000189,97.29477045818301,-29.79017216853833,1180.2685017799458,180.26850177994584,1936.6112952547903,1936.5216118767908,100.19078162018909,-29.824263742338818,97.52874566924893,-30.141256380457364
30.00000000000189,96.99686977237252,-29.789964993560687,1180.2619218031095,180.26192180310954,1936.4871829302933,1936.5175475631527,99.81568636749579,-29.83976179247314,96.43982909325598,-29.979244243682025
30.01000000000189,96.69897115751672,-29.789757977599873,1180.2553419267288,180.25534192672876,1936.4576188965616,1936.475190317543,99.45691183731918,-29.851201285548047,96.2279410657296,-29.954156723222216
30.020000000001893,96.40107462329543,-29.789548866657036,1180.2487612468624,180.2487612468624,1936.6940846551,1936.4621335502247,99.14062060038125,-29.819921409069003,96.29399946793984,-29.53840252075762
30.030000000001895,96.1031801759932,-29.789340593787376,1180.2421809397852,180.24218093978516,1936.5843728616398,1936.3503941714937,98.82081860600717,-29.86443209874393,95.94260065664035,-30.265028305818255
30.040000000001896,95.80528780797621,-29.789133009610037,1180.235600945584,180.2356009455841,1936.492293341443,1936.5135705511739,98.57626891852883,-29.882014893838992,96.37532173122379,-30.04026004969455
30.050000000001898,95.50739752126317,-29.788924332997436,1180.2290205499664,180.22902054996644,1936.6104302596748,1936.457846568956,98.26644575744703,-29.859309742546618,95.47803730771086,-29.654963380915223
30.0600000000019,95.20950931973199,-29.788715973239466,1180.2224403181058,180.22244031810578,1936.5622365981792,1936.3552578596343,97.97073263459568,-29.81942497919026,95.30931452893338,-29.460462108983023
30.0700000000019,94.91162320872554,-29.78850622804873,1180.2158595673366,180.21585956733657,1936.7149514012087,1936.2902962782139,97.68877184917831,-29.84217239146702,95.15112478042192,-30.046899101957862
30.080000000001903,94.61373919111496,-29.788297294068272,1180.209279178576,180.20927917857603,1936.6084122329182,1936.4162735193725,97.49019669207156,-29.830954877826997,95.70302027811078,-29.729997255066802
30.090000000001904,94.31585725903639,-29.78808912164391,1180.202699131906,180.202699131906,1936.5077349592073,1936.3320746809266,97.16539573743697,-29.797750539517022,94.24218714572564,-29.49891149472724
30.100000000001906,94.0179774088968,-29.78788090627599,1180.1961191047008,180.19611910470076,1936.5020065157123,1936.2608391868264,96.86312645187947,-29.78478673040474,94.14270288186184,-29.668112448394194
30.110000000001907,93.72009963714407,-29.787673444266773,1180.1895394162918,180.18953941629184,1936.402298763581,1936.2841786965932,96.67343297033597,-29.793329044638597,94.96619163644442,-29.87020987274329
30.12000000000191,93.42222394342083,-29.787465300382852,1180.1829594911226,180.18295949112257,1936.4719773040506,1936.3208030051799,96.33242402294358,-29.78924531485265,93.26334349641213,-29.752491746779114
30.13000000000191,93.1243503341344,-29.787256556901493,1180.1763793621917,180.1763793621917,1936.5319443359547,1936.2828495734732,96.06519245084172,-29.834242459963246,93.66010830192492,-30.239216765958613
30.140000000001912,92.82647881059717,-29.787048150547562,1180.1697994051403,180.16979940514034,1936.4813601886547,1936.3928500869536,95.64304329224345,-29.847136487140283,91.84370086485892,-29.963182731733607
30.150000000001913,92.52860937253926,-29.78683946103519,1180.1632193712258,180.16321937122575,1936.5039810316894,1936.3244313342516,95.24990375232007,-29.853851724955543,91.71164789300963,-29.914288865292882
30.160000000001915,92.23074201931978,-29.786631182864095,1180.1566395389489,180.15663953894887,1936.44463907384,1936.3047717194943,94.9731125638265,-29.873852136652967,92.48199186738442,-30.053855841929774
30.170000000001917,91.93287674813655,-29.786423053782126,1180.1500598031423,180.1500598031423,1936.416247849673,1936.3306829448186,94.59774765341845,-29.863029113514425,91.21946345974588,-29.765621905267523
30.180000000001918,91.63501355921696,-29.78621473013577,1180.143480025999,180.143480025999,1936.4284132516727,1936.2529653915708,94.34460141822906,-29.90619687833206,92.06628530152454,-30.294706761690755
30.19000000000192,91.33715245793987,-29.786005525283542,1180.1368999321767,180.13689993217668,1936.5216118767908,1936.37187161092,94.08486814211544,-29.86965855691506,91.74726865709286,-29.540813664162044
30.20000000000192,91.03929344899656,-29.78579626337779,1180.1303198521646,180.13031985216458,1936.5175475631527,1936.18353052575,93.82801492791138,-29.824717921115184,91.51633600007487,-29.420252198916284
30.210000000001923,90.74143653133517,-29.785587268898603,1180.123739916078,180.12373991607797,1936.475190317543,1936.1335958494647,93.62945778448675,-29.8314876173521,91.84244349366497,-29.89241488348432
30.220000000001924,90.44358170352284,-29.785378293567863,1180.1171600243567,180.11716002435674,1936.4621335502247,1936.2297418651963,93.31634875539424,-29.83936983797112,90.49836749356177,-29.91030982354227
30.230000000001926,90.14572896118702,-29.785170173596693,1180.110580512314,180.11058051231407,1936.3503941714937,1936.2252485996817,92.99938561821132,-29.78796367086459,90.14671738356492,-29.3253081669058
30.240000000001928,89.84787830742192,-29.784960579423657,1180.1040004458155,180.10400044581547,1936.5135705511739,1936.0703099311681,92.61698416293584,-29.813494851885462,89.17537106545659,-30.04327548107333
30.25000000000193,89.55002974769505,-29.784751365948935,1180.097420568661,180.09742056866094,1936.457846568956,1936.2262905102057,92.37914776823699,-29.780019408084748,90.23862021594734,-29.47874041387831
30.26000000000193,89.25218327621377,-29.78454293030532,1180.0908410400918,180.09084104009185,1936.3552578596343,1936.0808801376718,92.04829473669382,-29.754839700273184,89.07061745280524,-29.528222329969104
30.270000000001932,88.95433888679396,-29.784334953656916,1180.0842617322553,180.0842617322553,1936.2902962782139,1936.0742229194623,91.75595994382844,-29.712780987341528,89.12494680803998,-29.33425257095662
30.280000000001934,88.65649658293567,-29.784125818001833,1180.0776819963617,180.07768199636166,1936.4162735193725,1936.008777074061,91.4497390874305,-29.68914650699138,88.69375137984906,-29.476436183840057
30.290000000001935,88.35865636732389,-29.78391730435716,1180.0711025465666,180.07110254656664,1936.3320746809266,1936.0231491269014,91.27273141094446,-29.680680612076536,89.6796623225702,-29.60448755784292
30.300000000001937,88.0608182342877,-29.783709302881586,1180.0645233388223,180.06452333882226,1936.2608391868264,1936.0385946416466,90.95400650156853,-29.669310071600414,88.08548231718511,-29.56697520731529
30.31000000000194,87.76298218271256,-29.783501012144924,1180.0579440517727,180.05794405177267,1936.2841786965932,1936.0164417637402,90.61664002677274,-29.609090134489122,87.58034175361063,-29.067110700487504
30.32000000000194,87.46514821605402,-29.78329231956533,1180.0513646402776,180.0513646402776,1936.3208030051799,1935.8779745568938,90.31049439758567,-29.634698352603507,87.55518373490202,-29.865172315632982
30.33000000000194,87.16731633517057,-29.783083857123835,1180.0447853577443,180.04478535774433,1936.2828495734732,1936.0517763297803,89.95439214109317,-29.616620297307346,86.74947183266055,-29.453917799641903
30.340000000001943,86.86948654402981,-29.78287437102539,1180.038205701441,180.03820570144103,1936.3928500869536,1935.9447063176074,89.68926095202822,-29.64816633582157,87.30308025044368,-29.932080682449616
30.350000000001945,86.57165884530852,-29.78266537323211,1180.0316262776173,180.0316262776173,1936.3244313342516,1936.049068481274,89.40632330861237,-29.70687291860901,86.85988451786973,-30.235232163695965
30.360000000001946,86.27383323618962,-29.78245645055071,1180.0250469205948,180.02504692059483,1936.3047717194943,1936.1220841946194,89.10232283012375,-29.70084858124088,86.36631852372619,-29.646629544927702
30.370000000001948,85.97600971785288,-29.782247216797597,1180.0184674755287,180.01846747552872,1936.3306829448186,1935.9789516272479,88.87505800937463,-29.73211300887841,86.82967462263248,-30.013492857616203
30.38000000000195,85.67818828901807,-29.78203855016432,1180.0118882945385,180.0118882945385,1936.2529653915708,1936.058502670071,88.49145340589885,-29.763968401834752,85.0390119746169,-30.050666938441832
30.39000000000195,85.38036895234538,-29.781828784374504,1180.0053087095177,180.00530870951775,1936.37187161092,1936.0649540239824,88.11351653552776,-29.72565471935596,84.71208470218792,-29.38083157704681
30.400000000001953,85.08255170580756,-29.78162052318928,1179.99872976446,179.99872976446,1936.18353052575,1935.8948001041392,87.88785201730694,-29.721644802400824,85.85687135331958,-29.68555554980463
30.410000000001954,84.78473654022312,-29.78141259369739,1179.9921509890748,179.99215098907484,1936.1335958494647,1935.9507447857154,87.63860521688282,-29.723602830113073,85.3953840130657,-29.741225079523318
30.420000000001956,84.486923458465,-29.781203757924693,1179.9855718869958,179.98557188699579,1936.2297418651963,1935.9530020727825,87.318681458656,-29.73935405146585,84.43936763461461,-29.881115043640822
30.430000000001957,84.18911246533166,-29.780994868742233,1179.9789928001844,179.97899280018441,1936.2252485996817,1935.9778059253717,86.99020500975469,-29.78995217988276,84.03391696964287,-30.24533533563494
30.44000000000196,83.89130355498229,-29.780787201133364,1179.9724142398381,179.97241423983814,1936.0703099311681,1936.0621406830742,86.69352760245782,-29.790245699314244,84.02343093678596,-29.792887374197576
30.45000000000196,83.59349672837588,-29.780578120148554,1179.9658351494863,179.96583514948634,1936.2262905102057,1935.951020957058,86.42079255125351,-29.786473236504516,83.96617709041482,-29.75252107121697
30.460000000001962,83.29569198687514,-29.780370179999235,1179.9592565532234,179.95925655322344,1936.0808801376718,1935.9303446348008,86.10014730973722,-29.811998721754215,83.2143401360906,-30.041728089001523
30.470000000001964,82.99788932495119,-29.7801622047902,1179.9526779795813,179.95267797958127,1936.0742229194623,1935.9910459475984,85.79352917309971,-29.786667953133332,83.03396594336206,-29.55869103554535
30.480000000001965,82.70008874046349,-29.779954692750067,1179.946099628317,179.94609962831692,1936.008777074061,1935.8660107662465,85.42701818028189,-29.78337241448458,82.12841924492156,-29.753712566645845
30.490000000001967,82.40229023216256,-29.77974696743332,1179.939521228218,179.93952122821793,1936.0231491269014,1935.8977765278185,85.13619753304643,-29.804551813288004,82.5188117079273,-29.995166402518798
30.500000000001968,82.10449380222668,-29.7795390197393,1179.9329427756368,179.93294277563677,1936.0385946416466,1935.946659093964,84.80363434471906,-29.795132208470147,81.81056564977268,-29.710355765109437
30.51000000000197,81.80669945128642,-29.77933116831336,1179.9263643983288,179.92636439832881,1936.0164417637402,1935.870094191131,84.44726980446117,-29.783054392996988,81.2399889421401,-29.67435405373854
30.52000000000197,81.50890717345018,-29.779124398933778,1179.9197864915175,179.91978649151747,1935.8779745568938,1935.8480818908452,84.10866582267711,-29.75077578279967,81.06122998662059,-29.460268291023812
30.530000000001973,81.21111697113005,-29.778916065091977,1179.9132079941464,179.91320799414643,1936.0517763297803,1935.7808847872636,83.93580232479181,-29.779412515079958,82.3800308438242,-30.037143105602524
30.540000000001974,80.91332884806856,-29.778708547206755,1179.9066298605878,179.90662986058783,1935.9447063176074,1935.906376672618,83.66026537023822,-29.801144375439097,81.1804327792559,-29.99673111867136
30.550000000001976,80.61554280506577,-29.77850005335237,1179.9000513724177,179.9000513724177,1936.049068481274,1935.8927762825901,83.40784082241088,-29.83683769550298,81.13601989196466,-30.158077576077936
30.560000000001978,80.31775885055309,-29.778290849183403,1179.8934726361479,179.89347263614786,1936.1220841946194,1935.9278887111961,83.12286196314648,-29.857172679877703,80.55805222976694,-30.04018753925021
30.57000000000198,80.01997698247408,-29.77808276661895,1179.8868943862274,179.88689438622737,1935.9789516272479,1935.896681979248,82.80222423562432,-29.880194446806247,79.91648468792489,-30.087390349163144
30.58000000000198,79.72219719904925,-29.777873918348142,1179.8803158660007,179.88031586600073,1936.058502670071,1935.9029096629488,82.5353390555116,-29.895071804593623,80.13337243449712,-30.02896802468002
30.590000000001982,79.42441950483796,-29.777664923910407,1179.8737373238532,179.87373732385322,1936.0649540239824,1935.883402320793,82.25184531341084,-29.893654057373173,79.70040163450388,-29.880894332389108
30.600000000001984,79.1266438938178,-29.777457280118835,1179.8671593598706,179.86715935987058,1935.8948001041392,1935.839445998888,81.93360155286159,-29.877601702425736,79.06940770791837,-29.733130507898796
30.610000000001985,78.82887036206375,-29.777249070690953,1179.8605812057938,179.86058120579378,1935.9507447857154,1935.7914943043083,81.58503720019887,-29.861255425846032,78.44795802623433,-29.714138936628686
30.620000000001987,78.53109891295706,-29.777040750649494,1179.854003044047,179.85400304404698,1935.9530020727825,1935.7720767131498,81.35616009969242,-29.87617680190136,79.29626619513427,-30.01046918639931
30.63000000000199,78.23332954855934,-29.77683212889688,1179.8474247980193,179.84742479801935,1935.9778059253717,1935.8314160844175,81.1024675517428,-29.821299405596278,78.81923462019626,-29.327402838850546
30.64000000000199,77.93556227441053,-29.776622700864145,1179.8408462654313,179.8408462654313,1936.0621406830742,1935.6537230829795,80.74496927455819,-29.860483373275784,77.52748477989651,-30.21313908239131
30.65000000000199,77.63779709029043,-29.77641412315568,1179.8342681104161,179.83426811041613,1935.951020957058,1935.8507805719958,80.44935010114001,-29.86849867394678,77.78877754037632,-29.94063637998574
30.660000000001993,77.34003399152861,-29.77620562920902,1179.827690025657,179.82769002565692,1935.9303446348008,1935.7817942771896,80.23184865113703,-29.85822514325801,78.27433560111011,-29.76576336705907
30.670000000001995,77.04227298073616,-29.77599652928439,1179.8211117346411,179.82111173464114,1935.9910459475984,1935.7294233518157,79.87278111369518,-29.884417067191002,76.64117327671856,-30.120144382587906
30.680000000001996,76.7445140561015,-29.77578839764891,1179.8145338684815,179.81453386848148,1935.8660107662465,1935.8047933915802,79.61444965589035,-29.890689719459317,77.28946653564691,-29.947143589874166
30.690000000001998,76.44675721458681,-29.775579905288843,1179.8079558943853,179.80795589438526,1935.8977765278185,1935.7574350312063,79.29987185173302,-29.850504655688898,76.46867161431703,-29.4888390817551
30.700000000002,76.14900246052477,-29.775370907117388,1179.8013777541912,179.8013777541912,1935.946659093964,1935.6337707492078,78.96057199501564,-29.844369145693953,75.90687328455935,-29.789149555739435
30.710000000002,75.85124979365709,-29.775162466419715,1179.7947998741565,179.79479987415652,1935.870094191131,1935.688145514647,78.64881135438867,-29.816948742421047,75.84296558874583,-29.570165112964887
30.720000000002003,75.55349921072091,-29.77495412081506,1179.7882220689173,179.78822206891732,1935.8480818908452,1935.6212093607985,78.36881735679741,-29.819352692198095,75.84887137847608,-29.84098824019151
30.730000000002004,75.25575070885036,-29.774746253296325,1179.7816444920068,179.78164449200676,1935.7808847872636,1935.6714039972992,78.06069314507752,-29.826045418653624,75.28757523959861,-29.88627995675337
30.740000000002006,74.95800429143081,-29.77453723061225,1179.775066488688,179.77506648868803,1935.906376672618,1935.672672239289,77.67654363936688,-29.813166574127543,74.2191980879711,-29.69725697339281
30.750000000002007,74.66025996411916,-29.774328231716858,1179.768488531582,179.76848853158208,1935.8927762825901,1935.6164333096863,77.46952485988376,-29.835794314107204,75.6063558445357,-30.039443973924175
30.76000000000201,74.36251772874203,-29.774118843709548,1179.761910455168,179.76191045516794,1935.9278887111961,1935.688104058176,77.12017266128946,-29.85574860021675,73.97600287394069,-30.03533717520267
30.77000000000201,74.06477758637986,-29.77390962872453,1179.7553324847909,179.75533248479087,1935.896681979248,1935.6820778096996,76.85086274273466,-29.834110139441634,74.42707347574142,-29.6393639924656
30.780000000002012,73.76703953688894,-29.77370026945861,1179.7487544932528,179.74875449325282,1935.9029096629488,1935.577416773532,76.53455353752928,-29.8556097242925,73.68777069068072,-30.049105987950302
30.790000000002014,73.4693035806214,-29.77349098404977,1179.7421765679985,179.7421765679985,1935.883402320793,1935.6637863109177,76.23264738142048,-29.8943365140883,73.51549197644137,-30.24287762225051
30.800000000002015,73.17156971580245,-29.77328197973977,1179.7355987921032,179.73559879210325,1935.839445998888,1935.7069478767935,75.93371094320156,-29.856085329070808,73.2432829992312,-29.51182466391339
30.810000000002017,72.87383793945175,-29.773073290400514,1179.7290211791426,179.7290211791426,1935.7914943043083,1935.5232103377077,75.5651636859949,-29.89375967350867,72.2482383711349,-30.232828773449413
30.82000000000202,72.57610824962892,-29.772864674167796,1179.722443632161,179.722443632161,1935.7720767131498,1935.6832428358412,75.34523003694305,-29.90002296275972,73.36582719547634,-29.956392566019172
30.83000000000202,72.27838064894081,-29.77265546345443,1179.7158658835504,179.71586588355035,1935.8314160844175,1935.612896743983,75.09534249044002,-29.89190614278513,72.84635457191273,-29.818854763013782
30.84000000000202,71.98065513328612,-29.772447667483718,1179.7092887387216,179.70928873872163,1935.6537230829795,1935.569422162795,74.77577601387758,-29.866807914270087,71.89967772481546,-29.640923857634725
30.850000000002023,71.68293170440047,-29.772238109645603,1179.7027109243127,179.70271092431267,1935.8507805719958,1935.5122552568341,74.42229164009255,-29.853376019502768,71.24093227602725,-29.732488966596907
30.860000000002024,71.3852103686268,-29.77202904508763,1179.6961333443116,179.69613334431165,1935.7817942771896,1935.5182159176034,74.09950904220477,-29.884856125363406,71.19446566121475,-30.168177078109142
30.870000000002026,71.08749112173649,-29.77182033297408,1179.6895559422614,179.68955594226145,1935.7294233518157,1935.613124292188,73.81518135389426,-29.88145178033081,71.2562321590997,-29.850812675037457
30.880000000002028,70.78977396561925,-29.77161089047592,1179.6829782841119,179.68297828411187,1935.8047933915802,1935.5309978265639,73.50478937364453,-29.90677251964775,70.71126155139689,-30.134659173500168
30.89000000000203,70.4920589023772,-29.771401757932132,1179.676400786881,179.676400786881,1935.7574350312063,1935.590452558719,73.28308634490593,-29.866934017884603,71.2877590862586,-29.508387502016298
30.90000000000203,70.1943459256766,-29.771193582186157,1179.6698237098483,179.6698237098483,1935.6337707492078,1935.4295592801632,73.02242009719158,-29.866523315388008,70.6764238677626,-29.862826992918663
30.910000000002032,69.89663503349553,-29.770984854026718,1179.6632464480558,179.66324644805582,1935.688145514647,1935.4975546626551,72.62338244634681,-29.798381947777195,69.03204358874382,-29.185109639279865
30.920000000002034,69.5989262262164,-29.770776601797202,1179.6566694137052,179.65666941370523,1935.6212093607985,1935.3173674845175,72.31788194893348,-29.818085407059797,69.56837747221347,-29.99541654060322
30.930000000002035,69.3012195040445,-29.770567832583364,1179.6500922087987,179.6500922087987,1935.6714039972992,1935.4922540722976,72.03705578316874,-29.778320025972054,69.50962029128605,-29.420431596182375
30.940000000002037,69.00351487007592,-29.770358961130515,1179.6435149995827,179.64351499958275,1935.672672239289,1935.3427786290645,71.73254916405519,-29.73916666444972,68.99198959203318,-29.3867864107487
30.95000000000204,68.7058123228956,-29.770150474933647,1179.6369379814607,179.63693798146073,1935.6164333096863,1935.3137709085042,71.48402547686507,-29.774556481120175,69.24731229215404,-30.093064831154265
30.96000000000204,68.4081118640725,-29.769941289685764,1179.6303607198092,179.63036071980923,1935.688104058176,1935.4698974038674,71.14274461030284,-29.745368847078343,68.07121681124276,-29.482680140701834
30.97000000000204,68.11041349730391,-29.76973206403114,1179.623783478634,179.6237834786341,1935.6820778096996,1935.3154935215466,70.70388087081244,-29.75228883956857,66.75410721539869,-29.814568771980635
30.980000000002043,67.81271721881313,-29.769523634124226,1179.6172065930862,179.61720659308617,1935.577416773532,1935.3805136401522,70.34322294553128,-29.768308933067143,67.0973016180008,-29.912489774554285
30.990000000002045,67.51502302873976,-29.769314380550338,1179.6106294140636,179.61062941406362,1935.6637863109177,1935.3960693343304,70.04546194940067,-29.77915680915269,67.36561298422517,-29.87678769392259
31.000000000002046,67.21733093348908,-29.76910466958632,1179.6040520883828,179.6040520883828,1935.7069478767935,1935.3804938075305,69.73503578520388,-29.811065904684916,66.94120030743278,-30.098247764474962
31.010000000002048,66.91964092801743,-29.768896424744238,1179.5974753870225,179.59747538702254,1935.5232103377077,1935.427915526587,69.56809186282617,-29.750825096566007,68.06559656142677,-29.208657823495834
31.02000000000205,66.62195301223495,-29.768686731749593,1179.5908981418888,179.59089814188883,1935.6832428358412,1935.202841059022,69.21537468675423,-29.70514775754526,66.04092010210681,-29.294051706358523
31.03000000000205,66.32426719085812,-29.768477543616715,1179.5843211357837,179.58432113578374,1935.612896743983,1935.1984741905912,68.90629066264097,-29.707605111952454,66.12453444562169,-29.7297213016172
31.040000000002053,66.02658345997729,-29.768268632549646,1179.5777442774006,179.5777442774006,1935.569422162795,1935.2853175047603,68.61515624437976,-29.733463923249793,65.99494648002883,-29.966193224925835
31.050000000002054,65.72890181624138,-29.768060114631716,1179.5711676132644,179.57116761326438,1935.5122552568341,1935.3343953136086,68.37572341874623,-29.73314694647069,66.22082798804445,-29.73029415545872
31.060000000002056,65.43122225839474,-29.76785145469614,1179.5645909288746,179.56459092887462,1935.5182159176034,1935.2712310531656,68.05744573155013,-29.775755080607247,65.19294654678512,-30.15922828783628
31.070000000002057,65.13354479162791,-29.76764189866862,1179.5580139219962,179.55801392199623,1935.613124292188,1935.3677311133538,67.72037588687196,-29.82418516588145,64.68674728476836,-30.26005593334925
31.08000000000206,64.83586941739762,-29.76743294739211,1179.551437194175,179.55143719417492,1935.5309978265639,1935.3929353071233,67.43253641734529,-29.85440991180105,64.8419811916052,-30.126432625077427
31.09000000000206,64.53819613565776,-29.76722340058029,1179.5448602643328,179.54486026433278,1935.590452558719,1935.3609827023033,67.12982436355061,-29.80458820507066,64.40541587939849,-29.356192844497176
31.100000000002062,64.24052494302336,-29.767015126300272,1179.5382838811888,179.53828388118882,1935.4295592801632,1935.1653243172939,66.90085940014396,-29.8017992040167,64.84017472948415,-29.776698194531058
31.110000000002064,63.94285583647145,-29.766806184080153,1179.5317072670039,179.53170726700387,1935.4975546626551,1935.2473414874264,66.60070480746955,-29.741903665540413,63.89931347339988,-29.20284381925385
31.120000000002065,63.645188812161116,-29.766598677986327,1179.5251312650755,179.52513126507552,1935.3173674845175,1935.092526528364,66.33119101395665,-29.7542073605813,63.90556687234047,-29.864940615949283
31.130000000002067,63.347523870782524,-29.76638959773217,1179.5185546689013,179.5185546689013,1935.4922540722976,1935.2324237197947,65.96152339378322,-29.743609387751448,62.6345148122223,-29.648227632282747
31.14000000000207,63.04986101432764,-29.76618169324463,1179.5119785806287,179.5119785806287,1935.3427786290645,1935.1706673118363,65.71182334446681,-29.764816164036176,63.46452290061907,-29.95567715059872
31.15000000000207,62.75220023614537,-29.76597394320857,1179.5054025909212,179.50540259092122,1935.3137709085042,1935.2342269352062,65.43042117139157,-29.775839140800866,62.897801613714385,-29.87504593168308
31.16000000000207,62.454541542539154,-29.765764778035166,1179.4988260707125,179.49882607071254,1935.4698974038674,1935.2087177212222,65.12363158854637,-29.849466366251168,62.362525342939655,-30.512111395303865
31.170000000002073,62.15688493449681,-29.765556830432804,1179.4922500751518,179.4922500751518,1935.3154935215466,1935.3600858685804,64.81586785295562,-29.811994333597088,62.04599423263874,-29.474746039710386
31.180000000002075,61.85923040914416,-29.765348240096436,1179.4856738586595,179.48567385865954,1935.3805136401522,1935.1084982232364,64.48863398079615,-29.805753933200563,61.543529131360884,-29.749590329631843
31.190000000002076,61.56157797081173,-29.765139426388654,1179.4790975893109,179.47909758931087,1935.3960693343304,1935.1571878168359,64.15813084446312,-29.79087923223059,61.18360261746577,-29.657006923500823
31.200000000002078,61.263927620413554,-29.76493065324665,1179.4725213728861,179.47252137288615,1935.3804938075305,1935.1218283088592,63.85788436218135,-29.81646162055266,61.155666021645466,-30.046703115451255
31.21000000000208,60.966279360214536,-29.764721386557895,1179.4659449953274,179.4659449953274,1935.427915526587,1935.2048802109962,63.63535143536792,-29.783419636747215,61.6325550940471,-29.48604178249823
31.22000000000208,60.668633183598494,-29.76451393664999,1179.4593693825477,179.45936938254772,1935.202841059022,1935.060456743193,63.30843427199457,-29.76659541745496,60.36617980163441,-29.615177443824656
31.230000000002082,60.37098908175378,-29.76430643229311,1179.4527937846062,179.45279378460623,1935.1984741905912,1935.0738276698703,63.041560353111514,-29.74709748188844,60.639695083163964,-29.571616061789758
31.240000000002084,60.0733470590915,-29.76409810016059,1179.4462178915803,179.44621789158032,1935.2853175047603,1935.0480788008733,62.66002622890976,-29.718599347484677,59.22621911109396,-29.462116137850803
31.250000000002085,59.77570712228852,-29.76388926043602,1179.4396418317933,179.43964183179332,1935.3343953136086,1935.005176389295,62.34310937010135,-29.733863176783053,59.49085764082566,-29.8712376404684
31.260000000002087,59.478069271662505,-29.763680864767316,1179.4330659866318,179.43306598663185,1935.2712310531656,1935.0896790144936,62.18849944787048,-29.727788744159852,60.797010147792605,-29.673118850551013
31.27000000000209,59.180433509541544,-29.76347155942455,1179.4264898135734,179.42648981357343,1935.3677311133538,1935.0333124051774,61.868376730265226,-29.797515856869,58.98727227181796,-30.42505987125132
31.28000000000209,58.882799841999976,-29.763261948889067,1179.4199135548738,179.4199135548738,1935.3929353071233,1935.2091256518418,61.63930724813602,-29.83444675619527,59.577681908973155,-30.166824850131647
31.29000000000209,58.58516826966665,-29.763052517774163,1179.4133374047458,179.4133374047458,1935.3609827023033,1935.151345135646,61.28372140511411,-29.837247901325796,58.0834488179169,-29.862458207500516
31.300000000002093,58.28753878380723,-29.76284465411056,1179.406761919444,179.40676191944408,1935.1653243172939,1935.0738328366122,61.05492373256844,-29.806610377004297,58.99574467965738,-29.53087265811083
31.310000000002095,57.98991138051888,-29.76263600355867,1179.4001861554566,179.4001861554566,1935.2473414874264,1934.9809844493586,60.74053062187147,-29.79296417775057,57.91099262559875,-29.670148384467023
31.320000000002096,57.6922860576302,-29.762428574178518,1179.393610917514,179.39361091751402,1935.092526528364,1934.9974912622076,60.40568688080379,-29.785721006706403,57.39209321119465,-29.720532467308914
31.330000000002098,57.39466281542358,-29.762219867146314,1179.3870352042156,179.38703520421564,1935.2324237197947,1934.9960238476378,60.10825131150468,-29.754307795879953,57.431331187812646,-29.471588898441908
31.3400000000021,57.09704165812656,-29.76201159225819,1179.3804597007588,179.38045970075882,1935.1706673118363,1934.9213245071164,59.85548925228882,-29.740258854051607,57.58063071934603,-29.6138183775965
31.3500000000021,56.799422586730444,-29.761802686963744,1179.3738839813334,179.3738839813334,1935.2342269352062,1934.9383762585985,59.53176520785568,-29.720158568511117,56.61824880795739,-29.539255998646706
31.360000000002103,56.50180560376325,-29.761593906474317,1179.3673083485855,179.36730834858554,1935.2087177212222,1934.9055707629348,59.22417082413628,-29.756759533368832,56.45582137066173,-30.086168217088257
31.370000000002104,56.20419071547575,-29.761383751027676,1179.3607322015048,179.3607322015048,1935.3600858685804,1935.0266212211086,58.90200842367469,-29.75468614562119,56.002546819520276,-29.73602565589238
31.380000000002106,55.90657791853395,-29.761175637331952,1179.354156909292,179.354156909292,1935.1084982232364,1934.9375824637532,58.64797616234385,-29.76084093995698,56.36168581036632,-29.816234088979098
31.390000000002107,55.60896720525076,-29.760967019305895,1179.347581451637,179.3475814516371,1935.1571878168359,1934.9464642517032,58.28361533107257,-29.759151297392968,55.00436784963095,-29.743944514316848
31.40000000000211,55.31135857710614,-29.760758609616133,1179.34100611413,179.3410061141301,1935.1218283088592,1934.9192783152207,57.992062457678756,-29.753736899748205,55.368086597134415,-29.705007320945306
31.41000000000211,55.01375203703696,-29.760549404219404,1179.3344304944217,179.33443049442167,1935.2048802109962,1934.8984695594754,57.7402249914123,-29.72385045299263,55.47368779501417,-29.454872432192435
31.420000000002112,54.71614758335612,-29.760341331948233,1179.3278553654486,179.3278553654486,1935.060456743193,1934.8239297339483,57.408106706987596,-29.74598384462966,54.419042147165285,-29.945184369362916
31.430000000002114,54.41854521142228,-29.760133054819306,1179.3212801910427,179.32128019104266,1935.0738276698703,1934.9283843976157,57.05714062188329,-29.726434295540212,53.89844585594454,-29.55048835373516
31.440000000002115,54.120944921625465,-29.759924904544196,1179.3147051041287,179.31470510412873,1935.0480788008733,1934.8245919590804,56.8359620572744,-29.739235814277876,54.84535497579432,-29.854449482916873
31.450000000002117,53.823346711969855,-29.759717026579015,1179.3081301629925,179.30813016299248,1935.005176389295,1934.8850432133029,56.5226289945077,-29.69728045880102,53.70263142960736,-29.31968225950932
31.46000000000212,53.525750585134006,-29.75950834059169,1179.3015549347253,179.30155493472535,1935.0896790144936,1934.7439003824948,56.248219046231085,-29.690416175836056,53.77852951174151,-29.628637629151374
31.47000000000212,53.22815654322563,-29.759300041083325,1179.294979897986,179.29497989798597,1935.0333124051774,1934.7999985162432,55.88666697063186,-29.676942720282398,52.632698290238764,-29.5556816202995
31.48000000000212,52.93056459222392,-29.759090159258683,1179.2884042638518,179.28840426385182,1935.2091256518418,1934.7693918837713,55.54459991576558,-29.719178069758076,52.46599642196904,-30.09929621503917
31.490000000002123,52.632974738048155,-29.75888067589449,1179.2818288260498,179.28182882604983,1935.151345135646,1934.8912746412705,55.2360988191555,-29.74072211207518,52.4595889496648,-29.934618492929097
31.500000000002125,52.33538697587709,-29.758671758318247,1179.2752536516264,179.27525365162637,1935.0738328366122,1934.8500118388727,54.93494765010841,-29.785746525735235,52.224587128684576,-30.19096624867572
31.510000000002126,52.037801299402574,-29.758463536586657,1179.2686787926918,179.26867879269184,1934.9809844493586,1934.9088330058225,54.69317383036122,-29.749187637984882,52.51720945263641,-29.42015764823173
31.520000000002128,51.74021770630265,-29.75825508339817,1179.2621038776688,179.26210387766878,1934.9974912622076,1934.7167356876525,54.30051109424832,-29.720740648356212,50.766546469232246,-29.464717741698202
31.53000000000213,51.44263619812982,-29.758046551168693,1179.255528967632,179.25552896763202,1934.9960238476378,1934.7080846267443,53.97419717314539,-29.69876197252798,51.037371883219,-29.50095389007386
31.54000000000213,51.14505677256948,-29.757838560898755,1179.2489543114154,179.24895431141545,1934.9213245071164,1934.6993805621714,53.68786080845448,-29.703806364442627,51.11083352623628,-29.749205891674453
31.550000000002132,50.847479428092235,-29.75763033455109,1179.2423795972588,179.24237959725883,1934.9383762585985,1934.7452979505438,53.394567787947196,-29.67282488532647,50.754930603381624,-29.393991573281046
31.560000000002134,50.54990416494492,-29.75742229491276,1179.235804994572,179.23580499457194,1934.9055707629348,1934.6471044319903,53.04812202502072,-29.66304941612305,49.9301101586824,-29.57507019329226
31.570000000002135,50.252330987783964,-29.757213137278423,1179.2292299805686,179.22922998056856,1935.0266212211086,1934.6739778608614,52.82360942954152,-29.65097558582238,50.80299607022874,-29.542311113116302
31.580000000002137,49.95475989888152,-29.75700464321069,1179.2226552691093,179.22265526910928,1934.9375824637532,1934.652692700831,52.65295942219169,-29.67744689444295,51.11710935604323,-29.915688672028097
31.59000000000214,49.65719089575377,-29.756795982339003,1179.2160805274707,179.2160805274707,1934.9464642517032,1934.7323676004198,52.401247810677575,-29.6885645222928,50.135843307050536,-29.788623172941428
31.60000000000214,49.35962397853946,-29.75658746052297,1179.209505878207,179.20950587820698,1934.9192783152207,1934.6965679713487,52.158755731281396,-29.69559748598746,49.97632701671579,-29.75889415923938
31.61000000000214,49.062059146118415,-29.756379023685287,1179.2029312996492,179.2029312996492,1934.8984695594754,1934.6812641930785,51.829692283671974,-29.662493473641096,48.86812125518718,-29.364557362523797
31.620000000002143,48.76449639536257,-29.75617112748373,1179.1963569743698,179.1963569743698,1934.8239297339483,1934.5737874175595,51.49859459789009,-29.714243011792377,48.5187154258531,-30.179988855153894
31.630000000002145,48.46693572845519,-29.755962253991594,1179.1897822941646,179.18978229416462,1934.9283843976157,1934.7587188806779,51.16958636678791,-29.699843947614642,48.20851228686828,-29.570252370015034
31.640000000002146,48.16937714633918,-29.755754169211595,1179.183207966635,179.1832079666351,1934.8245919590804,1934.6085711619987,50.939167382322395,-29.70210108851544,48.86539652213273,-29.72241535662264
31.650000000002148,47.871820648091635,-29.7555454802976,1179.1766334336985,179.1766334336985,1934.8850432133029,1934.6323617320081,50.69834256226102,-29.748190775337985,48.53091918170865,-30.162997956740877
31.66000000000215,47.57426623120586,-29.755337896857377,1179.1700593803503,179.17005938035027,1934.7439003824948,1934.7324209239057,50.363771755914605,-29.75756274100455,47.35263449879691,-29.84191043200361
31.67000000000215,47.27671389299058,-29.755129746199845,1179.1634851363865,179.1634851363865,1934.7999985162432,1934.653021498003,50.049337998248575,-29.75479660987657,47.21943417925432,-29.729901429724787
31.680000000002153,46.97916363544146,-29.75492176362345,1179.156910996421,179.15691099642095,1934.7693918837713,1934.6167119636286,49.77686610983748,-29.768153330396377,47.324619114137555,-29.888363815074598
31.690000000002154,46.68161546334372,-29.754712655924575,1179.1503364423106,179.15033644231062,1934.8912746412705,1934.64498592044,49.47429247953576,-29.768162949658915,46.75112980682028,-29.76824952302179
31.700000000002156,46.38406938103074,-29.754503806670655,1179.143762028407,179.14376202840708,1934.8500118388727,1934.6076457498978,49.118975674490706,-29.770207036032534,45.92112442908517,-29.788603813395085
31.710000000002157,46.08652539016198,-29.754294367081396,1179.1371874146355,179.1371874146355,1934.9088330058225,1934.6020861767831,48.808547669562984,-29.773568186087513,46.01469562521342,-29.80381853658231
31.72000000000216,45.788983486000916,-29.754086465131245,1179.13061345359,179.13061345359006,1934.7167356876525,1934.5957500048635,48.50817922403585,-29.769349807773484,45.80486321429164,-29.731384402947228
31.73000000000216,45.491443660949905,-29.753878545070886,1179.12403952194,179.12403952193995,1934.7080846267443,1934.5678319420747,48.18489090877189,-29.72962123948409,45.27529607139624,-29.372064124879508
31.740000000002162,45.1939059151878,-29.753670607350045,1179.1174656198652,179.11746561986524,1934.6993805621714,1934.4662975087062,47.82731837795333,-29.753655279524782,44.60916560058629,-29.969961639891014
31.750000000002164,44.8963702512074,-29.753462188728808,1179.1108915617683,179.1108915617683,1934.7452979505438,1934.5951900240257,47.673221746489915,-29.784775711094863,46.28635206331918,-30.064859595225577
31.760000000002165,44.59883666770676,-29.753254511399412,1179.1043178373225,179.10431783732247,1934.6471044319903,1934.6142730487525,47.298095504876116,-29.75958928877528,43.92195933035188,-29.532911487899046
31.770000000002167,44.30130516257636,-29.753046514680264,1179.0977440215636,179.09774402156359,1934.6739778608614,1934.4784166962108,46.89456047795745,-29.765993228664954,43.26274523568942,-29.823628687671995
31.78000000000217,44.00377573696795,-29.752838607002463,1179.0911702781293,179.0911702781293,1934.652692700831,1934.534149809045,46.71277325011232,-29.811025844163307,45.076688199506194,-30.216319383648482
31.79000000000217,43.706248394272365,-29.752629932114804,1179.0845962639683,179.08459626396825,1934.7323676004198,1934.623274003648,46.31302254024139,-29.850161689017188,42.71526615140301,-30.202384292702114
31.80000000000217,43.40872313726498,-29.752421469362414,1179.0780223714505,179.07802237145052,1934.6965679713487,1934.620398481845,46.0675105783611,-29.806644365452136,43.85790292143847,-29.41498845336667
31.810000000002173,43.11119996469357,-29.752213044919884,1179.0714485309334,179.07144853093337,1934.6812641930785,1934.422683777346,45.746250077145426,-29.78070486127888,42.854905566204316,-29.547249323719562
31.820000000002175,42.81367887226632,-29.752005440530617,1179.0648750556109,179.06487505561086,1934.5737874175595,1934.434220042405,45.52250572303311,-29.72421452677116,43.50880653602232,-29.21580151620167
31.830000000002176,42.51615986418263,-29.75179617620757,1179.058300951911,179.05830095191095,1934.7587188806779,1934.3342241844598,45.20955437308908,-29.796016843244903,42.39299222359271,-30.442237691508566
31.840000000002178,42.21864294283237,-29.75158809384557,1179.0517273583969,179.05172735839687,1934.6085711619987,1934.6160605966659,44.869419283942925,-29.80437809415303,41.80820348162752,-29.87962935232615
31.85000000000218,41.92112810377201,-29.751379718226065,1179.045153684045,179.0451536840451,1934.6323617320081,1934.482709869496,44.56164322609691,-29.804714038590596,41.79165870548282,-29.80773753852868
31.86000000000218,41.623615353168496,-29.751170402476973,1179.0385796697028,179.0385796697028,1934.7324209239057,1934.4561778763236,44.32378516870061,-29.761126822178607,42.18306265213383,-29.3688418744707
31.870000000002182,41.32610469281281,-29.75096166865895,1179.0320059251515,179.03200592515145,1934.653021498003,1934.335888043184,44.01543343841559,-29.727155760545088,41.24026786585042,-29.421416205843403
31.880000000002184,41.02859611871295,-29.750753151313862,1179.025432303976,179.025432303976,1934.6167119636286,1934.3274853557512,43.734632774776884,-29.72758032043609,41.20742680202849,-29.73140135945509
31.890000000002185,40.731089631443,-29.750544302675713,1179.0188585867286,179.01885858672858,1934.64498592044,1934.3858396124413,43.479605668298994,-29.727709157212917,41.18436170999798,-29.72886868820434
31.900000000002187,40.43358523153335,-29.750335679254125,1179.012284996359,179.01228499635909,1934.6076457498978,1934.3746631626605,43.27789418347732,-29.773124144420876,41.46249082008223,-30.181859029292493
31.91000000000219,40.13608291807958,-29.750127011500652,1179.0057114248805,179.00571142488047,1934.6020861767831,1934.4772937407283,42.937954511982944,-29.774619998037473,39.878497468533574,-29.788082680586836
31.92000000000219,39.838582691492064,-29.74991830600196,1178.9991378749314,178.99913787493142,1934.5957500048635,1934.3795542145583,42.64998996445676,-29.73411101422083,40.05830903672106,-29.369530159871033
31.93000000000219,39.541084551233006,-29.749709745810566,1178.992564419845,178.99256441984494,1934.5678319420747,1934.264640896866,42.33787949477257,-29.778337776864987,39.528885267614925,-30.176378640662428
31.940000000002193,39.243588492727305,-29.74950195533005,1178.9859913097616,178.98599130976163,1934.4662975087062,1934.4455767738698,42.0705760893908,-29.752805431727236,39.66484544095481,-29.52301432548746
31.950000000002195,38.94609451805003,-29.749292980123528,1178.9794177617152,178.97941776171524,1934.5951900240257,1934.282643947402,41.66103499928775,-29.75256831057699,37.97516518836033,-29.75043422022477
31.960000000002196,38.64860263439158,-29.749083751566157,1178.9728441488269,178.97284414882688,1934.6142730487525,1934.3224666869667,41.28028467126412,-29.77215938760097,37.85353171905143,-29.948479080816774
31.970000000002198,38.35111283771453,-29.748875583843745,1178.966270997564,178.96627099756392,1934.4784166962108,1934.3612693689481,40.94222704156102,-29.745553066277985,37.89970837423313,-29.506096174371148
31.9800000000022,38.05362512553575,-29.748666851911388,1178.9596976569258,178.95969765692575,1934.534149809045,1934.244922906547,40.6592083586671,-29.784432174864005,38.11204021262184,-30.134344152138198
31.9900000000022,37.75613950491352,-29.74845727253519,1178.9531240134531,178.95312401345313,1934.623274003648,1934.3846845088237,40.412904771439614,-29.823848859348978,38.19617248639219,-30.178599019713715
32.0000000000022,37.45865598042058,-29.74824762605242,1178.9465503797512,178.94655037975122,1934.620398481845,1934.3948187004387,40.13398558186126,-29.840709056098067,37.623712875656054,-29.99245082683989
32.0100000000022,37.16117454446473,-29.74803956511739,1178.9399774178628,178.9399774178628,1934.422683777346,1934.3474865367443,39.81842062399508,-29.81631398455885,36.978336003199466,-29.596758340705875
32.0200000000022,36.863695190064895,-29.74783131484939,1178.9334044167754,178.93340441677537,1934.434220042405,1934.242130266139,39.54902055055504,-29.769356645381226,37.12441988959466,-29.346740592782602
32.0300000000022,36.566217914384204,-29.747623821288364,1178.9268317554631,178.92683175546313,1934.3342241844598,1934.1628787995116,39.24662760195439,-29.75798983708304,36.52509106454848,-29.655688562399362
32.040000000002195,36.26874272604959,-29.7474138456352,1178.920258136501,178.92025813650093,1934.6160605966659,1934.2177287457955,38.926952248243694,-29.751472541459574,36.04987406484742,-29.692816880848362
32.05000000000219,35.97126963227338,-29.747204909606506,1178.9136849706501,178.91368497065014,1934.482709869496,1934.2135198606145,38.65335828904709,-29.7539950736979,36.19101265627764,-29.77669786384282
32.06000000000219,35.67379862718964,-29.74699610714253,1178.9071118949523,178.90711189495232,1934.4561778763236,1934.222212253779,38.26521479865673,-29.743351050152437,34.771923385143396,-29.64755483824326
32.07000000000219,35.37632970548622,-29.746788233540563,1178.9005392279864,178.90053922798643,1934.335888043184,1934.1799087478082,37.994554363207456,-29.76409997278169,35.558610444163946,-29.95084027644495
32.08000000000219,35.078862862619836,-29.7465803397362,1178.893966589572,178.89396658957207,1934.3274853557512,1934.2424213809875,37.63876586134507,-29.718071634962023,34.43666934458358,-29.30381659458501
32.090000000002185,34.78139810162384,-29.74637185946203,1178.887393752876,178.88739375287605,1934.3858396124413,1934.0752050169485,37.377601360917666,-29.727774088339675,35.02712085707105,-29.815096168738542
32.10000000000218,34.48393542541399,-29.74616338250814,1178.8808209541564,178.88082095415643,1934.3746631626605,1934.1808698305845,37.03138312320993,-29.754267462609164,33.91541898384025,-29.992707831034544
32.11000000000218,34.18647483878399,-29.745953943493134,1178.874247806709,178.87424780670904,1934.4772937407283,1934.217050425577,36.812021814606645,-29.74930625247152,34.8377700371771,-29.70465536123272
32.12000000000218,33.889016342856145,-29.745745242074698,1178.8676749913702,178.86767499137022,1934.3795542145583,1934.1410121528293,36.49219191408156,-29.7336594744951,33.61372280935579,-29.5928384727073
32.13000000000218,33.59155992952604,-29.745537423946075,1178.8611025664945,178.86110256649454,1934.264640896866,1934.1011696673145,36.16140880625369,-29.689821978531786,33.18436083580288,-29.29528451486196
32.140000000002175,33.29410560250879,-29.745327979503788,1178.8545295268182,178.85452952681817,1934.4455767738698,1934.0122221550605,35.94231851262404,-29.709369800765067,33.97050586995716,-29.88530020086462
32.15000000000217,32.99665336348281,-29.74511982569431,1178.84795704077,178.8479570407701,1934.282643947402,1934.1381183782946,35.61631848535838,-29.79148879921876,32.68231823996738,-30.530559785301993
32.16000000000217,32.69920320814137,-29.744911242593037,1178.8413844194085,178.84138441940854,1934.3224666869667,1934.2936728025643,35.25052791905911,-29.827015136804924,31.958412822365684,-30.146752175080366
32.17000000000217,32.401755140734174,-29.744702238846347,1178.8348116661996,178.83481166619958,1934.3612693689481,1934.2076030030169,34.972410158275984,-29.828570858142307,32.46935031122787,-29.842572350178756
32.18000000000217,32.10430915888709,-29.744494130570576,1178.8282393083236,178.82823930832365,1934.244922906547,1934.1297917709894,34.61833328396634,-29.82859810665907,31.43164141517947,-29.828843343309945
32.190000000002165,31.806865264508154,-29.74428474521649,1178.8216664755525,178.82166647555255,1934.3846845088237,1934.1161012298476,34.36245333940289,-29.80433159001734,32.05953383833183,-29.585932940241815
32.20000000000216,31.50942346487008,-29.7440751823987,1178.8150936083466,178.81509360834661,1934.3948187004387,1934.0447324521206,33.98216683790667,-29.802153853669992,30.55958832444064,-29.782554226543848
32.21000000000216,31.211983759310048,-29.743865929607274,1178.8085209019703,178.80852090197027,1934.3474865367443,1934.0771730996619,33.63598149119843,-29.76927320034951,30.520313370824244,-29.47334732046519
32.22000000000216,30.914546142266637,-29.743657479074646,1178.8019485535833,178.80194855358332,1934.242130266139,1933.9886791547258,33.40304527712293,-29.79365244501176,31.306619350443388,-30.013065646971985
32.23000000000216,30.61711060682445,-29.743449609362752,1178.7953764744843,178.79537647448433,1934.1628787995116,1934.1047413686356,33.08614954997306,-29.802470172961808,30.23408800562425,-29.881829724512244
32.240000000002155,30.319677152863296,-29.743241182867813,1178.7888042090112,178.78880420901123,1934.2177287457955,1934.0673804310456,32.69686264052552,-29.786468228749193,29.193280455497625,-29.64245073083564
32.25000000000215,30.02224578344599,-29.743032700593854,1178.7822319578395,178.78223195783949,1934.2135198606145,1933.9990930445476,32.41575872750056,-29.753019423456625,29.885823510275923,-29.451980175823497
32.26000000000215,29.724816499677548,-29.742824053094637,1178.775659677132,178.7756596771319,1934.222212253779,1933.9368278728432,32.091744043820135,-29.770573574867925,29.17561189069627,-29.928560937569618
32.27000000000215,29.427389301047146,-29.74261567298542,1178.769087540167,178.769087540167,1934.1799087478082,1934.0369637672104,31.749982306640884,-29.797906501584503,28.67412667202759,-30.043902842033695
32.28000000000215,29.129964189326863,-29.74240667107125,1178.762515190791,178.76251519079096,1934.2424213809875,1934.059540919296,31.428881395106075,-29.762477308167785,28.538973191292754,-29.443614567417317
32.290000000002145,28.8325411609903,-29.742198996241992,1178.7559434095983,178.75594340959833,1934.0752050169485,1933.905654876332,31.13433427925693,-29.75672420643287,28.483410236614603,-29.704946290818608
32.30000000000214,28.535120214341454,-29.741990333527333,1178.7493712693679,178.74937126936788,1934.1808698305845,1933.951484223296,30.85537470257229,-29.793334777122702,28.34473851241055,-30.122829913331177
32.31000000000214,28.237701356311888,-29.74178127238533,1178.7427990061997,178.74279900619968,1934.217050425577,1934.043869986317,30.585192346787668,-29.770206326693057,28.153551144726066,-29.56205027282625
32.32000000000214,27.940284586125802,-29.741572764831492,1178.7362270014014,178.7362270014014,1934.1410121528293,1933.902180652531,30.260313601094314,-29.74306958678496,27.336404889854126,-29.498838927612077
32.33000000000214,27.64286989978263,-29.74136450380275,1178.7296551319835,178.72965513198346,1934.1011696673145,1933.8699490558465,29.95608318488926,-29.75738859626892,27.218009439043783,-29.8862596816246
32.340000000002135,27.345457292734135,-29.741156905896524,1178.7230835647997,178.7230835647997,1934.0122221550605,1933.9493736309157,29.72155475182425,-29.77566851194827,27.61079885423916,-29.94018775306237
32.35000000000213,27.04804676746244,-29.740948148442406,1178.7165115698342,178.7165115698342,1934.1381183782946,1933.9557894623083,29.456082696354862,-29.781637200461326,27.066834197130373,-29.835355397078835
32.36000000000213,26.750638336821194,-29.740737979807147,1178.7099390463113,178.70993904631132,1934.2936728025643,1933.923504720388,29.192006660736688,-29.84896945156161,26.815322340173104,-30.454959711464195
32.37000000000213,26.453232004672802,-29.740528449871665,1178.7033668152444,178.7033668152444,1934.2076030030169,1934.0692504830058,28.826645104369895,-29.81964634121121,25.53839109706876,-29.555738348057613
32.38000000000213,26.155827764980533,-29.740319488582305,1178.6967948485717,178.6967948485717,1934.1297917709894,1933.8506311906008,28.61142244071341,-29.839028257054267,26.674418467805058,-30.01346549964176
32.390000000002125,25.858425614777858,-29.740110551952608,1178.690222928418,178.69022292841805,1934.1161012298476,1933.9470856148996,28.323921340511298,-29.820294908957035,25.73641143869229,-29.651694776081918
32.40000000000212,25.56102555137147,-29.73990212932527,1178.6836512507678,178.68365125076775,1934.0447324521206,1933.8508419023215,28.08229264168025,-29.873085949143984,25.90763435220082,-30.348205310826526
32.41000000000212,25.263627574024913,-29.739693339986015,1178.6770794628876,178.6770794628876,1934.0771730996619,1934.00964008119,27.7561241225658,-29.869724069623683,24.820607450535725,-29.839467153940976
32.42000000000212,24.96623168127524,-29.73948520994894,1178.6705079757005,178.6705079757005,1933.9886791547258,1933.8850070056494,27.51229188829855,-29.781747269144564,25.317801779893266,-28.98995606483249
32.43000000000212,24.668837875206776,-29.739276003743463,1178.6639360941465,178.6639360941465,1934.1047413686356,1933.661142954249,27.216546200648885,-29.81970946646757,24.554835011801917,-30.161369242374658
32.440000000002115,24.371446160072946,-29.73906702302212,1178.657364339541,178.6573643395409,1934.0673804310456,1933.9213556003972,26.952149600451357,-29.772015348436803,24.572580198673595,-29.342768286159906
32.45000000000211,24.074056532306955,-29.738858530176294,1178.6507928169685,178.65079281696853,1933.9990930445476,1933.7155496682133,26.669740999685892,-29.79589912296538,24.128063592796707,-30.01085309372258
32.46000000000211,23.77666898728547,-29.738650474120515,1178.6442215059667,178.6442215059667,1933.9368278728432,1933.8600014740289,26.42833349551985,-29.770267889525943,24.255665958025478,-29.539586788570986
32.47000000000211,23.47928352752987,-29.738441476999263,1178.6376498547136,178.63764985471357,1934.0369637672104,1933.7375103175502,26.08212445651107,-29.755642479747248,22.966243105432056,-29.62401379173896
32.48000000000211,23.1819001591607,-29.73823219683451,1178.6310781267457,178.6310781267457,1934.059540919296,1933.7415631849524,25.84196530515898,-29.71844475017921,23.680532942990137,-29.383665184066842
32.490000000002105,22.884518877522478,-29.738024130809727,1178.6245069216664,178.62450692166635,1933.905654876332,1933.6671734812817,25.542898213629858,-29.73114507162764,22.85129438986775,-29.845447964663524
32.5000000000021,22.58713967894609,-29.737815584467224,1178.6179355608638,178.61793556086377,1933.951484223296,1933.7626743918104,25.308686051265546,-29.76811693800103,23.200776589986724,-30.10086373536149
32.5100000000021,22.2897625702098,-29.73760616279093,1178.611363886144,178.6113638861441,1934.043869986317,1933.8190578103467,25.028722667706024,-29.806166659300953,22.5090522156703,-30.148614151000256
32.5200000000021,21.99238755013689,-29.737397851791144,1178.6047926928698,178.60479269286975,1933.902180652531,1933.829592267804,24.77835796956209,-29.807031144018307,22.525075686266693,-29.81481150647449
32.5300000000021,21.695014612264032,-29.737189722780933,1178.598221609115,178.59822160911494,1933.8699490558465,1933.745008703893,24.533452795614657,-29.785304619203906,22.329306230087766,-29.589765895874276
32.540000000002095,21.397643759508128,-29.736980828399687,1178.591650255484,178.59165025548396,1933.9493736309157,1933.6783182667396,24.15871088050091,-29.73773340816117,20.786033644477165,-29.309592508776515
32.55000000000209,21.100274996425668,-29.736771788092614,1178.5850788800526,178.5850788800526,1933.9557894623083,1933.5921976958791,23.930429555414772,-29.71116865137634,21.87589762963953,-29.47208584031285
32.56000000000209,20.802908322834092,-29.73656293022248,1178.5785076143213,178.57850761432132,1933.923504720388,1933.6102825978037,23.57959803890489,-29.722888497891674,20.422114390315983,-29.8283671165297
32.57000000000209,20.505543744461782,-29.73635274424006,1178.5719358533615,178.57193585336154,1934.0692504830058,1933.6820662771772,23.27946397033087,-29.745346234506457,20.578257353164663,-29.94746586403949
32.58000000000209,20.20818125913206,-29.73614432170461,1178.5653648352468,178.56536483524678,1933.8506311906008,1933.7041246729286,23.056953027834147,-29.740096249074494,21.054354545363665,-29.6928463801868
32.590000000002085,19.91082086257714,-29.73593498927963,1178.5587934893902,178.55879348939015,1933.9470856148996,1933.6354391867733,22.60717240895308,-29.72949944871232,18.559146839023462,-29.634128245452764
32.60000000000208,19.61346255572083,-29.735726381982435,1178.5522224705594,178.5522224705594,1933.8508419023215,1933.608801576444,22.29039355378899,-29.732369938722886,19.439383857312173,-29.75820434881797
32.61000000000208,19.316106342131928,-29.735516335798593,1178.5456509121493,178.5456509121493,1934.00964008119,1933.6265263516889,21.974533864334003,-29.708473185932256,19.13179665923908,-29.493402410816586
32.62000000000208,19.018752224174793,-29.735307255628395,1178.539079777229,178.53907977722906,1933.8850070056494,1933.550397565067,21.734940089245754,-29.70266499803411,19.578596113451486,-29.650391306950798
32.63000000000208,18.721400187979295,-29.735099983471414,1178.5325094029752,178.53250940297517,1933.661142954249,1933.573025362332,21.4166205397622,-29.707148612722115,18.551744594410216,-29.747501144914164
32.640000000002075,18.42405023600241,-29.73489041190533,1178.5259381445464,178.52593814454644,1933.9213556003972,1933.585206768557,21.118343490215103,-29.733995693836384,18.433850044291226,-29.97561942386478
32.65000000000207,18.126702371467175,-29.734682495141847,1178.5193675854243,178.51936758542433,1933.7155496682133,1933.632711803312,20.848125810768874,-29.720263104251117,18.416166695752793,-29.596669797983708
32.66000000000207,17.829356592685496,-29.734473261194033,1178.5127965354702,178.51279653547022,1933.8600014740289,1933.5340418613425,20.623270950949372,-29.684023626536757,18.599577212573834,-29.35786832710749
32.67000000000207,17.532012901503908,-29.734264975123637,1178.5062259017282,178.50622590172816,1933.7375103175502,1933.4602632453016,20.27986140012532,-29.664438810160178,17.189175442708844,-29.488175462770947
32.68000000000207,17.234671293812386,-29.73405656318075,1178.4996552542148,178.49965525421476,1933.7415631849524,1933.4731357331266,19.927794720339307,-29.65052262243401,16.75919460226515,-29.525276932898496
32.690000000002065,16.937331767541597,-29.73384869097765,1178.4930848594697,178.49308485946972,1933.6671734812817,1933.4668704475926,19.60291771512153,-29.689552825989644,16.679024668161542,-30.040824657990324
32.70000000000206,16.639994324502048,-29.733639916931914,1178.4865141402227,178.48651414022265,1933.7626743918104,1933.5816342924472,19.320627643194452,-29.774198548928496,16.78001699585075,-30.536010055378156
32.71000000000206,16.342658972052597,-29.733430572958884,1178.4799432293908,178.47994322939076,1933.8190578103467,1933.704543627503,18.935281997360008,-29.775446507844766,15.467171184849983,-29.78667813809117
32.72000000000206,16.045325713947296,-29.73322104810122,1178.4733722827639,178.47337228276388,1933.829592267804,1933.5277272033682,18.65040845735048,-29.782303524975156,16.086546597264718,-29.844016679148677
32.73000000000206,15.747994547959362,-29.733012149485564,1178.466801623543,178.466801623543,1933.745008703893,1933.5317288948258,18.281195251475488,-29.80191114269035,14.958276398600562,-29.978379702127114
32.740000000002055,15.45066546858549,-29.73280372528895,1178.460231190929,178.4602311909291,1933.6783182667396,1933.5563894369154,18.01770273954836,-29.77754694783136,15.646270132204187,-29.55826919410044
32.75000000000205,15.15333847025706,-29.73259594039712,1178.4536610509438,178.45366105094377,1933.5921976958791,1933.4456196135031,17.73045515673943,-29.738346833656827,15.145226911459089,-29.38554580608602
32.76000000000205,14.856013551002249,-29.73238791056527,1178.4470908495077,178.44709084950773,1933.6102825978037,1933.3857040910084,17.462880847338674,-29.76017461096642,15.054712062731866,-29.956624606752733
32.77000000000205,14.558690715548844,-29.732179180115747,1178.4405204041584,178.4405204041584,1933.6820662771772,1933.5080300363052,17.15843673148911,-29.79946105259759,14.418439688843035,-30.153039027278105
32.78000000000205,14.261369968793286,-29.731970170995712,1178.4339498838572,178.43394988385717,1933.7041246729286,1933.551946464298,16.86332310569996,-29.75934894586076,14.207300473597577,-29.39833998522931
32.790000000002046,13.964051309672112,-29.731761653238927,1178.4273795969418,178.42737959694182,1933.6354391867733,1933.3624490713055,16.60766043033272,-29.714529936821005,14.306696352027595,-29.31115885546319
32.80000000000204,13.666734735055714,-29.731553270040653,1178.4208094005382,178.42080940053825,1933.608801576444,1933.319981897377,16.29842359861507,-29.675849276307545,13.515292113156217,-29.327723331686375
32.81000000000204,13.369420245480775,-29.73134464494742,1178.4142391439077,178.4142391439077,1933.6265263516889,1933.302274545999,15.995858051979244,-29.637251260694438,13.27276813225679,-29.28986912017645
32.82000000000204,13.072107839384062,-29.73113657439517,1178.4076691459547,178.40766914595474,1933.550397565067,1933.2724970122515,15.70239019334762,-29.62542285085038,13.061179465663,-29.518967162253887
32.83000000000204,12.774797515410373,-29.730928220342587,1178.401099071115,178.4010990711149,1933.573025362332,1933.309478622184,15.483386543769388,-29.641776216657036,13.5123536975653,-29.78895650891695
32.840000000002036,12.47748927595149,-29.7307196714343,1178.394528954884,178.39452895488398,1933.585206768557,1933.3633753351482,15.193716266364808,-29.612004659378577,12.586683769723576,-29.34406064387241
32.850000000002034,12.180183124454784,-29.730510627906934,1178.387958677236,178.38795867723593,1933.632711803312,1933.2455961220444,14.885712793977302,-29.6634820247066,12.113681542489752,-30.126778312658782
32.86000000000203,11.882879059664157,-29.730302330218354,1178.3813887348579,178.38138873485786,1933.5340418613425,1933.4231888001316,14.692579773275233,-29.68425698918789,12.954382586956612,-29.871231669519496
32.87000000000203,11.585577075177325,-29.73009456714836,1178.3748190431718,178.37481904317178,1933.4602632453016,1933.3615281740265,14.38981730601232,-29.654160546900403,11.664955100646097,-29.38329256631302
32.88000000000203,11.288277169324772,-29.729886603362242,1178.3682493077463,178.36824930774628,1933.4731357331266,1933.2340942388137,14.049238597157006,-29.691969189943254,10.984030217459171,-30.03224697732888
32.890000000002026,10.990979343301628,-29.729678601266265,1178.3616795936096,178.36167959360955,1933.4668704475926,1933.3781657596064,13.756099536610211,-29.74953242301293,11.117847991689045,-30.26760152063998
32.900000000002024,10.693683602626479,-29.72946953376367,1178.3551094895174,178.35510948951742,1933.5816342924472,1933.4358136192934,13.435462639368442,-29.740174974158542,10.549730564192519,-29.655957934469047
32.91000000000202,10.396389958299103,-29.729259331711205,1178.3485389677926,178.3485389677926,1933.704543627503,1933.2866499623888,13.118057776420251,-29.78538693820938,10.261414009886522,-30.192294614666928
32.92000000000202,10.099098408947052,-29.729050538699106,1178.341969046871,178.3419690468711,1933.5277272033682,1933.4077505250305,12.895870737483131,-29.77664715363988,10.896187387049057,-29.69798909251435
32.93000000000202,9.801808948152365,-29.728841620238374,1178.3353991123522,178.3353991123522,1933.5317288948258,1933.2848338636122,12.65802216443814,-29.779667687805144,10.517385007033235,-29.806852495292507
32.940000000002016,9.504521578046147,-29.728632401005093,1178.3288290940395,178.32882909403952,1933.5563894369154,1933.2992214742437,12.298671506714404,-29.766488731517484,9.064515587200765,-29.647878124928546
32.950000000002014,9.207236295889434,-29.728424030337457,1178.3222594521108,178.32225945211076,1933.4456196135031,1933.2495895855277,11.978738629315497,-29.79801510513922,9.099342732725324,-30.081752467734866
32.96000000000201,8.909953095354407,-29.72821607666789,1178.3156900137685,178.31569001376852,1933.3857040910084,1933.3441206122327,11.745349288858764,-29.809703308978907,9.644845224748154,-29.91489714353609
32.97000000000201,8.612671980004182,-29.728006993377033,1178.3091201597758,178.30912015977583,1933.5080300363052,1933.2996458844739,11.340068238733528,-29.7616886958,7.692538787606397,-29.329557177189834
32.98000000000201,8.315392957807859,-29.72779744588747,1178.3025501565598,178.30255015655985,1933.551946464298,1933.1455897803792,11.012385809850329,-29.776534287587218,8.063243949901548,-29.91014461367216
32.990000000002006,8.018116023502797,-29.727589415124793,1178.2959807972359,178.29598079723587,1933.3624490713055,1933.2680895809951,10.624689451864077,-29.719411555743065,7.13542222998781,-29.205306969145695
33.000000000002004,7.720841168160702,-29.72738165329411,1178.2894115822107,178.28941158221073,1933.319981897377,1933.0849492057055,10.269830594133255,-29.718455081077,7.076100874555858,-29.709846809082414
33.010000000002,7.423568390142897,-29.727173950266803,1178.2828424273532,178.28284242735322,1933.302274545999,1933.1861613543879,10.030835389861242,-29.70667546000589,7.8798785514131175,-29.600658870365873
33.020000000002,7.126297688349148,-29.726966408483122,1178.2762733736768,178.27627337367676,1933.2724970122515,1933.147983220173,9.737398904110423,-29.759754530602237,7.0964705323530515,-30.237466165969348
33.030000000002,6.829029063999916,-29.726758461363158,1178.2697041943406,178.26970419434065,1933.309478622184,1933.2935982718502,9.406075678311007,-29.750820913537055,6.424166646116274,-29.6704183599504
33.040000000001996,6.531762521866391,-29.726549965341807,1178.2631348318691,178.26313483186914,1933.3633753351482,1933.1544640174702,9.079285659167194,-29.742293034917566,6.138175486872893,-29.665542127342178
33.050000000001994,6.234498060152502,-29.72634237743575,1178.256565869599,178.25656586959894,1933.2455961220444,1933.140369187848,8.828894069706482,-29.71182288259538,6.575369764560072,-29.437591511695718
33.06000000000199,5.937235682311297,-29.726133190805218,1178.2499963038877,178.24999630388766,1933.4231888001316,1933.0706078454039,8.47841926307633,-29.647354531766997,5.324146003404955,-29.06713937431153
33.07000000000199,5.639975394177242,-29.725924436005823,1178.2434269476928,178.2434269476928,1933.3615281740265,1932.9597345765249,8.232948843414126,-29.65526294680095,6.023715066454307,-29.72643868210654
33.08000000000199,5.342717188640827,-29.725716671277212,1178.2368580245047,178.23685802450473,1933.2340942388137,1933.097799958731,7.998402507090629,-29.591346086088574,5.887485480179147,-29.01609433967722
33.090000000001986,5.045461067322942,-29.725507592299653,1178.230288611777,178.23028861177704,1933.3781657596064,1932.9115493213174,7.631172358061017,-29.611520115984423,4.3261010167945075,-29.793086385047058
33.100000000001984,4.7482070396986655,-29.725297932555655,1178.223719003168,178.22371900316807,1933.4358136192934,1933.0791756688627,7.223954243231116,-29.617118351662103,3.5589912097620013,-29.66750247276125
33.11000000000198,4.450955102799296,-29.72508944731825,1178.2171499014014,178.2171499014014,1933.2866499623888,1933.042180432319,6.964924041284191,-29.629090324691003,4.6336522237618665,-29.736838081951078
33.12000000000198,4.153705256348869,-29.724879842767113,1178.2105803881477,178.21058038814772,1933.4077505250305,1933.0502719486738,6.651075484240744,-29.700154711984265,3.826438470849714,-30.33973419762361
33.13000000000198,3.8564575011851967,-29.724671189967317,1178.2040112925517,178.20401129255174,1933.2848338636122,1933.193346359378,6.390290370105778,-29.65894332526511,4.043224342891081,-29.288040844792718
33.140000000001976,3.5592118336175296,-29.724462323566044,1178.1974421480684,178.19744214806838,1933.2992214742437,1932.9375471831281,6.077631593670282,-29.65229342722451,3.2637026057508134,-29.5924443448591
33.150000000001974,3.2619682530650573,-29.724253786928408,1178.1908731722287,178.19087317222875,1933.2495895855277,1932.9927031974019,5.717658043938757,-29.645773071284125,2.477896096355032,-29.587089867820655
33.16000000000197,2.964726762348091,-29.724044356464848,1178.1843038751829,178.18430387518288,1933.3441206122327,1932.979060362772,5.422695800892458,-29.676472738320285,2.7680356134757624,-29.95276974164572
33.17000000000197,2.667487364505811,-29.723835211991222,1178.1777347292573,178.17773472925728,1933.2996458844739,1933.0582079810288,5.109156775192987,-29.69301733314837,2.2873055438977454,-29.841918686601126
33.18000000000197,2.3702500520278305,-29.723627283604895,1178.171166106798,178.17116610679795,1933.1455897803792,1933.027528117627,4.854387768661098,-29.735443224229886,2.561466709874098,-30.11727624396355
33.190000000001966,2.073014824489833,-29.72341822399457,1178.1645970680975,178.16459706809746,1933.2680895809951,1933.089862487291,4.5563947076655795,-29.73548487754633,1.8744571587059067,-29.735859757394316
33.200000000001964,1.7757816802331203,-29.72321062734792,1178.1580286516883,178.15802865168826,1933.0849492057055,1932.994472995724,4.22338144369574,-29.680357496476237,1.2262620679671907,-29.184211066845418
33.21000000000196,1.4785506166956044,-29.72300208015526,1178.1514598913711,178.15145989137113,1933.1861613543879,1932.845930401833,3.90622358699266,-29.704705062253147,1.0518028766649337,-29.923833154245308
33.22000000000196,1.181321637467187,-29.722793765528223,1178.144891260779,178.1448912607791,1933.147983220173,1933.0064126867019,3.584817994548988,-29.65255952996651,0.6921676625559381,-29.18324973938679
33.23000000000196,0.8840947480222996,-29.722584123449284,1178.1383221354026,178.13832213540263,1933.2935982718502,1932.8167125428724,3.342390931326294,-29.6876597495021,1.1605473623220404,-30.003561725322378
33.240000000001956,0.5868699495508549,-29.72237557083966,1178.1317534827897,178.1317534827897,1933.1544640174702,1932.9981121731746,3.1221504110917486,-29.68511037080719,1.1399857289808393,-29.662165962552997
33.250000000001954,0.28964723646474877,-29.722167046381568,1178.1251848780694,178.12518487806938,1933.140369187848,1932.9108970701334,2.8517627646846235,-29.6991503546272,0.4182739470204996,-29.825510209007305
33.26000000000195,-0.007573393880043185,-29.72195902257682,1178.1186165103907,178.11861651039067,1933.0706078454039,1932.9404546474261,2.528358349480308,-29.691298238450525,-0.38228138735852984,-29.620629192860438
